,Mkt-RF,SMB,HML,RF,Mom,SMALL LoBM,ME1 BM2,SMALL HiBM,BIG LoBM,ME2 BM2,BIG HiBM
1927Q1,0.05173934726000029,-0.004993472464000059,0.040044272372000034,0.00842345170000014,0.005700000000000038,0.050880962272051855,0.05161136329502014,0.0962982825562626,0.05927598044536819,0.05668430921394463,0.09897679813182236
1927Q2,0.048061224386000134,-0.013178738321000139,0.009270532159999956,0.008121819499999683,0.0641296992,0.0025819748459614544,0.06220334275754347,0.06719203574938049,0.09643016237494195,0.0305454875712996,0.04678191525658848
1927Q3,0.10413755053999996,-0.012697154934999677,0.018335689279999956,0.008624623399999587,0.07706461238000006,0.08068353498302194,0.10183553240782528,0.1318875230513339,0.14072426831336582,0.08926752376631408,0.12458852973288703
1927Q4,0.022708468033000084,-0.024004282840000113,-0.08671461941499992,0.007418144699999907,0.022546470500000027,0.04527697845383538,-0.022811558182321612,-0.05053651628590994,0.055538214444859735,0.010206758290671969,-0.030017682879602048
1928Q1,0.08126414272399973,0.08146308248000023,-0.019005903616000075,0.006815381549999833,0.024098954731999855,0.20201651867594062,0.1380352576056385,0.1725336486538629,0.09163949663087778,0.0830483539764284,0.07784301564217744
1928Q2,0.11496885582499994,0.016071360792,0.014504598800000101,0.008423231054000002,-0.024797030350000027,0.06870774384961531,0.18208801728683066,0.15394471931023723,0.14880812912460972,0.11084440031222798,0.09477162554125385
1928Q3,-0.028462432240000002,-0.02505723328000009,-0.03253666640000008,0.009530111744000314,0.07266798735199997,-0.034917718516046525,-0.07067448473885396,-0.05295880820118437,0.0018776741462318558,-0.04051142605272018,-0.040377056839652536
1928Q4,0.11189754239299998,0.025580072959999978,-0.034199031111999956,0.010032865423999837,0.12683301632,0.1989656601706331,0.13149298275897503,0.1202046410776838,0.13496289165787845,0.08964613449972814,0.13845994565304642
1929Q1,0.17498935248000014,-0.059915160209999985,0.00870402116000002,0.00781724775199999,0.05900455413200012,0.09680810334966261,0.12459173649388666,0.13519806959346492,0.1958119611514917,0.18891678498251863,0.1724582659494438
1929Q2,0.002654394829999962,-0.06285290473599991,0.04216343376599996,0.010637484064000224,0.04665905481999988,-0.061337094855458796,0.00444740942644728,-0.032639431052403856,0.003253977620199411,0.04216504470135396,0.05854882741969325
1929Q3,0.07302151071999985,-0.110447432992,-0.016609819984000018,0.012954635504,0.08918225635999999,-0.04091241181216265,-0.013013385763700702,-0.03684470340657664,0.0975867207205734,0.11324109720218511,0.058568297038226635
1929Q4,-0.1827447645900001,-0.1306788782499999,0.07031843388800008,0.012148564399999895,0.10113001855999992,-0.26851559506720457,-0.23612700922929497,-0.24428357248257082,-0.2202467337019791,-0.08684956021254608,-0.10233815311353811
1930Q1,-0.06804176689600006,-0.016264628080000065,0.03822429821000006,0.008824069166000204,-0.023897199054000007,-0.11936819441024438,-0.04114072545657488,-0.04564351648391174,-0.04962314025217085,-0.06946561734052936,-0.038277146340427004
1930Q2,0.07517021374999988,0.033166137780000104,0.0020869089199997415,0.008624172049999768,0.008721419614999837,0.02744278148246182,0.11113056242388253,0.11714170914463695,0.07878233946438673,0.08514632180708803,-0.004930353576303226
1930Q3,-0.14072962566399994,-0.05869450553000011,-0.0008567807999998456,0.007317634039999854,0.027878538176000056,-0.15790773176650863,-0.15743425057352134,-0.19438737660156769,-0.13211926770726323,-0.12129859920186914,-0.08494459463984616
1930Q4,-0.20226677846000007,-0.04708908111999999,-0.06678384337900001,0.004004771781999761,0.23175998019099997,-0.25743364398343116,-0.2260373790660538,-0.29554078364940484,-0.19937929143560407,-0.18016682104955017,-0.27861458487502844
1931Q1,-0.05077372000000002,0.010644445946000003,-0.018081475863999996,0.004205872730000282,-0.013252103040000018,-0.013980707306897822,-0.036152187652247925,-0.06952016163416497,-0.03954261964728256,-0.05228587129958484,-0.04097869374154772
1931Q2,-0.06544791999999999,0.01888498802999994,-0.05881920472000002,0.0025018804159999686,0.05250226640000011,-0.05730790212019321,-0.06854110404928004,-0.11171791140452103,-0.02394671821696437,-0.14464955270372715,-0.1002051118333247
1931Q3,-0.07760988008900005,0.01437710322199992,0.02349391940000012,0.0023017404319998214,-0.024340163199999987,-0.08924937462113947,-0.10383852373617886,-0.013042590546772703,-0.05010706207452775,-0.12839331358485495,-0.12112231400419082
1931Q4,-0.22738511303999986,-0.033501634047999995,-0.05972007904000021,0.0016006900899996346,0.09024792514400004,-0.2586519515451172,-0.24926299367334925,-0.32651343313453474,-0.20421972259371524,-0.2716748471203837,-0.27461058287023643
1932Q1,-0.226579109296,0.08055704852000001,-0.05517194998600017,0.005208714692000127,0.09799557938000003,-0.18468996623699907,-0.19586086808843606,-0.22263205214318205,-0.19867717337856095,-0.31226602254640545,-0.27748020153729014
1932Q2,-0.23245876509999996,0.004925057941000288,-0.016429595620000126,0.005007974048000241,0.20200749174799992,-0.30042314282105265,-0.2553359836404774,-0.23982639182331578,-0.2135460454850604,-0.3096608637871008,-0.29527327578455165
1932Q3,0.05388798264700001,0.001383485639999904,0.3759524486400001,0.0010002800239998777,-0.377633632832,0.11466466641539208,0.08624566791764954,0.3657316801890773,0.016559907633167503,0.0939792675206399,0.35857811417770513
1932Q4,0.15587511632000006,0.08145176201000015,0.11294259538000007,0.0008002100179997917,-0.492009283172,0.21134527360133482,0.19195253409393076,0.21793494084309484,0.16043713957318628,0.16313329463233006,0.1846445324067134
1933Q1,-0.0050122271040000665,-0.05940229796999985,-0.14550385620400008,0.0004000500020000519,0.011067508735999931,-0.027644958882589332,-0.1063049953928974,-0.16312994257188662,0.03877086248062689,-0.05296247387768549,-0.12224639891919786
1933Q2,0.21184081100599994,0.03921754664000021,0.24859529372,0.0010999798799999905,-0.09894005839999986,0.24221925313338466,0.3379294764903533,0.43326834787222057,0.14704529596079308,0.396280893734569,0.38852722616127533
1933Q3,0.24098011387999985,0.4615470227599998,0.20565537207999984,0.0008002000159998968,-0.01936001497999995,0.8173727274835341,0.7347805265955805,0.8961435060920546,0.18816243738530813,0.26940684114683444,0.5712694892753614
1933Q4,-0.08261267064,-0.057760749496000074,-0.16741598540500002,0.0006001100060000208,0.06856496192599981,-0.06586960590927116,-0.16590558238534603,-0.2628936937952837,-0.059138178799381214,-0.09309853558532777,-0.21184859704920767
1934Q1,0.2607985720399999,0.06380117682800002,0.16472868973999977,0.0009002400199997762,0.0699542815280001,0.333016056742683,0.4086061339134741,0.4786574043859442,0.23190690171152273,0.3370518657077679,0.4459482580955265
1934Q2,-0.04168900563900013,0.10561852692500007,-0.045783699358000085,0.0005000800039998143,-0.05362675995700017,0.07503981790613423,0.014506876288522319,0.030495904405117624,-0.04145825295297634,-0.0538549325279043,-0.08827461510150003
1934Q3,-0.1516745198760001,-0.09426435169600011,-0.18418442940000002,0.00030003000099987354,0.053607025280000054,-0.21258871591264872,-0.2976970730693693,-0.3524985864107737,-0.11945978008890479,-0.17359247380998966,-0.31663217205357197
1934Q4,0.035781863072000375,0.05245541025000011,-0.059899541499999986,0.00030003000099987354,0.09550358323199992,0.08875007827098935,0.07760313001001795,0.033920554327060426,0.05360811359116813,0.014937706631773073,-0.0212715909647494
1935Q1,0.049582764152000136,0.11153406208000005,-0.06909762944800002,0.00030003000099987354,0.11833375210999986,0.1637599680969819,0.1409132379640028,0.11067028972915716,0.07741239693979884,0.024894854398294974,-0.016185030433777836
1935Q2,0.02955602069599994,-0.04651664579199988,-0.08294001137199991,0.0004000500020000519,0.11606998655000011,-0.033612602747348896,-0.03524720604478959,-0.08178456549394442,0.03915788875375892,0.044994849214199384,-0.09496854228076268
1935Q3,0.17858654421199982,-0.03743150608000001,0.07531503608000012,0.00030003000099987354,-0.05747295226600002,0.13022843429001862,0.22781439061105258,0.16367300053348477,0.17585949155882097,0.17149030479965655,0.3092071792007407
1935Q4,0.12744791929,0.10527494238500013,-0.004636708516000176,0.00030003000099987354,0.03157073766799989,0.2094715901549562,0.2644696914050466,0.2307370773512596,0.14161591890127,0.11095202305239527,0.11430479105094182
1936Q1,0.17195890206500009,0.10609859359999985,0.2551913296999997,0.0004000500020000519,-0.06434625888,0.251497318481803,0.3099255683346678,0.5066745147121463,0.09595546562259272,0.2240467268322235,0.39733119795640914
1936Q2,-0.04948871785599995,-0.045461981804000184,0.0033025071159997754,0.0005000800040000364,-0.03790996031299998,-0.11935533191425074,-0.06284803325616817,-0.09977643683779303,-0.02889124518361219,-0.05736401572103422,-0.049672318267330984
1936Q3,0.1490989260800002,-0.013138956406000157,0.03893295271499997,0.0006001100060000208,0.05640542599999998,0.13720381539128734,0.13165159785878644,0.17556186775045046,0.15323622924842395,0.14049350426084217,0.19817436211967188
1936Q4,0.0920944481299999,0.013109297480000004,0.07395243212600011,0.0005000800040000364,0.027121855280000107,0.06701242989974476,0.14563485653407482,0.1594752828792816,0.07577632384821209,0.10818960835876568,0.13835866553060794
1937Q1,0.0693264842000001,0.17976200380999985,0.05697153350000028,0.0002000099999999172,0.021396043051999936,0.21399586568790263,0.2127112107575444,0.3283121129203834,0.05139873389979677,0.07008592338102093,0.06898128001357073
1937Q2,-0.06602953331200012,-0.04315010399999997,0.07759214604800002,0.0006001100060000208,0.024231745628000123,-0.09973699986999218,-0.10217093840237856,-0.060925377019233395,-0.08637726479041263,-0.05584672736681884,0.012422893324153028
1937Q3,0.03437391211899987,-0.03733263584800006,-0.057144715887999964,0.0012004500539999352,0.008983509930000189,0.020113873126598403,-0.004120144060649644,-0.05044023811176157,0.04919402561784558,0.042783117943715254,-0.0036032037591620103
1937Q4,-0.257149345104,-0.061611167500000064,-0.08115821099999998,0.0008002000159998968,-0.098786013236,-0.32716201290507096,-0.32645926509816203,-0.34450298281050873,-0.24621544351045888,-0.22767714672453754,-0.3619808800258104
1938Q1,-0.11841503686400012,-0.06900033523199989,-0.017771931798000073,0.00019999999999997797,0.01675974509000011,-0.20437788866555529,-0.16734138410613397,-0.19905236245890257,-0.11443300771112963,-0.10702401719778099,-0.14948055700560847
1938Q2,-0.07796359827999988,0.022422816800000023,-0.051033672005000086,-1.0000000050247593e-08,0.014114009720000098,-0.07628034918638227,-0.09595858937905222,-0.11880045639693804,-0.0749913388388519,-0.0660195072860521,-0.14726082310139732
1938Q3,0.2783845111180001,0.08445867745399993,0.024120557535999954,-9.999999999998899e-05,-0.2506725080979999,0.37707764252536813,0.38057399745743004,0.3930188114560711,0.2949218780394509,0.2509033099989251,0.3355715368765051
1938Q4,0.05781720968000004,0.004205295583999957,-0.016812364959999937,0.00030002000000006745,-0.01958215526500018,0.06949357500553033,0.06172995475432508,0.02968682821493185,0.07938331767625484,0.013499612945939043,0.07216262310394206
1939Q1,-0.03762536675199979,-0.057874117869999964,-0.045603539839999985,-0.0006999400000000655,0.02597826262400016,-0.07575662194223465,-0.08044348240866295,-0.14155828399587878,-0.032923346591837044,-0.039893197768156474,-0.05898145772124974
1939Q2,-0.09106156944599997,-0.02568596882500007,-0.05874709548000012,-1.0000000050247593e-08,0.039244540376,-0.15050928306659273,-0.14282369705439746,-0.16386367279233116,-0.06876169973283064,-0.11113591647192844,-0.18648880090795916
1939Q3,0.11451187159400011,0.059296822640000135,-0.04711101260799988,0.0002000099999999172,0.050680682824999934,0.20005260277809356,0.17163333383604518,0.11487015629683905,0.1375442393610884,0.06978297985372994,0.10420619589075808
1939Q4,0.08503614735600018,0.14943808330399988,0.13064281908800002,-1.0000000050247593e-08,-0.2260678950999998,0.21925725820973496,0.2190126213668271,0.28603555200591013,0.06434115485256009,0.0907378694116987,0.20046546324231307
1940Q1,-0.03217015625499986,-0.04026872339199994,-0.10917289569,0.0,0.0683601619880001,-0.06645642310588196,-0.08682131707802498,-0.15910156920244756,-0.013534682656545338,-0.04147504877940644,-0.13413898211059105
1940Q2,0.03747262944000007,0.07932518795200005,-0.018418520584000064,0.0,0.04508534897000005,0.1434814648767786,0.10830603136386396,0.09812945176243426,0.035204225175205606,0.029429842366659464,0.04051051919827908
1940Q3,-0.14143783059999993,-0.07883401518400002,0.002211255199999984,-0.00010001999999997846,0.011741072794000162,-0.2132169591212747,-0.20340050320712688,-0.24623768813259073,-0.1547680369704213,-0.11753229562117373,-0.1404730729229663
1940Q4,0.07823799415700017,0.03354186992000008,0.04026003445000015,-9.999999999998899e-05,-0.07511846208000006,0.12069420517926721,0.13907855261711655,0.13921634934097216,0.06391672930118286,0.09584337009607213,0.13065437047198203
1941Q1,-0.05110781106999995,0.007962406352000073,0.03070562460799997,-9.999999999998899e-05,0.0028093354400002823,-0.04297499357246759,-0.03487289292633766,-0.02417760381273526,-0.06348167847326514,-0.042272962977491724,-0.020636854486690615
1941Q2,-0.06029142144799993,-0.031168315532000168,0.07512424644499993,-0.00010000999900006136,0.0669352648399999,-0.10311422518416191,-0.060098024918570525,-0.04478837650793566,-0.07486252200259524,-0.04851794716503188,0.008832729201519562
1941Q3,0.13577199427699993,0.06439592758400003,0.08552318400399983,0.00029999999999996696,0.0014359870239999406,0.16992479552073947,0.17947867075164425,0.30521954623492964,0.11167613075001226,0.17250622014319772,0.1615756576783478
1941Q4,-0.062533526896,-0.034466862298,0.002406874110000068,0.0002000099999999172,0.03417907761999994,-0.09835154682270641,-0.1000161311611395,-0.0826000400916449,-0.05460666213122156,-0.062439714086504394,-0.06454562325867241
1942Q1,-0.059980452359999825,0.032496591559999954,0.029386996399999976,0.00030002000000006745,0.008232241520000017,-0.0017215186936205829,-0.025165058817128827,-0.028405667278808555,-0.08543654003538148,-0.03700608089100321,-0.014466392325998667
1942Q2,-0.12878813132,0.03186510832800016,0.0030037761349999137,0.00030003000099987354,-0.018000095376000003,-0.1018824169373228,-0.07738035559019307,-0.10766801555906336,-0.122323195476289,-0.1420512240303825,-0.10983559904076023
1942Q3,0.12618598452799978,-0.04582381440000005,0.001042583078999959,0.0008002100180000138,-0.053329844368000034,0.06373880225612139,0.06983731484791877,0.09161666190802209,0.13714735367930864,0.12310623176864155,0.11220978942340798
1942Q4,0.11591820312000012,0.022897147411999885,0.10464527618899999,0.0009002700269997721,-0.05142673328199998,0.13158540508601813,0.1354877878966887,0.24394113617671365,0.09946735090207093,0.12884417827933392,0.20897432191188337
1943Q1,0.12782909426599987,0.044912166170000045,0.04221956290499995,0.0009002700269997721,0.017697460780000007,0.1335569217990875,0.15713534211698654,0.21923756640146852,0.11712465621416435,0.1471333169662561,0.11105983099670946
1943Q2,0.13473195728800014,0.12521854302799995,0.1895270975279999,0.0009002700269997721,0.09049629550399985,0.21871656988289212,0.254588593545791,0.46149878997782623,0.09055797642090924,0.16113428646635586,0.2668650687278431
1943Q3,0.02527801730000001,0.010469136547999858,0.0021952957999999967,0.0008002100180000138,-0.0021092561200001247,0.029806712472658425,0.02762280842816134,0.03638465604992103,0.021932744363871937,0.03829241325871968,0.012736599091002887
1943Q4,0.02538291199999998,0.01255590080000002,0.02639173876799994,0.0009002700269997721,0.019373155670000086,0.02586771888242545,0.02767293263238435,0.07025048240941589,0.022431549511889637,0.03083771286404735,0.03213251441323006
1944Q1,0.018033423066000198,0.04129992712999986,0.010566792409999692,0.0009002700269997721,0.01963515614999989,0.04623638368553862,0.06581852480840289,0.052376345415177994,0.014662451558525635,0.015041011475307897,0.020251258661846183
1944Q2,0.011011211761999817,0.002381302919999939,0.031236531650000066,0.0008002100180000138,0.034839642574000296,0.01339673381031048,0.016861652963197082,0.0397540261595668,0.008317955522802567,0.01435215935549028,0.04264484557128889
1944Q3,0.09217946370799979,0.06473030478399999,0.025071212385999964,0.0009002700269997721,-0.035900948320000015,0.16028698879171976,0.16503376473411002,0.16823875466437865,0.07974324821197376,0.08848736580581162,0.12313189461136242
1944Q4,0.017428404991999935,0.02696797798399997,-0.029732782080000075,0.0008002100180000138,0.020131883699999964,0.06430684070221959,0.04879787615165543,0.011581274209570447,0.016360687862602363,0.018455193923925917,0.008091094663084553
1945Q1,0.07946047588400007,0.05101206222499988,0.09126756000799996,0.0008002100180000138,0.04746430504799992,0.12826637977651667,0.15583873710655172,0.19376510687899762,0.04485877958979878,0.1013071855891392,0.17069298019253587
1945Q2,0.10038366746000005,0.004127869183999877,0.05987231963899986,0.0007001600119997953,0.04743255895999998,0.09721793817194069,0.1115119161089575,0.141957738691755,0.08665726035249754,0.09655802621388787,0.16100408616987694
1945Q3,-0.0007958225620000592,0.03199630391000019,0.01768268658600003,0.0008002100180000138,0.015010715720000123,0.026999743300610834,0.01055898029786806,0.05138240978653674,-0.006570869074169261,-0.0008093730432254809,0.0027081215208011322
1945Q4,0.15615746396600017,0.05807321024000012,-0.019049891360000015,0.0009002700269997721,0.002222787230000023,0.21942461332361107,0.22819727453727134,0.19733133544506898,0.16256929533072606,0.14456017174864133,0.14534150134482826
1946Q1,0.13309485824,0.1066621346240002,0.04167679680000003,0.0008002100180000138,0.09573869590100004,0.2480300499791963,0.23214361687399587,0.2737943312232787,0.11086712627491857,0.12292660395880683,0.17409129839920068
1946Q2,0.03913774518400004,0.019789056519999848,-0.01182823384600018,0.0009002700269997721,0.04308824255999988,0.04244895823974826,0.06620185192770944,0.0435506564982191,0.026968370193485303,0.06979912863974991,-0.00024316047206196512
1946Q3,-0.027904881445999896,-0.02001164846000003,0.006144520849999946,0.0009002700269997721,-0.028133557334000026,-0.03178714445490449,-0.03659181237709086,-0.0560368126379458,-0.04057633116038328,-0.015057559277636745,-0.00513434950966174
1946Q4,-0.17192225843199993,-0.05990715442000005,0.0202050721,0.0009002700269997721,0.01565561815000005,-0.23798690314338544,-0.21401470932834932,-0.21487804291809287,-0.17620341135555528,-0.1566871111579693,-0.16975518527817968
1947Q1,0.06260868575000011,0.018218599999999974,-0.006423013597999905,0.0009002700269997721,-0.05973147926400024,0.08761650466425719,0.06465294064775917,0.09140950647782509,0.07327898022835955,0.055028978667938544,0.0583576589297683
1947Q2,-0.07419606976000015,-0.048450253600000104,0.01607236259000011,0.0009002700269997721,0.09183150949999996,-0.13512791866719964,-0.11611093042344478,-0.09540009134422733,-0.06790235998907812,-0.059348733110349716,-0.07840445583438205
1947Q3,0.08596260655999988,-0.021719703723000028,0.024290634752000217,0.0009002700269997721,-0.019616261296000026,0.04060873250562258,0.07568889977009241,0.08310407707817458,0.09002323837350579,0.08436272912110021,0.09798316584220568
1947Q4,0.0014331208119999772,0.02485513799200012,0.01613556094400015,0.0015007201079999533,0.051180530400000146,0.020245378258660685,0.02085485610595761,0.043899633594195464,-0.0034341369929361543,0.008119109264664415,0.0056211484146808655
1948Q1,-0.030076309693000125,-0.017020370764000092,0.06296948248400014,0.002101460335999672,0.03527556818400002,-0.059886583024500006,-0.043946625068647105,0.0018280184540797606,-0.04676346352692984,-0.0216737792713525,0.011507581847565618
1948Q2,0.07147961543000014,-0.031960945439999944,0.08880637111999978,0.002401910503999627,0.05364584360000002,0.01361275554752206,0.04364905243935557,0.10676228673834598,0.05176390438406453,0.08294225773570774,0.133789416841942
1948Q3,0.017560890416000063,-0.01301969153200011,0.016456193252000206,0.0025020805759998765,0.04690220984000004,0.008409617494020694,0.013049368605512424,0.020716363219833944,0.024437212560916688,0.011529057225845518,0.04898282199754811
1948Q4,0.030384963104000073,-0.038303413948000076,-0.009137467714000147,0.0017008801439999388,0.015355377439999929,-0.0028183095454175078,-0.0037573185176017487,-0.007807431675727949,0.044204899412265686,0.030358666712629878,0.028707651833515202
1949Q1,-0.06169168313200013,-0.017914837165000086,-0.04844313437500003,0.0018009601599997538,0.02193230782400013,-0.07359762830873529,-0.0821236273590994,-0.10281435523576377,-0.03327398559353245,-0.07252231998470748,-0.10291175713446532
1949Q2,-0.008873899645000183,-0.0036156134080000957,-0.007162324192000025,0.0028026108099998837,0.018753173261000233,-0.010336620154950404,-0.016369465013752582,-0.01315384818063603,-0.004644336227442425,-0.0007554990976300635,-0.01843344132344127
1949Q3,0.024973029079999653,-0.010922751060000069,-0.03626167203499997,0.0029028008999996135,0.002350872677999938,0.009847874813131652,0.019916840558488857,-0.008099953928943138,0.044072744085662086,0.027171243486382002,-0.014324470939402256
1949Q4,0.09080895973400005,0.022337421409999836,-0.008495863507000045,0.002702430728999561,0.0017791157600000052,0.14409138577718927,0.11625640429832385,0.10554933001047595,0.08880090795385986,0.09730297123463316,0.10849763179276373
1950Q1,0.08862765577999987,0.044978709632000013,0.009656516450000208,0.002602250647999682,-0.01950156099999989,0.15222422616357378,0.12584001079370566,0.1415639656953136,0.09373773185617118,0.05977004101197103,0.12456425048404873
1950Q2,0.06807338731199986,0.005615082799999893,-0.022652269053999974,0.0028026108099998837,0.03127575361399981,0.10163179917793896,0.06238341177005036,0.05983368490914098,0.08023261299478346,0.05509247481187085,0.0725415739022588
1950Q3,-0.005534673664000067,-0.039729058017999974,0.1332197069029999,0.0030030009999995055,-0.017394218075999945,-0.04877088653345074,-0.02086449015435532,0.04489332419215386,-0.045026900699380645,0.027589637390972976,0.11875519208253493
1950Q4,0.09705414921200006,0.006655591844000108,-0.011283170480000049,0.0032034011999997336,0.04610285936799996,0.10128713094288289,0.10470005745877398,0.1048739397246381,0.12024936416846721,0.07597878646384904,0.09429322476293844
1951Q1,0.14644987226000006,0.023068435960999834,0.14887136502700016,0.003504071573000145,0.1115419420160002,0.12638630006867646,0.17320586083232836,0.30611407173728855,0.11235549039255077,0.16294682933219384,0.2529095135589232
1951Q2,0.040313543359999926,-0.019932143248000078,-0.03897101359600008,0.003403831430000004,0.008687276730000137,0.024247780744288017,0.017153043295934367,0.002891618096343862,0.059950840898687296,0.04745393597155112,-0.0020924922693085213
1951Q3,0.016795767260000316,-0.04046644144,-0.03450353680000007,0.0037045618720001894,0.03550370735999997,-0.0066505820003660565,-0.02551782456042262,-0.045890422757767224,0.019160361009971982,0.03951582490610028,-0.016180018536814722
1951Q4,0.02363023240999973,0.025911663589999856,0.006297541028000175,0.004105562496000248,0.010412608226000097,0.06272608163891658,0.0667527466980864,0.04186670512720836,0.0085720751383771,0.042530877895699204,0.042037872944993504
1952Q1,0.054362890529999985,-0.0319595104799999,-0.0017286564799999793,0.0038047719800002877,0.03628751682500009,0.03328177930522469,0.032212484369013916,0.02344454662700146,0.055268609892577425,0.06972287754759177,0.06251192236941794
1952Q2,-0.03370850364800004,-0.016657567005000096,0.01565695147800006,0.0035040815840001738,-0.010704914780000019,-0.05595249273306868,-0.04586921159738089,-0.026569477895703852,-0.026572385330062898,-0.03141202705597279,-0.027817032538733133
1952Q3,0.08138062208000019,-0.030129838299999934,0.009362152063999929,0.00430615292500014,0.014970231079999952,0.050272314698059484,0.06647509729816914,0.05963272245280482,0.09098395997775488,0.07980838366924847,0.10102182287293981
1952Q4,-0.034358496728000065,0.011993338894999983,-0.018739559710000075,0.004506743360000343,0.04862553578600037,-0.005456025004870413,-0.01504657350428884,-0.03770136886859077,-0.032635508556903337,-0.023763486548819657,-0.03748995977867686
1953Q1,0.0869380826480004,0.012423148687999985,0.0250745080639998,0.004205762560000048,0.026596450256000104,0.11606168283872509,0.11242164812728173,0.12034356002301583,0.08493501205028076,0.08610250839503486,0.1342112186231057
1953Q2,-0.044878290304000035,0.022705518787999868,0.006466315100000175,0.00480764403200018,0.0279843660800001,-0.03518914534571749,-0.01807090543474743,-0.013547792226028532,-0.043371088989058504,-0.037427981593959436,-0.05161069104666993
1953Q3,0.009770096640000059,-0.029588888279999948,-0.005006218749999958,0.0050083145900001735,0.005366329999999975,-0.016972788950479156,-0.009620809226156934,-0.018905078640147788,0.02180148409700533,0.00968840068775334,0.013480858706980348
1953Q4,0.0003988350400001561,-0.018365742279999986,-0.06052951187199995,0.004607013536000126,0.053441836999999826,-0.002224329636780986,-0.02666342692465018,-0.055299421895122824,0.01774965428820008,0.004030667831756762,-0.0535254746580498
1954Q1,0.0813731513839997,-0.01649644750000001,0.0037158145250000274,0.003203351143999944,0.010074244256000231,0.06611827571851325,0.07571491852952161,0.06627290921595597,0.08551838359248376,0.08537863457176953,0.09067517042877915
1954Q2,0.0989132290939998,-0.04125535229999999,-0.020797354855000005,0.002401910503999627,0.08434313321600007,0.03494136041432605,0.07085993798778456,0.04039187829275903,0.11606205655158952,0.0939070250312064,0.06638302087613779
1954Q3,0.09424154000000007,0.018295825610000094,0.06712768286000004,0.0016008501499997774,0.01894560647000021,0.10388172190498435,0.1346753190153429,0.1627674104859662,0.09252771282689243,0.07620616159993676,0.17492553346035278
1954Q4,0.021644766799999937,0.006617054911999931,-0.0011445379840001602,0.0021014303149997637,0.019078836775999974,0.03389837594458278,0.037267710649100616,0.02985117863815856,0.013512583477312212,0.04497823216718411,0.014419788380989784
1955Q1,0.16109108653999993,-0.0028903664799999618,0.12700797959999988,0.0022016003839997467,0.019203441539999755,0.16990101995027307,0.20759820315247413,0.25022002115286024,0.14385486667451408,0.15412405399057172,0.3414227628793598
1955Q2,0.06064586117000004,-0.00875648687499997,0.033209112975000066,0.0029028008999998356,0.019997830016000195,0.04644200971369261,0.06304502078791252,0.08152939541711257,0.06976226914572248,0.045045779017258925,0.10412107568846274
1955Q3,0.09584294673000016,-0.059902932999999936,0.012656417359999894,0.0034038013999997396,0.04073414737600012,0.00915820878344853,0.0495318678153438,0.05298484926330094,0.11523448648945944,0.08762978554648249,0.09496673443229708
1955Q4,-0.02816787266200005,0.012962638519999903,-0.0037728066750000178,0.005008324608000159,0.03083372518399985,-0.023569424096569702,-0.006513883068376192,-0.013822834710673804,-0.02422622907311278,-0.017458751046163457,-0.04149536518104402
1956Q1,0.053432586512,0.0023512219999999306,-0.00981616096600002,0.005710766731999994,-0.002617115319999974,0.07040999537356263,0.050551032493998393,0.061123990078579826,0.06451334501775752,0.05040726647580063,0.05333007832437198
1956Q2,0.10980870777599994,-0.031084151982999964,-0.01106229606400011,0.0053093154150001265,0.08420292078399982,0.06680233645903288,0.08679433407889392,0.0773849201652217,0.13140977503731,0.10050948593312858,0.09733506719136242
1956Q3,0.028153991143999857,-0.0174205514500001,-0.024737961640000083,0.006514070119999937,0.03583270183999998,0.00805796994409036,0.01665643783019144,0.0004836513859374225,0.039952078974779814,0.03614154828926841,-0.0036844830788834715
1956Q4,-0.07688497376799996,0.03396015711999989,0.009365199425000137,0.00601181765000014,0.009002455040000079,-0.025220912433395193,-0.03064356650594746,-0.038271829803726565,-0.08628162643256454,-0.052225775999163004,-0.05467331226867511
1957Q1,-0.0017464184199998956,0.03142269419600008,0.023900521280000087,0.007116692959999726,0.04055025689199998,0.031742863459546244,0.024566131415185932,0.06578850417852578,-0.012089087928898068,0.029955985745573566,0.005877256411354059
1957Q2,0.04276586723400011,-0.01985842142499994,-0.026390604206000035,0.007217283799999752,0.010699004743999874,0.015587737505637023,0.01698196144070141,0.017610369051761054,0.06797369161416378,0.03163105531411481,0.011665318339596498
1957Q3,0.03361764730000005,-0.012924010240000006,-0.015691861056000067,0.008021258719999924,0.008309146480999896,0.022726500167930652,0.008451446216510172,0.029406550200107073,0.059668235277152704,0.018537409238736258,0.021660000463507245
1957Q4,-0.146566089216,-0.023429168856000104,-0.013935946299999946,0.008021308849999853,0.031042277519999883,-0.18820973943799935,-0.1417176093596042,-0.17419250469658554,-0.14794432949551606,-0.10586448914787605,-0.18649044052789499
1958Q1,0.02891785814999981,0.03754324843999979,-0.004792392255999922,0.008021298815999778,0.0077045117720000444,0.10580668872186161,0.06822798707042144,0.0648967489061425,0.024383380134001653,0.0559464574753763,0.049243115916679514
1958Q2,0.04832189042099988,0.007452032924999852,0.008244721484000017,0.002902760863999987,0.03946783779999974,0.0665720478307934,0.050707282985851476,0.07026844828193601,0.04904598593367848,0.051569974846996436,0.06281785191237566
1958Q3,0.09941435146400024,0.024964557872000137,0.03182737965999993,0.0021013102309999088,-0.06081437301600001,0.13378855734183492,0.14086753955128817,0.15032196567006118,0.09883713724183818,0.09515705375542072,0.15072323091844853
1958Q4,0.09346748061999999,0.022938446599999995,0.019737665880000144,0.0041049013680001245,0.02107381483400017,0.17638079495415204,0.10392104569984717,0.14495865890197224,0.09323261644176184,0.09144382454810618,0.16647492918574947
1959Q1,0.09094425743600021,0.030082454179999996,0.01776865501599989,0.0054093550820000225,0.0051679050269999305,0.15539060095737045,0.1329781401420882,0.1418495062963483,0.07784574461610494,0.12199572731135366,0.13101941422039642
1959Q2,0.04937775355999996,0.022513900719999924,-0.004439055159999983,0.006112388359999832,0.06902108368000004,0.07971785093458728,0.08675356921755206,0.06863184254114052,0.05949503010762247,0.0426580385255535,0.06158369797152474
1959Q3,0.04713097966400026,-0.017890157550000008,0.03422248152000007,0.007116793200000027,0.04320695149999998,0.025565293867489514,0.0404022661586656,0.06887780618945905,0.0643670851229119,0.03381345228167665,0.0922452101656015
1959Q4,-0.049220043616000186,0.0057705178400000445,-0.011480869720000064,0.008020907669999966,0.031943864600000094,-0.033922244212309716,-0.03304920380376908,-0.048125722920364544,-0.049677261266150796,-0.02500908094805021,-0.055694486945475075
1960Q1,-0.031667753280000044,0.027552497143999988,-0.006652644670000041,0.009328669172000037,-0.0028377290370000807,0.012510183711664569,0.010649266152567227,-0.0031008070542886124,-0.02626125385072897,-0.0205289379055017,-0.018340358458795225
1960Q2,-0.02190547673199994,0.0026680273999999393,-0.06705976344999998,0.008322329285000096,0.08461645759999992,-0.005020403055672529,-0.0321463101331364,-0.06002564982081593,-0.011561509234791267,-0.0021760884910383416,-0.08982179753233677
1960Q3,0.027701179647999785,0.00481154782399984,-0.01973717509000017,0.006413118423999942,0.04982572582999989,0.04266251868312221,0.02133910322650112,0.027427755797825304,0.03259737770637239,0.03257857604431402,0.012017852280676422
1960Q4,-0.03867422000000009,-0.0450982492480001,0.04369340420799972,0.005509985983999988,0.03179624298799988,-0.10419974482444139,-0.053754455698301284,-0.04794310432389437,-0.04770980665690028,-0.005449562521599227,-0.01853222689678291
1961Q1,0.16439630894,-0.006132400240000058,0.003937347094999932,0.004807593952000255,0.0072146443520000325,0.18905690155502608,0.17015470373320252,0.155917353846037,0.14548854357342744,0.20405789622490156,0.18658724442677976
1961Q2,0.06872206201699993,0.0731032268059999,0.007050373028000045,0.00510858476000009,0.09166538201600005,0.16832007009566752,0.11698204881083818,0.1636290896231538,0.059775458592548514,0.07949184179417146,0.08074439302190095
1961Q3,0.020547440639999914,-0.024980133717999897,0.0020942627360001076,0.005610446480000197,-0.010575143620000116,-0.0312424529279417,0.01488309312732361,0.0035341617181450236,0.04035151125832481,0.01667682666833903,0.008629950083273386
1961Q4,0.029541554210000154,-0.04327239581700004,-0.007298047059999924,0.0050082745220001446,0.05587954749199997,-0.03101456559364346,0.004505031801130821,-0.01880289484036879,0.04301966517506961,0.028278638173129922,0.0150023067020566
1962Q1,0.002370917654999971,0.021256332611999884,0.056550247808,0.005811016840000072,-0.028914800751999925,0.02396241870955751,0.05134700127834102,0.07324902729189686,-0.005717134104522237,0.024562240050663098,0.0647874562116697
1962Q2,-0.055459639027999885,-0.013433604850000003,-0.006340381383999949,0.006212808799999969,0.038367103399999936,-0.051987372588358616,-0.0761116649547472,-0.05813347879699038,-0.052915875099961984,-0.035719006434546174,-0.05875587268905014
1962Q3,-0.11183678530000007,-0.02120056451199992,0.016702845758000295,0.007116692959999726,0.07434576144000005,-0.1340946107946972,-0.11673893008420433,-0.10404524477640265,-0.1082047839269461,-0.08551246414470393,-0.09428220028664158
1962Q4,-0.032495854069999885,-0.05111513440000004,0.014976403519999959,0.007016282557999798,0.04184030681200013,-0.08656482750775107,-0.06960513897767262,-0.05703545550040745,-0.018531176616371936,-0.024117925156931563,-0.016688783108663507
1963Q1,0.17543282456600018,0.016152445999999987,0.03438988927999986,0.00681536149999995,-0.038076973270000036,0.19320698318403817,0.21035754819278552,0.22647061510468758,0.18706587461931812,0.167530192672815,0.2310584209049693
1963Q2,0.05143414207999997,-0.03365006463200004,0.05338101500000003,0.007116803224999968,0.04035676184000003,0.009376306172227622,0.030569907269156538,0.0735710224686803,0.055242147498590244,0.06007849232204876,0.10073651678892093
1963Q3,-0.006641267200000023,0.0018223169919999727,0.02380520742500014,0.007418224903999793,0.024780429763999967,-0.005460459475480461,0.00511869174149715,0.022421864484100773,-0.0016375394668870502,0.0019871681088590165,0.016975717251867195
1963Q4,0.06057372197599986,-0.017607985374999968,0.016593199999999975,0.008121849574999729,0.042862935600000096,0.02479725190069315,0.057455014868490695,0.0645827698128516,0.08300262757399812,0.04200379966140355,0.07602577220565854
1964Q1,0.03215637468799981,-0.03329830566399994,0.03171083782100026,0.008624653489999634,0.02076313609599989,-0.01767094257900359,0.018762928683850655,0.037970512880096674,0.0450102469384015,0.04342861892956251,0.053052452882846435
1964Q2,0.03084836855000006,-0.0029332038999998478,0.05619009775399997,0.008624613374,0.0037573442720000294,0.0038324280994859183,0.05991179479783004,0.07945656145745561,0.027828503842611596,0.059850070469141814,0.0647280072084584
1964Q3,0.04484850581799993,-0.008800973291999914,0.03312076233200001,0.008624623399999587,0.02620445814200001,0.03851524926182637,0.0559774177146386,0.06865532648095707,0.05192157197585523,0.04884328050915476,0.08992255484500533
1964Q4,0.01818531584000005,-0.001430393024000054,0.028905490032000047,0.008524102735999906,-0.004502391474999867,0.0295750300201576,0.04101572006692433,0.046156064511095884,0.014163001906247308,0.051151082985400276,0.055318614085969386
1965Q1,0.035710578584000174,0.029582397584000164,-0.04076341540799999,0.008825815171999984,-0.009831432580000188,0.07218477167626025,0.04616033217959448,0.050332453921721365,0.05120172965783687,0.041870058608354466,-0.012559946623120988
1965Q2,0.021759306343999807,0.06358064438600008,0.021125494690000135,0.009731293480000236,0.02950791322400015,0.07911919868840012,0.08747212039598229,0.11357421024620784,0.024641839805712884,0.02561988722511699,0.034729152984445566
1965Q3,-0.04896979116800004,-0.032256510004000094,0.008374489264999951,0.009731343635000167,0.01334227658999998,-0.07608011743448861,-0.06855916776454352,-0.061169472709061146,-0.032701564589546095,-0.041194839410775064,-0.03223870057985567
1965Q4,0.08415448028000005,0.06106103465999979,0.004140332660000023,0.009530101713000283,0.09610325429,0.17396933388660818,0.14989404009667529,0.16008174981197354,0.09794532597347616,0.07102268240573917,0.12032464800345766
1966Q1,0.017067508184000157,0.11152737736599994,0.05659089488000024,0.010637433890000159,0.09802407680000003,0.1314273130973309,0.14434529910852967,0.17393813302499028,0.006547472366777329,0.019906106659257183,0.08066831923132178
1966Q2,-0.01638218097699995,0.08961817529599991,-0.021117648616000073,0.01073816522000004,0.12357024768799985,0.09074184449691769,0.048217759541058,0.06972347058348793,-0.007774839951217527,-0.017207192651667924,-0.030643514894751922
1966Q3,-0.08543789862399986,-0.03964225779999997,-0.00218012344000007,0.011443284529999875,-0.02910915271000003,-0.11126658300674441,-0.11357316887310354,-0.11037733755018786,-0.07674731555925862,-0.05783414696482225,-0.08292371520839803
1966Q4,-0.05399987269600015,-0.10557427116000007,0.037493177599999816,0.012652923799999938,-0.09019391511999997,-0.162031035210626,-0.10840901081517662,-0.11914245433400317,-0.055658882053304826,0.002503006264425567,-0.031038878963217886
1967Q1,0.09785005211000009,0.14670913631000015,-0.033066649539999826,0.012350468800000014,-0.006976438900000215,0.3005999828106001,0.24739486194910953,0.21531273729496792,0.11530248302471757,0.06834715637466271,0.11793074781356139
1967Q2,0.08867082124699999,0.053315463787999784,-0.04049387756200007,0.010738084928000102,0.05494522702799998,0.1650999043632706,0.13630197122963872,0.12631655961666666,0.12789797374615963,0.05195038778075123,0.07788592789812854
1967Q3,0.024836478848,0.11509679889500002,0.044005760000000116,0.009228138512000106,0.0553585967400001,0.15789770281836923,0.1510224594490721,0.16447412666066885,0.011892809359177026,0.016565032924963585,0.09467591103479123
1967Q4,-0.009748006800000208,0.050042731583999966,-0.043299429391000066,0.010234528688000344,0.04756667033600004,0.05564028180145808,0.038366290346840026,0.015399849177500036,0.014526371979298514,-0.020256993585358374,-0.03290967433739411
1968Q1,-0.007369957854999942,0.1003193962840001,0.02500556849000013,0.010939527520000158,-0.0019983318400000893,0.10896500839220091,0.09673071006987977,0.10930095028562725,-0.03089067997439654,0.022411074569675282,0.024083064614415672
1968Q2,0.05163031569200016,0.012203992519999929,-0.00514263761,0.012047993726000072,0.04840344499400007,0.07754728970987124,0.07100291504419842,0.06982622325741694,0.08537568768388981,0.02378091212351552,0.08814815013706845
1968Q3,0.002253686759999818,0.04730121972799983,0.06874287377199972,0.013661682880000026,0.0067754853750001676,0.03268924354533187,0.07031424001593711,0.10600886344857119,-0.02157831457796522,0.04082957947870236,0.04892890893622215
1968Q4,0.05908130102499998,0.04700176460000005,0.04149431753999999,0.012955539463999743,-0.0023037846399999173,0.11137921646438054,0.12857220554988036,0.12989003632469598,0.03830472587518852,0.07813856814939579,0.1076142624669334
1969Q1,0.00020518487499998628,0.05112218668800028,0.0072433762559998005,0.013863205717999927,0.01912469648000026,0.07004696905909302,0.06716849992340013,0.04900056942106645,-0.014593470647804807,0.023341566507034228,0.022464376680811915
1969Q2,-0.01944871789600011,-0.05023710228,0.004863552523999948,0.014570032148000012,0.026639102280000104,-0.06954084756796752,-0.04310344474611871,-0.03418609674751816,0.02983316073977571,-0.024556082909912957,0.004504327081142678
1969Q3,-0.13764381970000006,-0.08700081651199998,0.0068743552400001295,0.015277079744000055,0.01268328039799993,-0.2215573906780408,-0.18903708624242033,-0.17680672448226253,-0.08150653001117492,-0.1435036704066489,-0.1169326140003093
1969Q4,0.06720690774199989,0.06050321549599991,-0.09755553399999994,0.017298385999999777,0.0006048271280001405,0.18334503700441585,0.11510174617647118,0.08295229247882774,0.12811443165441916,0.05284899581809355,0.013855184724745895
1970Q1,-0.13917325140000003,-0.034047222560000034,-0.010537797999999876,0.017703079680000178,0.09744556090399992,-0.15666208934860193,-0.15431579939998974,-0.14387094565707492,-0.09947362143837224,-0.13781178338135858,-0.12929107657797723
1970Q2,-0.07406888208400009,-0.10499600832600009,0.14546873892799983,0.01699501669999992,-0.009202169324000087,-0.2229022415038624,-0.12283692557988657,-0.05567560297110341,-0.08702211187961983,-0.009028207343279582,0.010626417810933209
1970Q3,-0.06230946160000017,-0.07107844384000006,0.04739711854399986,0.016388619848000108,-0.0037831925119998777,-0.1253303823369477,-0.11540591189168681,-0.07919647020263176,-0.0830572697392028,0.017743526421605482,-0.038211373885348676
1970Q4,0.06396794130000005,0.056213612524000034,-0.03874841190100009,0.015377971651999944,-0.06686047135999995,0.15522880192513844,0.10554806020986995,0.12197935666641246,0.10865741034378162,0.03981473717939488,0.06888306612464956
1971Q1,0.15968384580399997,0.05926175748799989,0.04227296696000016,0.012652833416000098,-0.06645377497999994,0.19784097589294936,0.25630975382210197,0.26436665728937325,0.1593445516658767,0.17121962376793998,0.18754786662028344
1971Q2,0.08914116897999991,0.039962690359999886,-0.04325232771999998,0.009127567719999785,0.007604758720000104,0.17123772934452797,0.13087782267024384,0.10802609584603329,0.1258935848910563,0.060813499425474093,0.09579999962444052
1971Q3,-0.08383378235900008,-0.040255212711999944,-0.032931442401999966,0.010637172920000104,0.012404526055999954,-0.10294650317889331,-0.11209776563894358,-0.12772831483391434,-0.05697831362107053,-0.07731752883603948,-0.09371426794434712
1971Q4,-0.016506593452000118,-0.014759807500000055,-0.008448435440000068,0.012148534342999895,0.06140301199999976,-0.010016487783118477,-0.015075815855138619,-0.025084804911392977,0.01755240146368675,-0.034865117675114576,0.013007939848915573
1972Q1,0.10882719369799987,0.06293912832800008,0.00033020535200001255,0.010335189701000003,0.009512544466000028,0.19597547949703875,0.15972319659667122,0.18805169366624885,0.12823044947893525,0.08455632612433184,0.13517044588892024
1972Q2,0.03807966602599966,0.011878138752000167,-0.043657553310999964,0.008121849574999729,0.08489070257800035,0.07085863528784841,0.04314148140225882,0.026557960992298346,0.07682148047097304,-0.002173609188983794,0.030479918498232283
1972Q3,-0.01961976224000017,-0.052668979480000155,-0.04543766528000004,0.009027016969999968,0.08115129635999985,-0.0998845599009015,-0.07240171639047055,-0.07708029726355448,0.02454582798102911,-0.03083597934341986,-0.08871769833482235
1972Q4,0.026236041543999944,-0.09095218458199994,0.06354226596800006,0.010335099439999995,-0.029534846160000017,-0.06521265575682811,-0.00909520530494179,-0.018031498264691526,0.01517204673860073,0.08318767053319265,0.09283676102126948
1973Q1,0.018068933959999978,-0.06488556049000005,0.0536364363199997,0.011846310236000024,0.03404044520000005,-0.05962760608975004,-0.006454216137182556,0.001585790198905146,0.029426752461392702,0.03409342057364606,0.07420004713077133
1973Q2,-0.11421211239999995,-0.10149882652800013,0.09871338777200012,0.01406518046399996,0.12570209435000002,-0.2398222256507061,-0.15086088004415987,-0.11673740949182154,-0.10051099497598226,-0.0689640162461691,-0.05102573956752399
1973Q3,0.003201631015999906,-0.017193410144,-0.03815847863199984,0.016691456464000165,-0.012193888609000059,0.003632132028965618,-0.006384699773643421,-0.017691989430900112,0.04530180624206959,-0.0025836715501117435,0.0062545784376202285
1973Q4,-0.0009720113559997801,0.006595700600000143,0.04987195575600012,0.020437609399999834,0.028925865404000106,0.041246559104337166,0.043769987268089894,0.05079595112180657,-0.011947853278906906,0.05624947901612409,0.07915753380844515
1974Q1,-0.12405777356800007,-0.04252782016000001,0.14705717535500007,0.01841166579199993,0.09293529910399978,-0.18884368975862664,-0.11489870143398762,-0.05962373755720285,-0.1444818130200699,-0.06309282640345537,-0.01325574066634072
1974Q2,-0.083745289216,0.01802999999999999,0.03267946186400006,0.01901822360000005,0.014132457799999942,-0.06517777827442106,-0.0603490514138354,-0.01276796450263007,-0.06058973197384965,-0.07956010863426599,-0.050326155734253475
1974Q3,-0.14869554488000003,-0.024076391503999983,0.03827345177600017,0.020639815000000006,0.050839701600000176,-0.16180655220536466,-0.14432996621211447,-0.10770307980933547,-0.12922733789233276,-0.10895697468220777,-0.1111028417540415
1974Q4,-0.07196666250899997,-0.03837393099100006,-0.025390857492999963,0.019320757860000093,0.06829260098399992,-0.08687470870270708,-0.08004775017177568,-0.07417996952030892,-0.060502602077983636,-0.014556034698434472,-0.07048515054017856
1975Q1,0.047876352344000006,0.045579456547999886,0.08118937220000011,0.018309939240000128,-0.09278327279999998,0.09880672020359405,0.14872987233881796,0.13873011348764264,0.02728477968558307,0.12823567146542358,0.13467908801441197
1975Q2,0.129410212112,0.03209703200000025,-0.03263786633800003,0.012854667572000045,-0.011678277094000156,0.2227302194504901,0.13778108619599694,0.15907869388425766,0.17787272455791103,0.06656456004430256,0.16923416757683607
1975Q3,0.030419061599999964,0.0755876375779998,-0.010431572799999844,0.013358926591999998,-0.0028187521119998893,0.1438890521482965,0.12116822113917847,0.10847708077392881,0.019453436724420126,0.08127437709777396,0.037229650432585526
1975Q4,-0.02030299651199996,-0.07269270937600003,-0.0023504351049998817,0.015782142463999893,0.00018833407999996332,-0.07306223485560304,-0.04303852555926879,-0.08114759642403024,0.0005500006765974952,0.012743555920620375,0.0036767712948679865
1976Q1,0.13280023399999985,0.02689347901799999,0.1271938721300001,0.013661602495999903,0.03744301850000009,0.14594765618803174,0.20467056687732832,0.2844449791701762,0.12176447022984549,0.18994816338546627,0.2476600862064151
1976Q2,0.011078978392000005,0.0563387623920002,0.05424769049599987,0.011644737119999915,0.011340204308000201,0.07060945950615594,0.07805115861325396,0.12672979587417976,-0.0004695058235577587,0.050746279173551345,0.05312003540591026
1976Q3,0.01577340682400008,-0.022212760176000046,0.011606751442000185,0.012753584776999727,-0.016530340619999917,0.019101908221374586,0.022540736906385028,0.009630076971473,0.024307254736451345,0.037624718942285806,0.05729043543015977
1976Q4,-0.009775158436000075,-0.01834400296000005,0.0030673916329999606,0.012753815768000054,-0.01009059292000003,-0.02801033333007541,-0.003950098556335546,-0.012732879887083604,-0.005906477975823443,0.03150809740303129,-0.01469458114513722
1977Q1,0.01757317297999994,0.10449344845000019,0.0827802494080001,0.011644857600000114,0.07765194733000014,0.14415150193964776,0.15604774746566186,0.17990925184283557,-0.026483446330028304,0.07491405214560576,0.10783098648479483
1977Q2,-0.03118705714999981,0.018975577439000135,0.04977122788999999,0.01114109054000001,0.052551468727999984,0.003228389113104857,0.008557076288623344,0.02640870681875751,-0.045698547669835166,-0.0011060274477383558,0.028248457833962126
1977Q3,0.014368635895999793,0.055058037874999854,-0.004161318680000137,0.011947202160000003,0.0403600020799999,0.06729722588177323,0.06493732234558935,0.07997567538568684,0.020022374920513064,0.025485056178291998,-3.264681254477875e-05
1977Q4,-0.06326339612800003,0.04299821675000004,-0.014517673276000065,0.013661642707999855,0.0031524707599999147,-0.016841476374099495,-0.011773639983240325,-0.024884503606016017,-0.04879396913328926,-0.06142371862144158,-0.06698604742607439
1978Q1,-0.01976048000000008,0.07486101094399977,0.03317282455399995,0.014873130049999794,0.03162194649200001,0.06496822165576277,0.06114370834491201,0.08517116543747028,-0.024687511021815545,-0.012028619374554572,0.02592690236596451
1978Q2,0.09402169299499996,0.075392485856,-0.01640398750999983,0.015377971651999944,0.0394526825799999,0.1892597408655281,0.17389895399785238,0.17566271169869108,0.10578641196117133,0.09774827904229921,0.08908968427270425
1978Q3,0.051623171071999874,0.06657233583799993,-0.009537670000000054,0.016186494224000203,0.10052777551400016,0.13305027452046048,0.12600450440960498,0.12583288388658898,0.07545108208257578,0.03632001385757633,0.06405307285718242
1978Q4,-0.09886414591999981,-0.05794314873400008,0.024828076591999704,0.01871519609599992,-0.08691076799999997,-0.18215266025329835,-0.1211791440501897,-0.124919272238182,-0.0910177004226469,-0.041890278399921876,-0.0984456133821342
1979Q1,0.07975647949399978,0.07988581697000008,-0.02076931187200004,0.022668980419999762,0.07070721156500004,0.21544798254190844,0.15237848986016966,0.16677266823625536,0.0936528077804315,0.09237875181215593,0.09482244167138543
1979Q2,0.018368122964000033,0.05903373536000012,0.01607442892800015,0.023582803040000044,0.027776443616999824,0.0951581236610799,0.09121367234370448,0.09956085771757683,0.019886394068761026,0.03804478208196316,0.05102506750981717
1979Q3,0.023984308159999745,0.026395553744000155,0.04598125517600016,0.02419244143400001,-0.008565436854999997,0.050787241817232376,0.09289221736479103,0.08947949964271151,0.01845477799618056,0.060017109917271716,0.07369007316145915
1979Q4,-0.03813767457999995,-0.01723109997600014,-0.042893037915999965,0.024903666016999892,0.07116171635199997,-0.002314460328460055,-0.051367259184543435,-0.059539908664674734,-0.011704767163728591,3.616906556391797e-05,-0.0404058148434675
1980Q1,0.12983026380000018,0.08790361058599983,-0.035191520995,0.02765000240000015,0.21557127692,0.2929338504951593,0.21118112733797134,0.21843876648321925,0.1506863734323609,0.13729905293387445,0.14356922615148138
1980Q2,-0.1057319753499999,-0.07473951489999997,0.006504666607999976,0.033973646893999954,-0.029141218623999987,-0.14687292828068899,-0.13428377489772503,-0.14847304424148933,-0.08538667505916708,-0.03735578361519376,-0.07281503019231339
1980Q3,0.15453376294799992,0.07997535229999975,-0.06686430783999997,0.019624931872999962,0.006724619323999814,0.2868211924546167,0.23214235047263387,0.2080628464793497,0.19267577547077863,0.14948636973085616,0.12159251482095423
1980Q4,0.0505969958000001,0.07404488816000021,-0.09682765795799997,0.023580506000000057,0.16403342065399973,0.20804536192217138,0.102212365198179,0.07830277285079434,0.08158455774870399,0.07728244111149851,-0.0017727971243273188
1981Q1,-0.005865791039999957,-0.007338825604000121,0.008297208079999896,0.03346314790400018,-0.009770776169999995,0.025052827021858848,0.03205919308314242,0.039673040083607614,0.026500260698939515,0.023092538958596087,0.05780871149057365
1981Q2,0.020494554407999965,0.07482745589999995,0.03902075907600011,0.03397710827599987,-0.016152264440000064,0.09542336723705769,0.14417726806191133,0.14485180214708726,0.04464500593793996,0.026987022409821204,0.07917217231354501
1981Q3,-0.037287398489999846,-0.00998745688599989,0.04049301822200002,0.03786717510000015,-0.0469544281119999,-0.036768198001941754,0.009610724476799781,0.01552669749568003,-0.011487057300827108,0.010006286392344244,0.020642002867682807
1981Q4,-0.09459560890399998,-0.025452458619999896,0.05559199147099991,0.03776556051199975,0.04875121631000012,-0.10744766963183716,-0.06364301910829906,-0.04278751042483786,-0.057070309951233855,-0.07715515647760407,0.004038649076169909
1982Q1,-0.03572004533999995,-0.011738262249999964,0.05991700339099992,0.0276490347199998,0.028562034223999833,-0.06461763299007384,0.00659461300962505,0.021726429399952618,-0.009831473590403816,-0.01466712277230886,0.020494080875307574
1982Q2,-0.04578724475200002,0.019135396663999993,0.06688551292799993,0.030605878808000364,0.07414838341999985,-0.03496828472118685,0.019084467500681157,0.04846582210540973,-0.03897046831929496,-0.005962274334175732,0.021237943175122176
1982Q3,-0.09868509408000004,0.006468963479000278,0.034401254375999946,0.03101492847999987,0.12253739515999973,-0.09304700284545453,-0.04526006999612209,-0.037515502491301644,-0.06563091588225367,-0.07421052808827044,-0.05572495848138237
1982Q4,0.2542075676900002,0.008106825031999998,-0.023453677534000184,0.018713918684000186,0.004009990959999987,0.28701318537176834,0.2909850733758492,0.2693818437241855,0.28045290923367516,0.28165896719817307,0.24619204471271527
1983Q1,0.09045264867200009,0.07247066245399991,-0.025655357760000053,0.020032201248999737,0.04172665299199996,0.21833553835218034,0.157655971179276,0.15492145090924336,0.11320847230333708,0.06871697266395538,0.11952269005467508
1983Q2,0.12497266081400005,0.05468583990000009,0.03175350462799975,0.019728087325999955,0.06307492293599992,0.15517210148441407,0.22264908007427775,0.22031453132308387,0.12280915872907805,0.16570351011299578,0.128449237147374
1983Q3,-0.006103266742000013,0.08795474900000011,0.00014411083999976704,0.02114721210199977,-0.02836115358000002,0.07515552640123957,0.09913187187485994,0.09025820148119945,-0.0032999371245587827,0.009188383489864504,-0.004975245219504876
1983Q4,-0.030288482200000022,-0.07124600000500003,0.1192445391360002,0.0229737189760002,-0.0960909199479999,-0.13142522714210825,-0.045840719286976195,0.012854439858654532,-0.024696679443845793,0.016086260222181847,0.05782972176171475
1984Q1,-0.015653515472,0.01408772675000014,0.08562565430000002,0.022060168360000132,-0.019183238561999882,-0.02804120666078158,0.03611885419168237,0.06754271692723979,-0.03311631435664708,0.01978851321323649,0.04618303179573835
1984Q2,-0.04639834874499993,-0.027233325120000207,0.05195174068700026,0.022668889823000304,0.03717965967000003,-0.0777104303488978,-0.03548043456879846,-0.012879880697029722,-0.028642172441580183,-0.024285912436745938,0.008219749038751667
1984Q3,-0.06881869926399997,-0.023664243040000033,-0.02116888885000001,0.023684439700000004,0.03799588912600038,-0.07017482736938074,-0.05776182994335377,-0.06555735195135037,-0.016470760572359855,-0.04825571406013607,-0.059130421588631576
1984Q4,0.08468982144000003,-0.012290685044999972,0.04028820035000025,0.02714109380000007,0.01043273302399994,0.07967624485681402,0.11347355996777608,0.12222024571570134,0.09296698580141505,0.11719298117361698,0.14573114620944905
1985Q1,0.08021021223499991,0.020442093567999864,-0.015607806280000136,0.02033607368000001,-0.03984741323200003,0.12002035485802187,0.1130349197039191,0.11760950157138361,0.10560512011897782,0.0962120605889707,0.09013417849733663
1985Q2,-0.005837727904000167,-0.0035714306690001196,0.07366444303999997,0.019322618912000156,0.06773377690000015,-0.024042133424471257,0.017930030711686307,0.04163160583561498,-0.01810835245018194,0.0014066407793682512,0.06419143397123817
1985Q3,0.05638277399199998,0.009471415679999984,-0.022139436712000027,0.01841154505999998,0.035876507035000005,0.0858914813776972,0.09215146371027805,0.06826385720190098,0.07978103153302163,0.08049878441559444,0.05083885841974678
1985Q4,-0.016934269599999996,-0.03386412900000002,0.04375867017800017,0.018107964499999962,0.08433818183999997,-0.06103337047363799,-0.007260145021638409,-0.007451440061319703,-0.014748913206078407,0.023732385181744586,0.017350602649909952
1986Q1,0.11309487212000002,0.008050714195000142,-0.038874205644000015,0.018310432040000046,0.021482923175,0.1551273740618786,0.13136755707974723,0.12349693882015433,0.16217548638371238,0.10999900612880031,0.11058298067774675
1986Q2,0.10961846652799978,0.016225269528000075,-0.037989500417,0.01659072536000017,0.04633424752000015,0.14292173435990496,0.14150582384854737,0.13298677343523835,0.15491377081772661,0.12492170372465572,0.08030768320879855
1986Q3,-0.010694008996000037,-0.05629238826399996,0.05767637712000018,0.015378132496000063,0.09125987339599995,-0.07680711251578198,-0.029961084065563415,-0.010124942442444218,-0.003429064467328047,0.012171435784101181,0.048824594238934704
1986Q4,0.014574654367999873,-0.043427860479999914,0.053665843436000005,0.013762655219999864,-0.06549268211199999,-0.020091728184138513,0.014801893395475663,0.012850368288139125,-0.0070768324257068915,0.06032445050078894,0.07157326796916119
1987Q1,0.10056904321000015,-0.035417338483000105,-0.028508817103999995,0.01305615026199991,0.022124143354999903,0.09181979083950997,0.07016075012196388,0.07691618020528823,0.13508648053743078,0.11959945363929014,0.09468554174529165
1987Q2,0.038642928653999986,0.02179013299999988,-0.04641805806400012,0.013459898923999791,-0.003980457040000052,0.07933405413570571,0.06491740790945322,0.050909114448812076,0.07319357287092587,0.04784528447371805,0.010553953833120966
1987Q3,0.0801883415839999,-0.031047103262999975,0.023051993684000127,0.013257883903999845,0.015562945357999958,0.033251339290475634,0.06398501688490277,0.10567182943132924,0.11866958729974497,0.08918721563350829,0.09308249951872183
1987Q4,-0.22537741769600017,-0.08522193288999991,0.03427249493600004,0.015276476900000002,-0.07895385999999993,-0.322372748978648,-0.2574628121754422,-0.2685068059429069,-0.2112308787110806,-0.18850993294754337,-0.19246864682703235
1988Q1,0.026789133328000148,0.019404729699999956,0.03441265751599998,0.010335149585000147,-0.03089163622000013,0.04001161476262194,0.07697722177394373,0.07106358184489836,0.016387806417600403,0.035512568785838416,0.06753408905859226
1988Q2,0.029858905286000104,0.10536948210300023,0.008165263141999723,0.013661733103999874,0.013324804100000032,0.1380580702971126,0.14356469151319096,0.13265878170661427,0.015171181204042261,0.03450836690441328,0.03931309858586496
1988Q3,0.03190880325000012,-0.00799993991600001,0.03260103908000023,0.01517611744900016,-0.017356395512000078,0.020428993180378052,0.04702012922320464,0.06049921490235821,0.03261452729791703,0.05980365248810182,0.0632926436759742
1988Q4,0.01049168092399988,-0.04153826610400002,0.034318411850000174,0.018310613137999976,0.019595075719999855,-0.03596712395463564,0.010640880336278302,0.018136756589767877,0.03604097934743122,0.029993036941660334,0.05200163415310155
1989Q1,0.05196411722799987,-0.019757921876000117,0.002207389038999974,0.01760210750500013,0.0023933160500002604,0.044291515996724984,0.05587720166572274,0.05598324167671387,0.07868799543988803,0.06528883884531589,0.07306458215620615
1989Q2,0.03624756021500031,0.028053848590999797,-0.0003702386439999872,0.01962690382900001,0.06322293207899987,0.07924303182821513,0.08376499324048492,0.08677123407502418,0.05997347605793513,0.044978188507456496,0.053655527239164336
1989Q3,0.09223253796800002,-0.051255968803000096,-0.015460130799999972,0.022161482630000062,0.07242806175999994,0.058502927823753215,0.07029166228616646,0.07133104529310885,0.15017365466567334,0.1031011385474645,0.1089514972716048
1989Q4,-0.030149263180000108,-0.023965334040000008,-0.018102426616000034,0.020842947080000007,0.04393338813499992,-0.010138531523102845,-0.031315372069195546,-0.0468793830051939,0.0026474731061685297,-0.02033823369433918,0.0032539399932003388
1990Q1,-0.057418452159999966,-0.046315345141999975,-0.0015984306849999852,0.018816429913000032,0.024194831659999805,-0.08291646535656128,-0.07328811804264568,-0.0807693259549539,-0.03771156812668641,-0.02315192647595976,-0.04132674520612578
1990Q2,-0.004893126655999835,0.019727239827000087,-0.04780540555000001,0.019120221711999896,0.03508615998400022,0.0460661821152899,0.034208816894245375,-0.001206608367555595,0.03501869574020966,0.0014465529062586135,-0.015927823252700257
1990Q3,0.05210398853000009,-0.04286227551999988,-0.0586871268000001,0.020032211311999948,0.12092960434400002,0.047332936395116265,0.031473954969566176,-0.00284232207182189,0.1080448168618715,0.06081253231210759,0.03900427860533684
1990Q4,-0.17231923974399999,-0.12145504480000002,0.02240931363200005,0.019525549279999943,0.15057700623799986,-0.2779411720128775,-0.23913401378415988,-0.23693781561276572,-0.1463654648531476,-0.13196672766142659,-0.15046913919483773
1991Q1,0.14076725248999966,0.050391814204000074,-0.05906869109200008,0.016995217840000132,-0.11261916019999996,0.23883898470416587,0.1939587510020464,0.16848453875097213,0.18362633686270757,0.13237757940082084,0.11975302330886017
1991Q2,0.09733138488799997,0.08585815939999986,-0.00450427906000006,0.014569991935999838,-0.04629032123200005,0.1953689536339016,0.17901720622384953,0.2057489931515919,0.1197491251029088,0.08617406911416259,0.10288843704012263
1991Q3,0.02717257910399984,-0.011786581906000015,-0.007528229920000129,0.013863446725999706,0.046036638971999944,0.032526554896372906,0.048484857092821576,0.014276653406447126,0.04938546278391298,0.025512116883332325,0.05507110561656092
1991Q4,0.01992053144799999,0.04081850388800001,-0.024316387830999986,0.013459888871999892,0.0664442327000001,0.09112130577270516,0.06278324290190507,0.04958072205752395,0.026446472895674145,0.03489595932981393,0.016862327838734092
1992Q1,0.05567753630000016,0.0548760740480001,-0.015318325243000142,0.011141050388000284,0.06828626449999997,0.12779321681681965,0.10445805238736572,0.12258641115094848,0.09007414674019976,0.013725912447245747,0.07011870154344146
1992Q2,-0.005260449580000159,-0.06258990278800003,0.15033104876399994,0.009429390464000154,-0.03435362484999993,-0.10724652577297122,-0.010589184132150486,0.05308435762846431,-0.023105606229419928,0.04494704385927606,0.10148999200938458
1992Q3,0.016660117780000094,-0.031405478050000046,0.03853595583600011,0.009127587775999979,0.009521559725999884,-0.04276253579442868,0.009194753939229194,0.03253003417310252,0.026963914477829087,0.03864467726438958,0.030054923115108823
1992Q4,-0.0021074888440000272,0.02568933394999995,-0.03232626005799999,0.007518735547999755,0.034873127999999864,0.014316062512279792,0.033989305354725774,0.007531159347389238,0.02971426240481101,-0.020784801644705198,-0.028198288878187205
1993Q1,0.06716662080600022,0.07382604607999976,0.07043584447999995,0.007418184811999851,0.09116529987499988,0.13793615900420186,0.14944194925905063,0.19102110406193318,0.041448426402915794,0.06382306477565791,0.1422483332627833
1993Q2,-0.006817209119999723,-0.03710550047800021,0.10571100023999991,0.007116793200000027,0.07382851576000005,-0.08016978193178259,0.000909543659894485,0.02090622559641897,-0.0561567556211906,0.06348561211877635,0.04787333849944608
1993Q3,0.02847794521999991,0.02730656672000009,0.0193250042719999,0.007116793200000027,0.08163822023400003,0.06967685693866632,0.05685062199946911,0.067804661093122,0.008725435126580194,0.047624906901272634,0.054671513493805834
1993Q4,0.05066592611199994,0.05257146640099997,-0.028387519903999903,0.007317734299999934,0.031854759698000334,0.11453938267657127,0.08961348248546841,0.08998275972869707,0.05930566244728008,0.046037674600793776,0.024412115205689977
1994Q1,0.02611945461499987,0.0023457312710000178,0.005621985499999926,0.007317764374999758,-0.024439472550999763,0.013479629474430821,0.04097945065112385,0.046756599976989444,0.04018581481224248,0.037307956792896446,0.01782559039963516
1994Q2,-0.06586936414000011,0.0070484521440001835,0.01786684625599988,0.007518645308999705,-0.01330975189599981,-0.07962955745291445,-0.0318772570957353,-0.040005064768055654,-0.05836465275314795,-0.05210730317444989,-0.06326971777098966
1994Q3,0.002724987776000054,-0.042755636646999995,0.030051417820000204,0.009127587776000201,-0.028247747049999883,-0.05786455846814753,-0.02339967534536236,0.005913870853746284,0.011028672492896074,0.035141584892533606,0.006593351931466707
1994Q4,0.030205966440000065,0.02326551039999991,-0.05902235172999992,0.01124186202200006,0.04228060296800029,0.08695041843510087,0.04539689729433127,0.023475736490536248,0.058072914784547125,0.02579082118173881,-0.0021224737731511123
1995Q1,-0.014623418440000036,-0.030753357076000132,0.01749436016299999,0.01235036837600001,0.014246641760000012,-0.0443643197359197,-0.020811246058691224,-0.012318689323335796,0.00425808108062764,0.0017739243226631007,0.004994789816905376
1995Q2,0.08133976386699993,-0.01314655221999994,0.0048952284709999905,0.01305632096000009,0.01777486929999994,0.07847889433046151,0.08182937846972971,0.09023637864015255,0.09549113277184573,0.10225506649587368,0.09431494947509456
1995Q3,0.09620308447999992,0.02661498799100004,-0.0189288899040001,0.014670944209999925,0.0510697457,0.17291790036431598,0.1117595377170546,0.12624947711699286,0.10852033852346565,0.09927374235045017,0.11570856631526749
1995Q4,0.023591599520000006,-0.046449207519999924,0.02064473445199999,0.013762604986999882,0.07202836630999987,-0.011330641045625645,-0.0075579360140686225,0.01626645364407353,0.0499404474738272,0.028184931304087835,0.06402184658018473
1996Q1,0.07415114758399999,-0.03284164806400003,0.012247497408000019,0.013459798493999697,0.023220742207999967,0.06021913937604029,0.0590479750927273,0.06700234265119986,0.08365608214136122,0.10377795565235548,0.10268103066449341
1996Q2,0.04182686745200015,0.08614368043999998,-0.045792239229999976,0.012451159965999992,-0.022184138769999806,0.16469856884293854,0.10440887525265263,0.10300974052488043,0.04509255046616545,0.05176478885095914,0.009935281740963031
1996Q3,-0.048283865871999954,-0.051880959999999976,0.06672158657000016,0.012753775600000017,0.025025392140000102,-0.14352723211141472,-0.05406654124076227,-0.027115487391999205,-0.023405412905241563,-0.03697832514546928,-0.0063333403963328205
1996Q4,0.08857670359899994,-0.03046669939000013,0.01169836438400007,0.012753815768000054,0.06468026135199989,0.06849049068904844,0.07219120601524298,0.0899882617615344,0.09773053216690131,0.12236147390471852,0.1095173960396627
1997Q1,0.09624159999999993,-0.029558592736000033,0.01219069952000007,0.013258094869999848,3.278091500003022e-05,0.06631061545751149,0.10546264257342353,0.09311799201524473,0.12108726987427576,0.1075653186835499,0.12136115100039957
1997Q2,-0.016571305216000143,-0.09019844567199997,0.0919017900000001,0.012552102110999996,0.03447099412799992,-0.1690782505743803,-0.039464847213758536,-0.010694177691233042,0.007779019025659917,0.013145631331397345,0.020440429462293963
1997Q3,0.19227773482999977,0.034874517103999914,-0.02602731939199998,0.01295518795899997,0.00864405422999992,0.2551056760171859,0.22265480863855314,0.22140036938143992,0.2027137164941235,0.19523670605320365,0.1824726472971283
1997Q4,-0.02817740280000003,0.09091521569000016,0.037346961896000064,0.012753815768000054,-0.01671440133399993,0.05566620027246838,0.0754526148691359,0.0923480865629811,-0.03931935472028525,-0.012001806185383823,0.003524079296568061
1998Q1,0.045163066505000016,-0.08397892952800012,0.03241533449600009,0.01305621049599992,0.043570104289999856,-0.061269213713505244,-0.014142094121643578,0.016755633775588086,0.0909202275957226,0.03451322063133033,0.07606777019574995
1998Q2,0.1295435024720002,-0.010021839282000067,0.014716688098000086,0.012148815402999835,0.016816043628000044,0.1388910920139872,0.14116289009568472,0.14170360861584363,0.1325165322633548,0.1589191162207979,0.16313120586041707
1998Q3,-0.02398467021399997,-0.10980094773999993,-0.005432102190999988,0.012148865599999947,0.13451464441399996,-0.14172737427045545,-0.1237833416911529,-0.09775554216269444,0.02447823472431998,-0.028837471565500206,-0.03088344439770585
1998Q4,-0.046310689509999836,-0.08305336601199997,-0.023937853468999903,0.012148323296000019,-0.041583167450000014,-0.1340343998774255,-0.10932048971111186,-0.1293824607399604,0.005907315100903032,-0.09373851321237148,-0.020469730845808276
1999Q1,0.16511552013999986,0.014695251667999898,-0.11484387419999997,0.010435971230000174,0.13227077560400002,0.20595024222253566,0.11993118262338931,0.09508883843825644,0.21527910893599533,0.09477824915061017,0.06454392965422717
1999Q2,0.03565813894400005,-0.06113393564800007,0.016720435200000106,0.011543965685000046,-0.10207228121199996,-0.009875273774720195,0.03767313514158599,-0.027834363318702926,0.015703951570857688,0.11580697802948192,0.07092049833680991
1999Q3,-0.013738657641999885,0.0930233545279997,-0.00988719679600003,0.011241771679999957,0.008511609499999961,0.07213066449454741,0.07041880433949821,0.09027120884902828,0.006392938026484218,-0.02375500927397345,-0.026443028180790917
1999Q4,0.017381340940999968,-0.04948180984000006,-0.07516537936,0.011745689318999997,0.15520605758000006,-0.011063824217985685,-0.03767490146192376,-0.0878270741789936,0.04639357748712114,-0.021342707109135883,-0.028558308290524748
2000Q1,0.06054106835599993,0.197569146752,-0.13852985247999994,0.01214870494400011,0.21571321779599995,0.3554777409413714,0.14577613812068413,0.11620033971336374,0.07408577524566629,-0.05464185662080856,-0.0008885393662774188
2000Q2,0.009098631926000023,-0.058680475000000176,0.04214070974999995,0.013661702965999778,0.0048116581999999575,-0.054217158029822854,0.036732392740045805,0.06997733163625863,0.053960135231956086,0.04286299974820129,0.08148688242896474
2000Q3,-0.02397548790400006,0.028508866112000097,0.03933149698399996,0.013863295999999803,0.059751310592000006,0.015488675783693617,0.04520644264865026,0.05010049890845014,-0.01945404460487088,-0.014657724061095112,0.05500222547392686
2000Q4,-0.016060023904000076,-0.05995394949999999,0.116728233096,0.01578220280000009,0.02679745314400006,-0.07476760091016166,0.03153741376738006,0.04356341364360583,-0.008503212228709867,0.0843965366030166,0.11594618942545365
2001Q1,-0.06709763449999995,0.03978259090399994,0.14618056940000002,0.015580177699999975,-0.2215722173950001,-0.03549057119860921,0.09156947925233938,0.1269904692422601,-0.07587663735714945,0.06751369590270473,0.08314094341494127
2001Q2,-0.09935464022500007,0.0010635154999998342,0.1394688556160002,0.011947222244000022,0.1254047400999998,-0.10933353756390218,0.034805951282767866,0.03256441629348594,-0.10993277395909384,0.021821526318699158,0.045435379683277155
2001Q3,-0.03376073010400005,0.04573487059999981,0.0713024389400001,0.009026986879999921,0.08415856483999984,0.0006469093812162541,0.04584818001762003,0.0842846247394986,-0.03418992689389022,-0.0015933978188176212,0.03134167961768419
2001Q4,-0.12941846272000024,0.030007478686999933,-0.032098838031999755,0.008121679096000145,0.07688563846399998,-0.15140417741371182,-0.1093124916286341,-0.11233424701751427,-0.11603694293019351,-0.1261433263819497,-0.19354887208161076
2002Q1,0.07687871244799993,0.053413362231999884,0.0654122697620001,0.004607033570000141,-0.05255319853000007,0.10286088472840982,0.14747454025080264,0.2005889753632506,0.07613436677233576,0.0800198879012608,0.12005720926751384
2002Q2,-0.03463513208000002,0.08958439189599976,0.07593427407199993,0.004105592535000202,0.1311146512100001,-0.04102202134285349,0.08768677116095058,0.13143522299194643,-0.061015975212063256,0.05003296658959755,-0.07550372668929195
2002Q3,-0.15986204063200005,-0.04608936660000007,-0.016809124023999922,0.004205872730000282,0.13498494220800006,-0.26424470020730106,-0.20195248920321707,-0.1927153937962086,-0.14639388402424725,-0.13837207006065944,-0.2527232301645057
2002Q4,-0.02827209279999998,-0.03832536160000011,0.003859479824000145,0.0042058827440003554,0.05015497037200012,-0.025111215637717565,-0.027201871779534592,-0.07090104991247792,-0.020912088161742948,-0.046384154085442164,0.04190526089915303
2003Q1,-0.02709613292799984,0.04601826526399999,0.0012821236039999295,0.00330362131999995,-0.06849077236400003,0.00818432477147124,0.007809971860275766,0.02490222431107636,-0.038273156076853554,-0.0029136451746715197,-0.04639347161343399
2003Q2,0.07303209754399997,0.014903608752000252,-0.022632879088000157,0.0029028008999998356,-0.06968678889999991,0.0908821249446441,0.07916495224968423,0.06812392751571794,0.07817185522478076,0.06461458871746095,0.04986291190443626
2003Q3,0.10061962703000016,0.1163331664099998,-0.0070188699400001164,0.0026022306299997577,-0.12112231675000007,0.2555544512077579,0.19920827206028657,0.21834344435235198,0.08362551697863996,0.11641988109508228,0.10279753343329379
2003Q4,0.07205623366400005,0.059864881660000036,0.04031684741600006,0.002201610391999731,0.03386325877099994,0.11526238103165087,0.10516070083074114,0.18469790925731622,0.060207748127909744,0.08195227244172054,0.07565333490333992
2004Q1,0.07970420172500026,0.01847641716800008,0.05754766522400012,0.002201610391999731,-0.017947063407999897,0.08138352017399852,0.10125880154782063,0.154606712038037,0.07051800661059815,0.08637185390342283,0.1182926140750824
2004Q2,-0.017495935120000028,-0.01599459114699997,-0.02085999575499997,0.0023017404319998214,-0.06269772291800002,-0.016105239588504183,-0.018719057247017057,-0.05535668453552589,-0.009688425969790804,-0.021727403871423134,-0.012345383203466898
2004Q3,-0.011114639320000008,-0.018209324199999877,0.042809178683999916,0.002401880479999674,0.012803297791999846,-0.057013210836067474,0.0031616639887279696,-0.0029218183548876953,-0.017004472575002927,0.00366621943513179,0.01566927041770705
2004Q4,0.031148499039999944,0.01576125522400007,0.007667834039999821,0.003303631331000201,0.023600756420000035,0.0583203936020007,0.0654799428389432,0.04193184972756869,0.02185751347791509,0.04184913413350477,0.054883904328333566
2005Q1,0.05132040535000004,0.019873106252000117,0.03423918613400012,0.004707363840000145,0.031064297119999917,0.07096086441627825,0.07959557169695008,0.09916065534465557,0.04010444402543367,0.06850203646100961,0.08474194879591868
2005Q2,-0.027039540808000084,-0.05824464854099998,0.035609415935,0.005811137056000115,0.03168400706800001,-0.09576804907235714,-0.06206420798141965,-0.04795057035627526,-0.009453428011386822,-0.031247124986492847,0.010117096913976997
2005Q3,0.08337815863999976,0.08520871299200006,0.01406570672000007,0.0071168132479999535,0.02478393297699988,0.18118781504805437,0.18180988939240783,0.17338814834936156,0.07507280873573507,0.0767863068939223,0.11443077108879463
2005Q4,-0.02750954496000002,-0.02961482242000002,0.02569612943600008,0.008624653489999634,0.04344962698199972,-0.0588238140639642,-0.029400493993696708,-0.032093087332136006,-0.019816958024993836,-0.015997721151494115,0.003509632554420161
2006Q1,0.06493184480800007,0.06098433747999987,-0.0006209867149998827,0.009832004720000453,0.036709428303999925,0.14339788094132366,0.13861322617113392,0.12123743022043532,0.05206291227511217,0.089274878288093,0.07263290041936044
2006Q2,0.019040988069999987,0.015451688062000146,0.02564846263399989,0.01073818528800019,0.0005431743199999506,0.028352026821750087,0.06279833831823756,0.05478573935389486,0.01484758711864309,0.0431838414712955,0.04025934473347248
2006Q3,-0.04637528941999991,-0.071671611325,0.05955386026000009,0.012350468800000014,-0.041625287079999906,-0.1375453578685275,-0.0674724928574052,-0.06168567873905684,-0.037495422650768884,-0.01610661200052188,-0.0013929567285289046
2006Q4,0.07253168734399984,0.01441415201000007,-0.022149291389999992,0.012451320601999827,-0.04546304319999994,0.10726177505227574,0.08810269892486011,0.08621472727923907,0.09356309244079108,0.07472166936045643,0.06770399786607428
2007Q1,0.03979839409999997,-0.004477915772000074,0.020821845471999945,0.012652953919999987,-0.0008865496719999699,0.04513874989886446,0.043207631174428274,0.06599072408272066,0.04204058984607406,0.061165895388283875,0.06497967659901294
2007Q2,0.021819733315999956,-0.009180894647000115,-0.023854821376000035,0.012552051895999838,0.010947072512,0.04430993712378184,0.033668347877934934,0.0020256887148089042,0.036102719954530293,0.03869307266466526,0.030022942159624977
2007Q3,-0.02558196942399993,-0.01792537068799971,-0.05253680975999997,0.012148865599999947,0.03033631265600012,-0.012240413334058231,-0.03436233758769058,-0.06929438299831148,0.0067875893039917035,-0.02484944664037847,-0.0426646690953324
2007Q4,0.060552737972000115,-0.021720042974999965,-0.06754637617300008,0.010637163008000217,0.09649924151299993,0.0802775426433966,0.05180034604713013,-0.0036669514371115985,0.09831178814108599,0.05703141873037487,0.03948980742232311
2008Q1,-0.11601972408000005,-0.036955194717999906,0.02341781360000006,0.008222009277999875,-0.005866467328000002,-0.15171347286844272,-0.1288658472420675,-0.12341541597342376,-0.10378243390474484,-0.10883522688238612,-0.08642673120276223
2008Q2,0.004246020205999956,-0.014672374047999925,-0.01368274572799999,0.004807613978000003,0.10275411267500001,-0.020449347600059453,0.018598070437400915,-0.023829709687100076,0.022476575775622676,-0.004810135906018198,-0.0015200100828154373
2008Q3,-0.07417258692500006,0.06862163030000001,0.01021087800000009,0.0050083145900001735,0.10681019376200007,0.001884165769298063,0.005208972810474943,-0.012979038168222323,-0.05661725585153021,-0.1169062652711671,-0.025909205896249565
2008Q4,-0.23793409539999988,-0.0006936262200000209,0.05238703995199989,0.003604191560000025,0.039235458464000006,-0.2866823988347853,-0.2194718842693052,-0.20764060597616085,-0.22702927533140738,-0.2473506716604682,-0.22689105053995984
2009Q1,-0.137029418618,0.004442096191999756,-0.16503930829000013,0.00029999999999996696,-0.005834909727999937,-0.14265939837496788,-0.16637192818254598,-0.2406504419379475,-0.09524453550207779,-0.14110184172427853,-0.3085505012411588
2009Q2,0.07918550456200002,0.05442012439999999,0.018501072159999854,0.0004000500020000519,-0.39583468400800004,0.14428887082584163,0.14068367989546093,0.1181950828812981,0.07321224776508051,0.061189418910652105,0.10631461946784726
2009Q3,0.1382933766679999,0.01859708885000022,0.024132156475999977,0.0002000099999999172,-0.12872821170999993,0.16958576884384002,0.15726245474708067,0.17115616090422936,0.12533026542631087,0.1372330344633601,0.17339731356812127
2009Q4,0.048249536408000226,-0.030318625984000036,0.042988804200000175,0.0002000099999999172,-0.11373648066999997,-0.004294872676200656,0.022886127735327166,0.05483414690798094,0.04701701420445925,0.0571651926033383,0.06944250385057527
2010Q1,0.04949954060000006,0.03804196924999981,-0.0011108780209998503,9.999999999998899e-05,-0.02109610610000001,0.06658951755005038,0.06786500831942721,0.09679588424084828,0.041691016457333196,0.058889720845147986,0.011885788764032235
2010Q2,0.12090651043,0.07625837835199989,0.08560655403200013,0.0002000099999999172,0.10785311762799998,0.1485248722023369,0.19561130785032566,0.2788917815527212,0.0931468528769499,0.1295329655903028,0.14882416069918114
2010Q3,-0.07001796592000009,-0.014459841194000012,-0.07557232520000012,0.00030003000099987354,-0.011661238800000029,-0.05240181300345503,-0.08369058868592416,-0.14490857340235264,-0.055479229913866,-0.07006879982878367,-0.11308776618541272
2010Q4,0.08350442836999994,0.017825241943999925,-0.07042189251599995,0.00030003000099987354,0.029012920592000002,0.10917614055420266,0.08487632037357296,0.05082498759296228,0.10304328554538356,0.08860205522388309,0.01273881525941678
2011Q1,0.095777527124,0.02025287890399996,0.03253990555999997,0.00030003000099987354,-0.006508442999999975,0.10516531533524853,0.12846756333723208,0.13346857927803346,0.07604266299523466,0.10936593431414954,0.11446999208987152
2011Q2,0.06960084139999978,0.035904351299999915,-0.031050782271999866,0.0002000099999999172,0.05447557429999983,0.12530656558033892,0.10427007959124102,0.08099556379954054,0.06614368929855896,0.08716603937164047,0.043856184237858864
2011Q3,-0.052676863029999965,-0.021563520607000064,-0.02937678669999999,0.0,0.01411498159999991,-0.0787390615658653,-0.0784984187704707,-0.07883655954044866,-0.02815047884569777,-0.05989341939353565,-0.084801246422882
2011Q4,-0.03241128685600003,-0.031202712640000074,-0.03865174692600004,9.999999999998899e-05,-0.040262307200000125,-0.06734494686060477,-0.0697579804864984,-0.08606053266496227,-0.012325720280577102,-0.026006951806392342,-0.07277037125839014
2012Q1,0.055521127375000034,0.01256154260799991,0.0007258047440001913,0.0,-0.02692054420400014,0.05752124930287916,0.07270573240708567,0.06824186520223674,0.05347193046973309,0.061852926831569954,0.045803122374407756
2012Q2,0.06762641815999992,-0.028193118903999892,0.008325625154000038,0.0,0.04805527296799994,0.044337600429772195,0.03129102946952966,0.05271585431771153,0.0796345781579948,0.04844336820250206,0.08740533152857721
2012Q3,-0.017499211026999917,-0.019423438463999854,-0.004649818649999915,9.999999999998899e-05,0.08427234800000005,-0.0442152539924594,-0.03421356395446673,-0.0323999599014011,-0.013974779441457641,-0.003219410441921755,-0.03618389474648165
2012Q4,0.03485369580800013,-0.0014812952500001808,0.06490947395199997,0.00030003000099987354,-0.034051717225,0.024700889237701196,0.053372550479537484,0.07028833950364843,0.017686192915890686,0.0321515172257385,0.105692336963644
2013Q1,0.07648888662800002,0.02405116099999982,0.0362623172719998,0.0002000099999999172,-0.04191566372199995,0.10831738946872238,0.11109841479136584,0.11473668353296351,0.054983321282959574,0.07806652037655115,0.12474298883607027
2013Q2,0.07015510707200012,-0.018549919870000098,0.004294919671999908,0.0,0.03400597955200002,0.054300133880680335,0.0444937515347783,0.058244632918495354,0.07100901111654334,0.06888632805196915,0.07633721095466073
2013Q3,0.07304901600000013,0.04897154087,0.0321385325700001,0.0,0.0012371461180000765,0.12449226533831803,0.13068076957342845,0.13438420790658623,0.05815190379355695,0.06231393776859995,0.11495555056897055
2013Q4,0.05167774636100009,0.016090277311999968,-0.027050949892000076,0.0,0.030818202415999973,0.06399530984270707,0.058201802856244766,0.05577467786215373,0.06484938731896217,0.04813540985097631,0.015826093345737036
2014Q1,0.024879456187999915,0.018022733948000136,-0.018037810000000043,0.0,0.020266802557999952,0.06980311787948468,0.028472526747904237,0.025238442847898,0.020990351064503088,0.02019377670315925,0.026751844151094772
2014Q2,0.04920839931599974,-0.05623716107199983,0.05808150769999987,0.0,-0.04983442331799992,-0.059673769893282214,0.02641226864779589,0.03721467716946769,0.048329533989469375,0.06354370079258542,0.06823907691301834
2014Q3,0.0257782300999998,-0.030842264349999926,-0.008886425679999976,0.0,0.013731571654999719,-0.002483112817800226,-0.0056594902661865065,-0.011406672642074511,0.026800256770591835,0.03249714759161493,0.01948615669169551
2014Q4,0.04762038089600007,0.007258948804999887,-0.03628505577700003,0.0,0.01221966541999997,0.07477030422365427,0.04345662618067214,0.028343643034486776,0.0672686584940303,0.024588879247535722,0.03710712804760141
2015Q1,-0.006690503199999864,-0.0016439099649999678,-0.044892217179999916,0.0,0.05531700801799988,0.0095492685029821,-0.024862251227595333,-0.030640678370107755,0.006714579124792008,-0.005451475324572352,-0.0433803130253726
2015Q2,0.0557117354629999,0.005786147104999806,-0.004021355640000057,0.0,-0.07718535010000005,0.06379745441888707,0.066510293973711,0.055722418519683625,0.05389162017982585,0.05568628442704071,0.05703975557176788
2015Q3,0.013964940632000156,-0.0041544768099996965,-0.06000988643199989,0.0,0.1971440650959999,0.05389488992039548,0.005909431768683415,-0.041981837420280166,0.022802352985282548,0.007626806407101228,-0.004185725071498725
2015Q4,-0.01835211570000017,-0.041266061109999974,0.0282954391250001,0.0,-0.0031782543040000943,-0.1213645351472955,-0.033633433728513684,-0.02594242896207344,-0.008782221832912107,-0.005955991593701415,-0.04813263540439794
2016Q1,-0.07240859563000002,-0.027433518399999968,-0.009711191392000051,0.0002000099999999172,0.07397789776000008,-0.1271367029950653,-0.09186909361197826,-0.101021214440564,-0.05931847714846206,-0.07556839188145537,-0.09901690856477308
2016Q2,0.07869179636000023,0.02266913157500028,0.03841960367600006,0.0005000800039998143,-0.14602348552,0.09769386465150798,0.10102621651351429,0.12984555008446308,0.059801772290516864,0.08833029111268642,0.10791258434648188
2016Q3,0.05758394960400026,0.028791835399999854,-0.042875973111999977,0.0005000800040000364,0.022320194059999965,0.09755698935691726,0.06403279082050362,0.06222458000432174,0.07216488307592361,0.04695189829854951,0.01695097690410119
2016Q4,-0.012639795923000241,-0.012594073504000103,0.06132104584699993,0.0006001200079999158,-0.026649762165999902,-0.039742229486321445,-0.013476791459203774,0.01834744235468544,-0.020370557009029233,-0.020002816168092297,0.046035936812796496
2017Q1,0.08829070540400008,0.04521165055999998,0.08955147501200011,0.000800190012000046,-0.05910368774700003,0.10661947525384052,0.15541739084854211,0.19234113932900754,0.06678574589886366,0.07957568490988298,0.16864269133395826
2017Q2,0.048462761779999974,-0.0039118734699998825,-0.06732058974999999,0.001200470059999903,-0.019971866944000105,0.07252004716597082,0.026563691174416038,0.002394376084843941,0.07659773769769562,0.029662367317183636,0.004747693003818831
2017Q3,0.03783579916399993,-0.018103894659999953,-0.026018322100000102,0.0019012002519998017,0.030512955499999883,0.0465193627586189,0.01978487813859653,0.0006750980203251711,0.05302962998887106,0.02325637278843562,0.04583574927350087
2017Q4,0.04994925293200003,0.007234652795000018,0.010841437765000128,0.002702430728999561,0.06205949761499996,0.051934855874176566,0.06471778557509245,0.06748929465092823,0.05855955623892939,0.040819446587138764,0.06421611193314347
2018Q1,0.1002816141759999,-0.05011658271999997,-0.013595164060000053,0.0028025907919999593,0.01503572456000013,0.06793273856499238,0.04981686747220171,0.04376902867315424,0.11106166608220414,0.10290190957886214,0.10730724810327863
2018Q2,-0.05650402042000002,0.054681421914999806,-0.007846207569999875,0.0037045418480001757,0.02896801279999983,-0.005646091771384643,-0.017605584941441377,0.003528342129209161,-0.042821712734823714,-0.06713735202170057,-0.06746675479132691
2018Q3,0.06464251087999973,0.04035261942800017,-0.049332825061999985,0.004406443136000249,0.0010930263380000138,0.12536495094449496,0.10074042350785195,0.07502060137416233,0.08445057163515801,0.058912464752214566,0.029591265476098805
2018Q4,-0.04406603355000005,-0.058208290180000066,-0.02271431040399996,0.005008294560000293,0.030483153440000077,-0.10092377132686903,-0.10886044794044314,-0.09631514535774488,-0.026810162033382823,-0.037852893337721016,-0.06395629141996495
2019Q1,-0.003031816285000266,-0.0034657558119999266,-0.01950801043200001,0.005811197182000072,-0.08313548031999995,0.0009767439094070518,-0.006760357045612175,-0.02184661124963705,0.005852013868553607,0.0038806076542341472,-0.013506415494755175
2019Q2,0.08708557513999993,-0.027639821989999924,-0.0470237035879999,0.005811197182000072,-0.00238859920000023,0.08136876309770358,0.062093746835206964,0.024402947673770603,0.10911935873153378,0.08073073104353301,0.06570060483434248
2019Q3,0.007452459727999905,-0.029436117903999914,-0.025896916000000103,0.00581119718199985,0.0821099369599998,-0.0021172764313242,-0.005249258976489535,-0.046683829888598094,0.02053857873960574,0.006125013034939064,0.010856968184188576
2019Q4,0.008697027314999994,-0.030758264059000062,-0.002844689215999785,0.004907984320000169,0.00394168973800002,-0.02469545860709399,0.0030757516619346337,-0.023348594918564114,0.019001053203571594,0.020388941440947272,0.012294037323452134
2020Q1,0.06629777081099997,-0.01660577631999982,-0.06505653879999995,0.0039050621840002187,0.010332305576000067,0.06958484864741021,0.03236787560789045,-0.0042430818357768185,0.09072383562607556,0.03759529005820794,0.025105567729291733
2020Q2,-0.09608871919999984,-0.012521683000000228,-0.18232263300399998,0.002401440000000088,0.019937077424000194,-0.09768270413813962,-0.1891615840012032,-0.24911574408676107,-0.0327578659449167,-0.17823483265321216,-0.26109641704635334
2020Q3,0.14461986909500002,0.026634291199999938,-0.08399814400000005,0.00030003000099987354,0.06986912611199991,0.19410430487751507,0.10448724615882199,0.10436695394098772,0.17785072971815064,0.05703051757619204,0.0821337422268753
2020Q4,0.015456172544000113,0.04193798791999992,-0.016483148800000125,0.00030003000099987354,0.004096032364000024,0.07402314345109007,0.024244556013255814,0.05411566229000564,0.018845230985336858,-0.0036156316702053992,0.008371156767429166
2021Q1,0.17574075495500008,0.19044412183399984,0.036069593935999844,0.0002000099999999172,-0.10942797551500005,0.46695367240340535,0.33619219351174534,0.43341941351050806,0.14716719768721243,0.1862167771157197,0.2582868356779866
2021Q2,0.11308706402000013,-0.03535675594599996,0.13905392159999996,0.0,-0.12463695913000006,0.05603982333490398,0.14497949194833248,0.1864339285634764,0.08959703374304162,0.16160002451586974,0.25605510223114614
2021Q3,0.04429066148000005,-0.02492216380000023,-0.03138761142400004,0.0,0.0040400529439998945,-0.018682059095739167,0.0004185738517534787,0.00808885786983482,0.07010653085642282,0.007940652872392207,-0.01150056128890431
2021Q4,0.04935265432000002,-0.019397820576000147,0.04322369412799998,0.0,0.07511234692400004,0.011581824034599952,0.01837849834239247,0.07088039343545405,0.05779912739717297,0.005284202218224676,0.09410993354662489
2022Q1,-0.046595303056000015,-0.08675571232900003,0.16108040826799996,9.999999999998899e-05,-0.03837782755200003,-0.1942875313554917,-0.06590532748706202,-0.003650985657951411,-0.058699020591056805,-0.005039205110210165,0.054333518262933866
2022Q2,-0.08748895921599997,-0.007812630199999782,0.07349954947999993,0.0,0.09881244200000006,-0.11732153676403745,-0.06391996491635621,-0.030340928351424212,-0.10042556562797988,-0.04943422452474422,-0.03852648612131915
2022Q3,0.00024875192000006763,0.03037362300799984,-0.02296644399999992,0.0017009001439998173,-0.008617891095999974,0.03836025449609415,0.05055388863687238,0.004963411829116193,0.006450576709508438,-0.005438074496848411,5.297603803899875e-05
2022Q4,-0.05909375737,0.006493479283999903,0.08196795303799997,0.006112358303000054,0.09705822904999972,-0.02485733463869455,-0.029588654828332395,0.0022289291494774766,-0.08677064044877014,-0.01262496190819995,0.031959027515614524
2023Q1,0.044493671130000134,0.004915583132000023,-0.012120573808000024,0.009731303494999954,-0.1354902990100001,0.06359470901905429,0.065069611861857,0.04841647399785631,0.04915754319203702,0.06785308320162131,0.04973371474604349
2023Q2,0.004653108367999925,-0.07706309901999997,-0.09885866880000005,0.010536782840000258,-0.0008483247999998555,-0.07201287114419597,-0.06792871863882255,-0.13347543402586692,0.06338809089114128,-0.039671348589607636,-0.07128606165241835
2023Q3,0.10250949044400026,0.05227673719999992,-0.041710138437999866,0.012148664799999986,-0.07462347083200005,0.14053974437032024,0.16293645299157333,0.13002883868763382,0.1464323273977508,0.056992252899087825,0.06390592611428225
2023Q4,-0.10381374981999991,-0.09216138220399994,0.005235107300000097,0.013560800944999896,0.058613193158000065,-0.21845917250941738,-0.1635983454910669,-0.16684541930219854,-0.07925995199945124,-0.088663030384184,-0.12395010820787333
2024Q1,0.14994052964000004,0.00809679409999986,0.041035914205999946,0.013459898923999791,0.021397850143999975,0.18176447584378397,0.1679469230762034,0.20782484362742148,0.1620292214461434,0.1567817990874285,0.2209955392676788
2024Q2,0.030294775579999822,-0.05039204200000014,0.0013466909600001742,0.013258094881999805,0.04114693423999993,-0.00951338077651831,0.007963256561335674,-0.0056293054336788995,0.044616477758582684,0.06007899463692867,0.0459034368523199
2024Q3,0.08559705127999995,0.04175531350000017,0.0073403569920000855,0.013056371180000026,-0.016775430399999958,0.13927021492049385,0.12104270021886365,0.15883162802116524,0.10728697192263836,0.07465736815709145,0.1049985474694275
2024Q4,0.023140447999999925,-0.04569669916300001,-0.030125499579999993,0.012753594879999941,0.07284983340000029,0.017050409041915682,-0.027869489211186704,-0.034392780082241003,0.04387065871331042,0.013610515863878403,0.03536156256504652
2025Q1,0.06001466475999995,-0.003729599398000105,-0.01271028349999992,0.011443344759999974,0.01663691200000006,0.08410641953074993,0.04377348501449263,0.05000484494088564,0.0840263908728549,0.026840558381524993,0.08938604287565743
2025Q2,-0.09441221694399993,-0.0893069384359999,0.04282008739999976,0.010234709270000142,0.011627422988000236,-0.15827987355259832,-0.15869034894228307,-0.1365595934374484,-0.09584403948938391,-0.07143257802919045,-0.03271298102518905
2025Q3,0.13416563416799998,0.018099566869999695,-0.056476092160000047,0.010637443928000145,-0.014436558976000047,0.1522779599991002,0.11760324263465582,0.12850052987529748,0.17188970311532792,0.0980748057901466,0.07181173865164814
2025Q4,0.0529237600000001,0.01958791999999998,0.033235899999999985,0.007112540000000056,0.012389689038000196,0.10072637459968314,0.11562812932972322,0.0838908497305706,0.09862850782318078,0.04102240963180992,0.11830378428504829
