observation_date,tot_asset,tot_liabilities,Leverage,LevFac,LogLev,Z-LevFac,Z-LogLev
1968Q1,13602.0,12750.0,15.964788732394366,-0.023052997309986556,2.770385592906268,-0.3577350279837335,-0.40346073832603885
1968Q2,15112.0,14187.0,16.337297297297297,-0.020950106888739037,2.7934506716689205,-0.3307477023257797,-0.35046902107066613
1968Q3,17661.0,16663.0,17.696392785571142,0.16459908645074606,2.873360821384907,2.050487408942019,-0.1668764956273615
1968Q4,18513.0,17435.0,17.1734693877551,-0.1021907343970488,2.843365715520234,-1.3733447150234832,-0.235789859651918
1969Q1,14615.0,13483.0,12.91077738515901,-0.1315147495244859,2.558062418782218,-1.7496728098432945,-0.8912704581941331
1969Q2,15847.0,14693.0,13.732235701906413,0.01472369620096204,2.6197460398747636,0.12707003830016622,-0.7495531442469313
1969Q3,12890.0,11767.0,11.478183437221727,-0.07884080162101179,2.44044814119479,-1.0736846692354531,-1.161487725052111
1969Q4,15402.0,14357.0,14.738755980861244,0.1481972633109318,2.690480485700284,1.8399955364288818,-0.5870416786684619
1970Q1,13071.0,12089.0,13.310590631364562,0.043223389953610414,2.588560006431086,0.4928192512327141,-0.8212026488321879
1970Q2,11741.0,10802.0,12.503727369542066,-0.09385126448633209,2.526026789421949,-1.2663205981121965,-0.9648718983030706
1970Q3,13298.0,12384.0,14.549234135667396,0.21597313983879676,2.67753835550825,2.7097934265755645,-0.6167760537762109
1970Q4,16246.0,15340.0,17.931567328918323,0.09187650931294943,2.88656269756792,1.117206315417849,-0.13654535749730431
1971Q1,14861.0,13923.0,15.843283582089553,0.01828014292048541,2.7627456617523447,0.1727114967590431,-0.4210133803839874
1971Q2,14332.0,13329.0,14.289132602193419,-0.1177438664208022,2.6594992904629087,-1.572944957948732,-0.6582205701496764
1971Q3,14491.0,13419.0,13.517723880597014,0.007843489241668153,2.6040017044151766,0.03877329020121744,-0.7857255493634977
1971Q4,17610.0,16476.0,15.529100529100528,0.01887040753557505,2.7427157172025542,0.1802866244170695,-0.46703191642046415
1972Q1,17559.0,16263.0,13.54861111111111,0.004957314758039927,2.6062840410471106,0.0017337326910623712,-0.7804819107561645
1972Q2,19128.0,17696.0,13.35754189944134,-0.02551144405413952,2.59208116161757,-0.389285365665063,-0.8131128407732371
1972Q3,19511.0,18062.0,13.465148378191856,0.06343525281870797,2.600104745749216,0.7522070537463137,-0.7946787610090108
1972Q4,23935.0,22454.0,16.161377447670493,0.05571194360692627,2.7826242875588107,0.6530904004250353,-0.37534249718426005
1973Q1,19698.0,17967.0,11.379549393414212,-0.18614885785945648,2.4318178315534387,-2.450816558832883,-1.181315748751789
1973Q2,19255.0,17274.0,9.719838465421505,-0.15206165696482113,2.2741689995504584,-2.013360388023049,-1.5435118815770053
1973Q3,18652.0,16421.0,8.36037651277454,-0.0857284806309458,2.123503463495679,-1.1620773094750103,-1.8896639831545647
1973Q4,22294.0,19813.0,8.985892785167271,-0.049189664196521654,2.195655879257768,-0.6931584688599034,-1.723894750163789
1974Q1,18709.0,15978.0,6.85060417429513,-0.09599528889012471,1.9243368490117136,-1.2938358144159667,-2.3472466790582
1974Q2,19969.0,16988.0,6.6987588057698755,-0.015297652371122267,1.90192225636532,-0.25820724596514794,-2.3987439129560246
1974Q3,20194.0,16963.0,6.2500773754255645,-0.003992142910653251,1.832593843739768,-0.11311862772047761,-2.558025035618647
1974Q4,21249.0,17768.0,6.104280379201379,-0.13176881553462277,1.8089902266102933,-1.7529333516598828,-2.612254037739139
1975Q1,21200.0,17469.0,5.682122755293487,0.09423491107689289,1.737324887438946,1.147472731486299,-2.7769042186233133
1975Q2,22818.0,18837.0,5.73172569706104,0.01449131474296258,1.7460166541559974,0.12408778396083593,-2.756934998094769
1975Q3,22519.0,18288.0,5.322382415504609,-0.008029412294590837,1.6719210255742722,-0.16493069673383767,-2.9271687371626682
1975Q4,27486.0,23005.0,6.133898683329614,0.030932297320130933,1.813830548328654,0.3350822069054076,-2.601133461799908
1976Q1,30729.0,26493.0,7.254249291784703,0.3058523492776889,1.9815874063833472,3.8632531934272567,-2.215714271119384
1976Q2,32478.0,28174.0,7.546003717472119,0.04175100537782464,2.0210181141834127,0.4739234867939251,-2.1251227348657262
1976Q3,36812.0,32534.0,8.604955586722769,0.1822028034647244,2.1523382683163965,2.2764037187252275,-1.8234163956263787
1976Q4,44145.0,39679.0,9.884684281236005,0.02554248293993726,2.2909865169355794,0.26591232794047387,-1.5048738550009724
1977Q1,38750.0,34359.0,8.824869050330221,0.022784066314331053,2.1775737642197757,0.2305123436981249,-1.765438173333189
1977Q2,43360.0,38851.0,9.616322909736084,0.08190788454682504,2.2634619576924435,0.9892745315231157,-1.5681111704248756
1977Q3,43092.0,38567.0,9.523093922651933,0.03820187383939983,2.2537197878800566,0.42837590729923913,-1.590493678347969
1977Q4,45517.0,41152.0,10.427720504009164,-0.020760870279768515,2.344467693258013,-0.3283191449739113,-1.3820015507991703
1978Q1,47828.0,43275.0,10.504722161212387,0.13330015351418087,2.3518248857046884,1.6488143177666608,-1.3650984972289015
1978Q2,51584.0,46896.0,11.003412969283277,0.039573613313658974,2.3982054946094515,0.4459800485020605,-1.2585396539444398
1978Q3,54589.0,49674.0,11.106612410986775,0.053460579849375627,2.4075406436534244,0.6241976505767147,-1.2370922709215828
1978Q4,54369.0,49505.0,11.177837171052632,-0.09810866378337882,2.4139329938289578,-1.3209576919542918,-1.2224059298695982
1979Q1,53450.0,48468.0,10.728623042954636,0.0792635086783055,2.3729152206310653,0.9553380829071032,-1.3166437281496235
1979Q2,68706.0,63500.0,13.197464464079907,0.18778360206066963,2.5800247250868837,2.348024582855122,-0.8408123462601197
1979Q3,70501.0,65112.0,13.082390053813324,0.033157275826826024,2.5712670551634287,0.36363634312450094,-0.8609329785447608
1979Q4,67470.0,62010.0,12.357142857142858,-0.15143794147483175,2.5142342648825204,-2.005355970447991,-0.991965069436408
1980Q1,63046.0,57485.0,11.33716957381766,0.03200033200663342,2.4280866704800648,0.34878876983774243,-1.1898880425934488
1980Q2,76056.0,69669.0,11.907937999060591,0.02804015397841261,2.477205236477277,0.2979660483914836,-1.0770387786434685
1980Q3,77261.0,70680.0,11.740009117155447,0.02608216495219095,2.463002590988699,0.27283830661690434,-1.1096691711842346
1980Q4,91220.0,84063.0,12.745563783708258,-0.011505383205203099,2.545183272527094,-0.2095393734363628,-0.9208601285293249
1981Q1,90687.0,83280.0,12.24341838801134,0.07336769133274615,2.5049885181590477,0.879674443415117,-1.0132070517954017
1981Q2,95747.0,87950.0,12.279979479286904,-0.017091307498750385,2.5079702516497586,-0.28122601791744134,-1.006356558038299
1981Q3,93257.0,85719.0,12.371583974529052,0.0450658540835805,2.5154022278857218,0.5164644107646613,-0.9892816896887265
1981Q4,121345.0,113044.0,14.61811829900012,0.06910825464063261,2.6822617387194017,0.8250112027783023,-0.6059241425302191
1982Q1,102549.0,94431.0,12.63229859571323,-0.03064002395498605,2.53625691471333,-0.45510270666796393,-0.9413683190390929
1982Q2,109250.0,101037.0,13.302082065018872,0.029927949645650195,2.587920569217644,0.32219296765111455,-0.8226717474797999
1982Q3,129048.0,120220.0,14.618033529678296,0.125023498494603,2.6822559397809966,1.5425963322192362,-0.6059374655154776
1982Q4,149990.0,139820.0,14.748279252704032,-0.0842028449942313,2.6911264151467997,-1.142498150548142,-0.5855576642001434
1983Q1,141833.0,130918.0,12.994319743472285,-0.010657227724415005,2.564512319164387,-0.1986546178935477,-0.8764518962939383
1983Q2,155530.0,143811.0,13.271610205648946,-0.0005897991808955332,2.5856271827800033,-0.06945484129227301,-0.8279407728714477
1983Q3,174432.0,162414.0,14.514228657014478,0.11418088011531229,2.675129454970134,1.403448200566592,-0.6223104713052271
1983Q4,193504.0,180847.0,15.288298964999605,-0.039059262397193456,2.727087762280491,-0.5631505285307044,-0.5029369387718573
1984Q1,186401.0,173622.0,14.58650911651929,0.06551786567516213,2.680097068417401,0.7789341484197619,-0.6108974442811093
1984Q2,195440.0,182843.0,15.514805112328332,0.038088576538482084,2.741794736579319,0.42692191277572966,-0.46914785737546266
1984Q3,209889.0,196544.0,15.72791307605845,0.03649610289061885,2.7554370366892873,0.4064849920011801,-0.4378048510246249
1984Q4,255130.0,241150.0,18.24964234620887,0.05494369140154534,2.9041454823684605,0.6432310790621291,-0.09614913902780509
1985Q1,229399.0,215053.0,15.990450299735118,-0.018709747663418416,2.771991687783619,-0.3019961785213864,-0.39977075631896763
1985Q2,253334.0,238231.0,16.773753558895585,0.023113933687561053,2.819815376603547,0.2347456780342101,-0.28989645577427897
1985Q3,265873.0,249791.0,16.53233428678025,0.00797670033808923,2.8053181170342283,0.04048284729655862,-0.3232037203182459
1985Q4,356926.0,338390.0,19.255826499784202,0.0560612362594491,2.9578136902503265,0.6575730279877078,0.02715286773938859
1986Q1,372604.0,351818.0,17.925719234099876,0.03996382757924977,2.8862365103166887,0.45098784127883806,-0.1372947684474001
1986Q2,391443.0,369081.0,17.504829621679637,-0.046362077073230396,2.8624768212361333,-0.6568707889354172,-0.19188234383739083
1986Q3,405218.0,382094.0,17.523698322089604,0.02252732407039959,2.863554154675052,0.2272174565860224,-0.18940718433013698
1986Q4,426495.0,402590.0,17.84124660112947,-0.07506351234243148,2.881513001455523,-1.02520904024625,-0.14814696837265923
1987Q1,432544.0,407023.0,16.948552172720504,0.057592574405754174,2.83018241263956,0.6772253697498932,-0.2660783258623965
1987Q2,430299.0,404614.0,16.752929725520733,-0.03278616330840533,2.8185731519625947,-0.4826450650585247,-0.2927504506649273
1987Q3,471418.0,444845.0,17.740488465735897,0.07544608530180769,2.875849511211261,0.9063473952350772,-0.16115876325056985
1987Q4,451702.0,425133.0,17.00109149761,-0.1299445591557297,2.83327754773688,-1.7295218602748106,-0.2589672933949962
1988Q1,480741.0,452428.0,16.979514710556987,0.10316766523576967,2.8320076004133576,1.2621107283463713,-0.26188498078682465
1988Q2,497066.0,468012.0,17.108349969023198,-0.013073142177492895,2.839566646609909,-0.22965911981537954,-0.2445181708621791
1988Q3,517410.0,487876.0,17.519130493668314,0.04022067298854604,2.8632934549198366,0.4542840523578333,-0.19000613861332344
1988Q4,502446.0,473249.0,17.208822824262768,-0.1010340896632047,2.845422207202014,-1.3585009800445154,-0.2310650968683042
1989Q1,553902.0,524630.0,18.922588138835746,0.19139688329565765,2.9403563480756985,2.394395423863826,-0.012955147935204468
1989Q2,641187.0,611529.0,21.619360712118148,0.10826990965568029,3.0735892424916504,1.3275900944395025,0.29314568712620526
1989Q3,621352.0,590780.0,20.32421823891142,-0.043540563604872115,3.0118131916639648,-0.6206610549190743,0.15121601706953933
1989Q4,615811.0,586163.0,20.770743389098758,-0.059067889306709184,3.033545428730369,-0.8199301138669969,0.20114554793307074
1990Q1,596622.0,567676.0,20.61155254612036,0.08535484183222306,3.025851721813908,1.0335108635022718,0.18346935676293796
1990Q2,585681.0,556446.0,20.03355566957414,-0.05142805339423994,2.997408651126315,-0.7218847104261343,0.11812177329003501
1990Q3,584625.0,556741.0,20.96632477406398,0.06138350064734477,3.042917568421898,0.725876007935023,0.22267791648563529
1990Q4,611464.0,584797.0,22.92961337983275,0.008388891376107294,3.132429235839431,0.04577267774320849,0.4283298034641214
1991Q1,636614.0,608137.0,22.355374512764687,0.06517918374764904,3.1070667625209976,0.7745876929982584,0.3700598522180153
1991Q2,676860.0,647964.0,23.424003322259136,0.02286276529756917,3.153761279610309,0.23152232266238162,0.47733989545721817
1991Q3,733987.0,704764.0,25.116757348663725,0.08258967376444319,3.2235352468290808,0.9980242350074404,0.637644673979363
1991Q4,725379.0,695767.0,24.496116439281373,-0.10235259376072796,3.1985145923038254,-1.3754219280414621,0.580160046946846
1992Q1,736879.0,705940.0,23.81715633989463,0.060203481781702345,3.170406175603953,0.7107323023534791,0.5155813266405576
1992Q2,809304.0,776127.0,24.393525635229224,7.707422447824838e-05,3.1943177542710477,-0.060896559043417516,0.5705178663721295
1992Q3,900447.0,867102.0,27.00395861448493,0.11053378761142929,3.2959834706086424,1.3566434445448383,0.8040935220273905
1992Q4,866870.0,832624.0,25.31302925889155,-0.13709973702329678,3.2313192536414146,-1.8213474320219407,0.6555283279810568
1993Q1,963082.0,927147.0,26.800667872547656,0.14040498877894514,3.2884268078237473,1.7399938205590886,0.7867321879599013
1993Q2,982082.0,945748.0,27.029283866351076,-0.0148290981476593,3.296920865906716,-0.2521940817559053,0.8062471754834748
1993Q3,1075908.0,1034798.0,26.171442471418146,-0.022604494990661635,3.2646688342977144,-0.3519791987556995,0.7321485540340228
1993Q4,1078672.0,1036831.0,25.780263378026337,-0.0845786358404743,3.249609213829155,-1.1473208411859268,0.6975492726677984
1994Q1,1150376.0,1108078.0,27.196936025343987,0.13223279021072173,3.3031043208298407,1.6351163709907595,0.8204535824209674
1994Q2,1157470.0,1116369.0,28.161601907496166,0.011159940513907934,3.337959415591507,0.08133478061857072,0.9005327074708337
1994Q3,1191533.0,1150478.0,29.022847399829498,0.03848853116383532,3.3680833611757968,0.432054707910347,0.9697420790687197
1994Q4,1078913.0,1039275.0,27.219158383369493,-0.12936899889259718,3.303921077692028,-1.7221354400885795,0.822330070645993
1995Q1,1174312.0,1132858.0,28.32807449220823,0.11484188705410041,3.3438533444378957,1.4119311958472778,0.9140739320278833
1995Q2,1199260.0,1157722.0,28.87139486735038,-0.004550403507351031,3.3628513079683886,-0.12028303361289157,0.9577215051489384
1995Q3,1245359.0,1202744.0,29.22348938167312,0.01984590393401886,3.3749728167723463,0.19280560244700726,0.9855705133338978
1995Q4,1318132.0,1274441.0,30.16941704241148,-0.032308589072044785,3.4068287305584186,-0.47651614302231865,1.0587590592579854
1996Q1,1418952.0,1373175.0,30.99705092076807,0.09878630318023893,3.433892068371723,1.2058827654324193,1.1209367244698407
1996Q2,1432981.0,1386932.0,31.118612782036525,-0.019039334308501486,3.437806121903925,-0.3062259101486257,1.129929211347305
1996Q3,1479369.0,1432157.0,31.334597136321275,0.014197430450951908,3.444722826926408,0.12031623646881578,1.1458202508127209
1996Q4,1524421.0,1476755.0,31.98130743087316,-0.04241041497976161,3.465151589336646,-0.6061573562576613,1.1927550656755004
1997Q1,1675604.0,1624584.0,32.84210113680909,0.09530437778544223,3.4917112635609486,1.1611976721928332,1.2537755703688571
1997Q2,1749969.0,1697071.0,33.081950168248326,-0.015215746660741741,3.4989878215087664,-0.2571561136489077,1.2704933672309893
1997Q3,1895065.0,1838053.0,33.23975654248228,0.011685445245368034,3.5037466457270403,0.08807881596126632,1.2814267037280285
1997Q4,1837633.0,1779146.0,31.419512028313985,-0.11565211157591937,3.447429102099426,-1.546100540082219,1.1520378826820739
1998Q1,2149500.0,2086085.0,33.89576598596547,0.1403526017351669,3.5232901094169433,1.739321514386396,1.326327556341761
1998Q2,2167522.0,2102653.0,33.41383403474695,-0.03576062407871551,3.5089700068856486,-0.5208176396511409,1.2934273077791996
1998Q3,2162561.0,2099068.0,34.05983336745783,0.025330385696398196,3.5281187828989644,0.2631903899237762,1.337421370610113
1998Q4,1947576.0,1882470.0,29.913924983872455,-0.18372556718711722,3.39832409050759,-2.4197173946170394,1.0392197598014417
1999Q1,2039113.0,1971224.0,30.035985211153502,0.06660471166896015,3.4023961698668113,0.7928821252036731,1.0485753089528584
1999Q2,2051072.0,1977689.0,27.9502337053541,-0.0908163766775913,3.330425561117281,-1.2273725365288197,0.8832237751992579
1999Q3,2052233.0,1976780.0,27.198825759081814,-0.020484867750391746,3.3031738017480814,-0.32477708207446115,0.8206132139232892
1999Q4,2177094.0,2097955.0,27.509748670061537,-0.0413818976641393,3.3145404389464237,-0.5929579372764872,0.8467279144520505
2000Q1,2490878.0,2404534.0,28.848304456592235,0.10698665209977347,3.3620512202250232,1.311121480947154,0.9558833140067274
2000Q2,2471864.0,2383995.0,28.131240824409062,-0.04282662771708569,3.336880731888302,-0.6114987989556073,0.8980544457490142
2000Q3,2509752.0,2420114.0,27.99875052990919,0.001990746465293177,3.332159885247712,-0.03633755423572957,0.887208362240763
2000Q4,2522374.0,2432298.0,28.002731027132644,-0.051184584007855825,3.3323020421021194,-0.7187601597830284,0.8875349657573691
2001Q1,2605014.0,2512524.0,28.165358417126175,0.06350266372489496,3.3380927978870876,0.7530721678101682,0.9008391515531196
2001Q2,2771937.0,2677930.0,29.48649568649143,0.02744177824650822,3.383932385196298,0.2902868271731282,1.006155004786882
2001Q3,2919959.0,2825680.0,30.971467665121608,0.05437596986211819,3.4330663827596175,0.6359452566946154,1.119039722558476
2001Q4,2975864.0,2878783.0,30.65341312924259,-0.060026764246431316,3.4227440143958163,-0.8322357813435649,1.0953242160401946
2002Q1,3032331.0,2933130.0,30.567544682009252,0.05346179495108564,3.4199388147840315,0.6242132445160016,1.0888793065646074
2002Q2,2991502.0,2892203.0,30.12620469491133,-0.03209659570745364,3.405395380883821,-0.4737955381302423,1.055465957098397
2002Q3,2975691.0,2877804.0,30.399246069447425,0.013898645347560171,3.414417807757518,0.11648179469024958,1.0761948650188162
2002Q4,2869131.0,2771018.0,29.243127822001163,-0.08620894731457027,3.3756445998172997,-1.1682433515700987,0.9871139261070103
2003Q1,3065545.0,2965439.0,30.62298963099115,0.09974845734949012,3.4217510220078533,1.2182305167162621,1.09304282899612
2003Q2,3453736.0,3348639.0,32.86236524353692,0.05169830797698001,3.4923280894325117,0.6015816338610275,1.255192719753779
2003Q3,3407760.0,3297927.0,31.026740597088306,-0.051287377433095124,3.4348494325657306,-0.7200793534102379,1.1231362562035632
2003Q4,3480456.0,3370072.0,31.5304391940861,-0.03054847484990405,3.450953402863258,-0.4539278163895268,1.160134917663905
2004Q1,3743074.0,3630888.0,33.364894015296024,0.1074380795697118,3.507504269827103,1.3169148499306624,1.2900597960279305
2004Q2,3917262.0,3804618.0,34.77559390646639,0.021983206766565375,3.5489158162105108,0.2202345578451596,1.3852022830594797
2004Q3,4179266.0,4063159.0,35.99495293134781,0.03966262975552035,3.583378732276233,0.4471224359898499,1.4643803826767903
2004Q4,4298177.0,4181530.0,36.847728617109745,-0.022670438342525856,3.6067939781225755,-0.35282547904389494,1.5181766042341855
2005Q1,4542507.0,4424544.0,38.50789654383154,0.09264054612727195,3.6508633252971623,1.1270115387972752,1.6194253538758288
2005Q2,4629057.0,4510224.0,38.95430562217566,-0.0077142050738411815,3.6623893084968993,-0.16088550263805448,1.6459061497619296
2005Q3,4790103.0,4668765.0,39.4773525194086,0.018096188284758306,3.6757271535378293,0.17035072531299103,1.676549674567464
2005Q4,4708550.0,4584158.0,37.85251463116599,-0.08601743702641078,3.63369741443135,-1.165785615084551,1.5799868978275018
2006Q1,5130413.0,4998095.0,38.77335661058964,0.07087836926633412,3.657733325458812,0.8477278690263582,1.6352090895333884
2006Q2,5168426.0,5034995.0,38.7348217430732,-0.01976396111649925,3.656738982113117,-0.3155253674338598,1.6329245986815666
2006Q3,5477961.0,5342385.0,40.405093821915386,0.0458827758076447,3.6989558617199725,0.5269483296515517,1.7299173282773164
2006Q4,5547796.0,5414095.0,41.49405015669292,-0.01698901211154434,3.7255500472399894,-0.2799132158332518,1.7910171222219007
2007Q1,6230096.0,6087656.0,43.73838809323224,0.09720418813020246,3.778226162562991,1.185578781139051,1.9120398092906234
2007Q2,6545134.0,6399599.0,44.97292060329131,0.008858746570271515,3.8060605442661664,0.05180253788659562,1.9759889377705633
2007Q3,6428153.0,6284709.0,44.812979281113186,0.00010082082195641976,3.8024978135576117,-0.060591808423539,1.9678036104925805
2007Q4,6166708.0,6031443.0,45.589827375891765,-0.025796485158266914,3.8196846077714115,-0.3929434246039711,2.007290045760197
2008Q1,6348464.0,6213272.0,46.958873306112785,0.0724312011009458,3.849272182602388,0.8676560488255902,2.0752671125566944
2008Q2,5822971.0,5681592.0,41.186958459177106,-0.1467900169930259,3.718121663992424,-1.9457070936655019,1.7739505087162524
2008Q3,5935976.0,5798077.0,43.0458233924829,0.04674471619556355,3.762265208571012,0.538009993022822,1.8753697259246607
2008Q4,4035201.0,3904098.0,30.778860895631677,-0.37001102664176255,3.4268281197867307,-4.810401335562306,1.104707394842381
2009Q1,3834583.0,3698036.0,28.08251371322695,-0.047752123138119516,3.3351470948527755,-0.6747098667369439,0.8940714372990796
2009Q2,3886465.0,3726907.0,24.35769438072676,-0.15450535039591934,3.192847790608898,-2.044721389893097,0.5671406440542744
2009Q3,4007087.0,3840303.0,24.02560797198772,-0.010884481287859689,3.1791202603421103,-0.20157106368722527,0.5356018225311464
2009Q4,3868204.0,3697265.0,22.629148409666605,-0.0924019926825441,3.1192388279018797,-1.2477214501297194,0.39802501347825125
2010Q1,4148060.0,3970202.0,23.322313306120613,0.07248974559660348,3.1494105549381275,0.8684073763098142,0.4673441623380436
2010Q2,4087722.0,3908050.0,22.75102408833875,-0.03621907073145797,3.1246101592558535,-0.5267010889214172,0.4103655771209643
2010Q3,4078395.0,3900739.0,22.956697212590626,0.01159063096292229,3.1336097114781722,0.08686202221322568,0.4310419308285567
2010Q4,4132946.0,3945092.0,22.000841078710064,-0.07345278849265234,3.091080683477993,-1.0045379065343776,0.33333204437542385
2011Q1,4317382.0,4125886.0,22.545546643271923,0.06535415101117943,3.1155375583421034,0.7768331255099412,0.38952139499873534
2011Q2,4373358.0,4180678.0,22.697519202823333,-0.004602671905854429,3.1222556322959467,-0.12095381715813883,0.40495608217783124
2011Q3,4277450.0,4090676.0,22.90174221251352,0.011307840900456827,3.131212986815384,0.08323285189056993,0.42553548721410445
2011Q4,4143391.0,3966477.0,23.420368088449756,-0.008352950077292507,3.153606074888495,-0.16908280062674638,0.47698331463563487
2012Q1,4309519.0,4123472.0,23.163603820539972,0.02925108375140903,3.1425822459769073,0.3135064473597663,0.451656211669034
2012Q2,4289162.0,4102860.0,23.02262992345761,-0.017069730527808528,3.1364776419228004,-0.28094911107739085,0.43763096357341325
2012Q3,4359467.0,4165518.0,22.477388385606524,-0.021176142644213254,3.1125098432591467,-0.33364851944952956,0.38256525913391154
2012Q4,4378225.0,4182704.0,22.3926074437017,-0.03382040997892106,3.108730879556068,-0.4959180113926966,0.373883139374749
2013Q1,4368228.0,4166582.0,21.6628547057715,0.00699728541951386,3.0755990290921584,0.02791358115944271,0.29776314559550854
2013Q2,4214058.0,4012071.0,20.863015936669193,-0.04761441381512693,3.0379780190198122,-0.672942581904512,0.21132936623883875
2013Q3,4108945.0,3908315.0,20.480212331156856,-0.015412651247530138,3.019459167849831,-0.2596830775617734,0.16878254750943517
2013Q4,4064272.0,3860919.0,19.98628985065379,-0.05336500144453642,2.9950465310190033,-0.7467424240224897,0.1126948331898961
2014Q1,4113030.0,3905219.0,19.79216692090409,0.029761477150553023,2.985286249370838,0.32005655227117563,0.09027071356062068
2014Q2,4110476.0,3905244.0,20.028436111327668,0.0018366825473290112,2.9971530693118944,-0.03831472484064044,0.11753457740899036
2014Q3,4034508.0,3827182.0,19.459730086916256,-0.025195747917611613,2.9683472065134793,-0.38523389709620515,0.05135348379909616
2014Q4,3929484.0,3719657.0,18.72725626349326,-0.06599956301001861,2.929980016856969,-0.9088873575235211,-0.036794633407994125
2015Q1,3916503.0,3706415.0,18.64220231522029,0.034284013900203546,2.9254279522364586,0.37809627266253915,-0.04725294242920058
2015Q2,3818821.0,3608858.0,18.188066468854036,-0.03402523760794837,2.900765690500513,-0.4985466552214261,-0.10391416670845127
2015Q3,3778727.0,3563768.0,17.578826659967714,-0.029874651010768898,2.866695147138141,-0.4452803361408673,-0.18219079516372344
2015Q4,3598663.0,3387699.0,17.058185282797066,-0.05658779217162335,2.8366301637676417,-0.7881019271143018,-0.25126470184540134
2016Q1,3595173.0,3381710.0,16.84213657636218,0.02558806385786902,2.8238838758471076,0.2664972880808521,-0.28054913189184094
2016Q2,3671525.0,3456345.0,17.062575518170835,0.00357195573324714,2.8368874989087662,-0.01604519424564826,-0.250673477719151
2016Q3,3673303.0,3454808.0,16.811840087873865,-0.010408046503875865,2.8220834053128283,-0.19545676474885232,-0.2846856894323967
2016Q4,3470742.0,3261025.0,16.54964547461579,-0.0414445239183369,2.8063646801202626,-0.5937616477787994,-0.32079925529492054
2017Q1,3563052.0,3348499.0,16.60686170782977,0.04099722925115524,2.8098159658478448,0.46424994337098713,-0.31286997140538636
2017Q2,3716335.0,3500130.0,17.188941051317038,0.024555274652706696,2.844266214897882,0.2532430460461197,-0.2337209740911967
2017Q3,3628267.0,3404838.0,16.239015526185053,-0.051482094936749705,2.7874167125872447,-0.7225782495150156,-0.3643319632646638
2017Q4,3572691.0,3350747.0,16.09726327361857,-0.03385447313239734,2.778649274536611,-0.4963551589523188,-0.38447503769393815
2018Q1,3617734.0,3391206.0,15.970361279841786,0.029082526450956415,2.7707345843781632,0.31134327674784174,-0.4026589349767633
2018Q2,3665854.0,3448004.0,16.827422538443884,0.0416097401022147,2.823009849620342,0.4721105668440666,-0.28255719573411775
2018Q3,3711484.0,3488569.0,16.649772334746427,-0.005150519511338441,2.8123965427441653,-0.12798458851490604,-0.3069411296852795
2018Q4,3811421.0,3588665.0,17.110295570040762,0.0021568430858838923,2.8396803624504403,-0.03420596262007704,-0.2442569102035492
2019Q1,3837394.0,3616040.0,17.336004770638887,0.04919144096927186,2.85278553942085,0.5694098974573468,-0.2141479372516736
2019Q2,3964453.0,3735413.0,17.308998428222143,-0.012006262246321486,2.851226506637287,-0.21596737637047977,-0.21772979471284196
2019Q3,4062501.0,3826968.0,17.248118098100903,0.001904691732505374,2.847703041763727,-0.03744193279710744,-0.2258249092476887
2019Q4,3941772.0,3701434.0,16.400951992610405,-0.07414258982114448,2.7973393814753162,-1.0133904329918728,-0.34153476107228303
2020Q1,4216858.0,3964018.0,16.67797025787059,0.05189209228464563,2.8140887023480934,0.6040685538476954,-0.303053415092797
2020Q2,3999168.0,3740651.0,15.469651899101413,-0.08415303636099955,2.7388801626576913,-1.1418589342618244,-0.47584405289961856
2020Q3,4024563.0,3767469.0,15.654052603327965,0.016974709882181672,2.7507298357531322,0.15595829546363033,-0.4486195837051333
2020Q4,4198807.0,3930195.0,15.631494497639718,-0.024778534344516767,2.749287757113769,-0.3798796102288231,-0.45193274054728105
2021Q1,4245145.0,3964662.0,15.135124053864226,0.0028227470304307764,2.717018138929303,-0.02566012189208433,-0.5260717669242022
2021Q2,4289165.0,4001043.0,14.886627886797953,-0.025059640058207516,2.7004633527336543,-0.3834871645564439,-0.5641061720233715
2021Q3,4392226.0,4098426.0,14.949714091218516,0.009192585936222065,2.7046921753206132,0.05608684656731497,-0.5543905073531031
2021Q4,4380278.0,4083458.0,14.757354625699078,-0.0356614149585458,2.691741577208299,-0.5195444450009553,-0.584144337397116
2022Q1,4572680.0,4294351.0,16.42904620071929,0.13994646493202068,2.7990508780645813,1.73410938062163,-0.3376026200085063
2022Q2,4432482.0,4156371.0,16.053261188435087,-0.03110737955048918,2.77591201824647,-0.4611004883528638,-0.39076384827530536
2022Q3,4424155.0,4143807.0,15.780940117282805,-0.011939511107161224,2.758802890150267,-0.2151107293895645,-0.4300718466519685
2022Q4,4373062.0,4082941.0,15.073234960585411,-0.06743046095857447,2.712920651883466,-0.9272507056708137,-0.5354856899038257
2023Q1,4803777.0,4501526.0,15.893336994749397,0.08416534993258784,2.765899964463291,1.0182455862730808,-0.4137664110969375
2023Q2,4809159.0,4504411.0,15.780772966516597,-0.014824916273848188,2.7587922981544675,-0.2521404139141288,-0.43009618162399943
2023Q3,4757062.0,4449712.0,15.477670408329267,-0.013987242834225387,2.739398366418756,-0.24139017905562019,-0.4746534865256825
2023Q4,4875773.0,4568161.0,15.850399204192295,0.0022106289919612485,2.7631946863904897,-0.03351570422693803,-0.4199817521415638
2024Q1,5144981.0,4830219.0,16.345623042171546,0.06091898348001721,2.7939601576614734,0.7199146530580808,-0.3492984836560419
2024Q2,5169437.0,4851097.0,16.238729031852735,-0.01404426643375734,2.7873990700855114,-0.24212198820516426,-0.36437249668200655
2024Q3,5508286.0,5177843.0,16.669398353119902,0.031064481966760607,2.8135746045168983,0.33677859111522307,-0.30423454814647644
2024Q4,5269635.0,4928151.0,15.431572196647574,-0.09712597584802343,2.736415553384514,-1.3083464217408656,-0.48150646051995016
2025Q1,5758906.0,5400221.0,16.055608681712368,0.06865199796481275,2.7760582391063733,0.8191558584533891,-0.39042790775914393
2025Q2,6018017.0,5651955.0,16.439884500439817,0.015908156664969746,2.7997103640826624,0.14227074488390912,-0.3360874594940488
