This file was created using the 202510 CRSP database.,,,,,,,,,,
It contains value- and equal-weighted returns for  10 prior-return portfolios.,,,,,,,,,,
The portfolios are constructed monthly. PRIOR_RET is from -12 to - 2.,,,,,,,,,,
,,,,,,,,,,
Annual returns are from January to December.,,,,,,,,,,
,,,,,,,,,,
Missing data are indicated by -99.99 or -999.,,,,,,,,,,
,,,,,,,,,,
,,,,,,,,,,
  Value Weight Returns -- Monthly,,,,,,,,,,
,Lo PRIOR,PRIOR 2,PRIOR 3,PRIOR 4,PRIOR 5,PRIOR 6,PRIOR 7,PRIOR 8,PRIOR 9,Hi PRIOR
192701,-3.32,-4.54,2.67,-0.29,-0.41,0.93,0.3,0.71,-0.14,-0.24
192702,7.39,6.01,7.03,7.46,4.34,3.98,2.99,3.2,4.14,7.04
192703,-3.23,-3.05,-3.84,-4.8,-0.46,-2.35,1.96,0.49,0.35,6.13
192704,1.28,-3.01,-2.44,0.43,1.19,-0.16,2.03,-0.74,1.81,5.49
192705,2.71,4.54,5.97,3.14,6.14,5.93,5.22,6.32,8.19,5.92
192706,-6.13,-3.21,-3.7,-2.43,-2.14,-1.87,-1.98,-1.6,-2.38,-1.7
192707,4.11,5.06,4.2,4.81,8.33,7.02,8.56,7.04,6.33,13.33
192708,-0.54,0.65,1.57,1.64,3.07,1.29,2.36,2.67,0.38,5.48
192709,-0.39,3.63,2.92,4.71,4.17,5.08,4.72,4.37,5.58,7.29
192710,-6.06,-3.37,-1.76,-3.08,-3.31,-3.57,-3.01,-5.54,-5.27,-6.04
192711,13.64,5.8,5.11,6.09,6.76,4.65,7.24,8,10.36,6.21
192712,4.65,0.46,0.54,3.91,2.01,1.16,1.59,1.13,5.09,5
192801,-0.4,-1.16,-1.43,-0.92,0.19,0.13,-0.23,0.75,-1.47,-0.87
192802,-1.33,-1.34,-1.28,-1.57,-1.36,-0.31,-1.38,-2.92,-2.74,0.17
192803,7.02,7.21,6.41,4.19,4.94,5.51,6.58,7.02,20.65,12.75
192804,7.5,7.84,13.11,6.29,4.67,4.21,1.12,3.01,1.4,2.92
192805,3.85,1.97,-2.66,-0.95,1.66,0.41,3.02,0.55,2.98,5.21
192806,-8.11,-8.48,-4.1,-4,-3.97,-3.41,-5.56,-5.27,-4.29,-3.57
192807,-1.29,0.47,-0.5,0.14,1.29,1,0.32,-0.08,2.27,2.19
192808,7.14,3.54,3.91,4.58,6.36,6.61,6.64,10.94,10.84,9.13
192809,1.38,5.21,0.58,1.32,0.39,3.67,4.8,3.83,6.09,5.67
192810,-3.77,-1.29,2.01,0.02,1.1,1.19,0.54,5.1,1.6,7.28
192811,7.61,8.83,9.44,11.11,11.5,10.29,18.69,10.64,5.98,24.6
192812,-3.15,0.45,-0.87,-0.14,-0.48,-1.79,2.14,3.37,0.36,2.18
192901,4.87,3.51,3.34,4.28,7.18,2.7,4.78,8.45,6.68,-2.15
192902,-3.88,2.41,-2.21,-2.18,-0.12,-1.06,-0.18,0.26,0.57,3.17
192903,-0.97,-2.2,0.41,-2.39,2.37,1.73,-1.47,-0.82,-2.77,2.36
192904,-8.31,0.97,-0.08,1.32,0.24,1.73,3.37,4.2,2.92,0.65
192905,-10,-9.68,-3.5,-3.72,-0.99,-8.77,-3.71,-4.09,-5.88,-12.35
192906,-1.9,4.74,4.33,6.41,5.03,6.55,10.99,12.54,18.49,9.35
192907,2.06,-1.15,1.08,-0.44,4.69,5.51,8.28,3.81,4.86,5.35
192908,-0.69,0.81,4.63,3.13,4.86,6.89,11.31,12.12,13.08,8.57
192909,-9.35,-11.17,-5.93,-4.62,-3.65,-4.72,-2.25,-7.42,-5.99,-3.15
192910,-32.6,-27.17,-26.27,-16.97,-11.14,-14.37,-9.59,-15.83,-15.96,-27.07
192911,-15.72,-14.43,-13.74,-8.86,-8.66,-7.63,-8.25,-10.99,-13.17,-16.36
192912,-3.05,-6.66,-0.08,2.24,1.2,0.99,-5.32,2.13,2.82,4.21
193001,13.92,6.79,4.8,7.74,6.2,7.72,4.3,3.85,7.79,3.8
193002,2.24,0.41,3.02,1.55,3.85,1.15,1.23,3.3,2.27,3.54
193003,13.17,3.01,11.94,11.44,6.98,5.96,4.98,6.77,4.84,8.8
193004,-1.81,6.27,-10.33,-9.93,-3.88,1.49,-3.01,-3.29,-1.19,-1.33
193005,-0.41,-7.83,4.78,-0.7,0.91,-2.66,-4.03,-1.09,-0.93,-1.03
193006,-25.77,-24.54,-15.66,-22.54,-15.66,-16.96,-13.48,-10.95,-13.47,-16.3
193007,4.94,5.82,5.4,5.48,9.15,5.24,4.89,3.3,1.43,6.52
193008,-3.99,-0.49,-3.35,-3.91,1.55,1.59,2.1,0.71,0.09,1.17
193009,-21.88,-23,-23.35,-15.92,-14.85,-11.79,-13.41,-9.08,-10.02,-11.69
193010,-18.81,-13.36,-16.58,-15.53,-9.95,-10.12,-7.16,-6.08,-9.03,-7.22
193011,1.42,4.49,-3.79,-1.63,-3.14,-2.86,-4.61,-0.66,-3.41,-1.69
193012,-27.43,-14.61,-15.84,-12.86,-11.87,-10.45,-8.99,-4.34,-5.18,-2.86
193101,23.16,17.34,9.49,10.39,11.26,4.32,4.36,4.62,5.79,5.61
193102,24.39,34.78,15.94,21.71,17.74,12.45,11.99,8.43,8.04,6.52
193103,-15.66,-14.84,-11.28,-12.74,-6.79,-7.41,-9.13,-4.64,-4.37,-0.8
193104,-25.72,-16.55,-18.97,-19.16,-15.8,-11.88,-10.59,-9.43,-6.03,-4.23
193105,-19.16,-19.38,-18.66,-14.61,-15.49,-15.54,-12.44,-13.5,-11.43,-9.93
193106,37.11,34.99,21.41,23.09,20.34,15,17.24,11.51,11.19,7.82
193107,-15.15,-11.27,-11.17,-12.26,-9.82,-8.42,-7.2,-5.38,-4.64,-1.05
193108,8.54,-0.8,5.5,-0.88,2.95,0.55,-3.29,-0.63,0.98,-0.54
193109,-40.55,-38.71,-34.26,-32,-29.23,-29.25,-29.95,-26.6,-27.26,-23.57
193110,0.77,9.48,4.36,1.25,9.09,8.54,10.62,6.7,9.52,12.82
193111,-13.46,-20.26,-14.63,-10.44,-14.63,-11.3,-8.89,-6.03,-7.9,-3.24
193112,-30.54,-24.11,-21.1,-22.66,-20.27,-14.92,-12.98,-10.05,-11.49,-5.3
193201,17.08,9,2.66,1.77,0.23,-2.88,-4.3,-3.41,0.32,-0.8
193202,8.2,-1.36,7.47,-0.93,6.98,4.44,6.52,7.83,5.8,1.9
193203,-20.52,-22.87,-17.43,-15.18,-14.44,-12.28,-14.25,-9.47,-7.3,-4.87
193204,-26.67,-22.09,-22.71,-21.82,-17.25,-22.33,-24.18,-19.07,-13.98,-9.66
193205,-37.08,-39.09,-33.24,-21.53,-26.14,-26.01,-14.96,-18.41,-17.79,-12.77
193206,5.91,2.57,-1.02,-6.86,-4.29,2.48,-1.07,-2.37,3.99,1.28
193207,74.94,78.6,59.74,52.24,44.34,44.17,32.9,32.8,20.73,11.9
193208,93.84,77.56,65.26,50.48,59.75,44.83,33.86,26.23,22.63,15.8
193209,-5.89,-4.69,-5.75,1.83,-6.64,-1.09,-2.6,-2.51,-4.58,-4.04
193210,-20.81,-17.61,-22.23,-12.65,-9.57,-11.58,-12.96,-9.48,-14.87,-2.82
193211,-12.55,-7.82,-9.38,-6.51,-3.5,-2.1,-4.23,-7.59,-5.76,-22.04
193212,-4.58,2.02,4.55,3.62,2.33,5.87,5.01,3.94,7.21,2.69
193301,-1.93,2.03,2.46,5.34,2.46,-0.09,0.53,-0.75,4.46,-3.48
193302,-18.82,-19.85,-19.7,-20.57,-13.96,-16.02,-15.76,-11.97,-16.17,-14.13
193303,-8.14,6.8,6.14,8.84,5.8,3.66,-3.78,4.18,6.97,8.83
193304,60.21,52.13,52.24,62.11,41.11,48.14,36.26,27.81,32.07,28.68
193305,49.45,31.83,16.67,18.97,18.23,26.09,22.86,20.76,21.36,18.83
193306,21.67,9.91,8.67,12.69,12.14,9.18,14.14,16.83,17.55,17.08
193307,-6.52,-8.26,-11.35,-9.09,-11.58,-13.85,-11.13,-5.93,-10.61,-13.62
193308,5.3,5.62,11.93,13,15.34,17.26,19.15,18.36,22.42,17.34
193309,-21.6,-11.65,-9.48,-7.42,-9.86,-5.31,-12.59,-11.66,-12.24,-7.25
193310,-8.52,-7.54,-6.99,-10.86,-8.81,-8.25,-8.46,-10.6,-8.84,-8.16
193311,-1.27,2.17,11.61,12.32,8.95,9.02,10.16,21.63,8.85,7.46
193312,0.32,3.06,-1.74,0.11,0.43,0.02,3.04,7.47,5.88,1.85
193401,22.23,12.66,12.22,11.62,7.15,15.09,14.59,10.85,11.85,12.43
193402,-1.97,0.56,-4.65,-0.71,-3.53,-2.77,-3.53,-2.93,-5.18,-0.16
193403,-0.3,-0.04,0.3,-0.94,0.22,-0.7,2.75,0.09,1.55,1.05
193404,-0.47,0.14,-1.5,-2.31,-3.11,-1.07,-3.49,-4,-5.78,-7.68
193405,-5.7,-6.53,-5.76,-5.09,-10.6,-9.63,-9.26,-7.17,-11.58,-8.69
193406,1.74,5.02,2.75,5.05,1.66,3.37,2.61,0.79,4.15,2.7
193407,-27.41,-17.52,-18.38,-14.93,-13.49,-8.79,-8.86,-8.08,-7.34,-9.02
193408,3.28,2.33,11.34,6.11,4.54,4.99,6.15,4.89,5.92,10.17
193409,1.41,-0.19,1.73,-1.26,-0.86,-0.89,-1.05,1.27,0.16,-0.86
193410,-6.31,-5.16,-4.98,-3.86,-2.69,-1.08,-0.68,-2.77,1.91,3.83
193411,13.93,10.05,4.12,11.34,7.42,5.95,10.71,7.4,10.34,13.65
193412,-0.33,-3.79,-2.13,1.17,1.4,-0.19,-0.52,-0.35,2.4,4
193501,-6.38,-6.06,-7.68,-4.94,-4.09,-0.66,-2.91,-1.73,-1.11,-0.29
193502,-22.99,-12.47,-7.25,-8.34,-5.42,-2.75,-1.37,1.78,3.77,3.25
193503,1.04,-4.09,-9.27,-7.97,0.4,-6.22,-2.75,-3.09,-4.64,-1.89
193504,9.33,16.28,11.1,13.32,11.64,8.73,8.93,7.68,8.2,6.71
193505,4.9,10.81,2.92,2.97,7.57,4.69,2.81,4.1,2.58,1.37
193506,-1.71,6.87,11.84,7.88,8.68,5.75,4.4,5.09,6.67,6.74
193507,11.71,14.29,16.32,12.63,6.11,7.97,7.41,7.16,5.42,6.43
193508,21.78,21.97,0.94,0.34,-0.32,3.46,3.88,2.66,1.16,3.46
193509,-13.67,0.43,-3.64,0.22,-0.96,3.04,4.17,2.8,4.96,8.74
193510,7.97,8.49,3.62,9.55,5.04,3.8,6.73,8.66,8.66,12.09
193511,20.79,6.34,6.63,5.07,3.81,2.75,5.71,3.59,5.84,3.01
193512,-0.55,6.3,4.31,4.05,6.87,2.57,1.97,3.05,5.88,8.07
193601,11.56,9.21,6.18,9.05,5.55,7.8,5.75,5.29,6.62,13
193602,2.27,0.31,1.09,0.27,6.33,2.8,3.35,3.76,1.8,1.17
193603,-1.1,-1.02,0.46,0.63,0.69,-1.41,5.31,-1.32,1.15,5.26
193604,-2.81,-5.03,-7.83,-7.41,-6.53,-10.04,-12.37,-10.9,-12.1,-12.7
193605,4.74,4.01,3.85,4.84,6.87,3.36,7.54,4.84,9.37,7.4
193606,3.13,2.04,1.17,1.73,2.55,3.23,1.76,4.16,4.21,-1.22
193607,1.15,2.87,4.31,7.09,8.95,8.64,11.71,5.28,13.14,7.51
193608,1.12,0.51,-0.15,2.06,3.43,-0.65,-1.02,-0.36,2.4,0.25
193609,0.99,-0.58,2.06,-0.33,-0.27,2.42,1.3,1.12,3.3,1.16
193610,7.58,3.63,5.15,6.45,5.92,8.2,9.47,5.43,11.94,7.7
193611,1.92,5.47,2.67,3.61,3.77,2.3,1.26,6.08,2.21,3.03
193612,-1.19,-1.13,-0.38,0.67,-1.11,-0.91,0,0.26,3.41,4.16
193701,1.73,4.47,4.44,2.38,2.16,4.96,2.85,5.34,1.76,3.55
193702,-0.72,1.02,-0.17,0.06,-0.31,-0.45,1.43,3.12,4.42,5.97
193703,-2,-1.56,-1.27,-1.64,-1.63,-1.52,2.04,5.01,-0.18,4.03
193704,-10.79,-7.12,-6.05,-6.12,-5.53,-6.06,-4.94,-8.12,-13.61,-14.53
193705,-2.19,-1.26,0.68,0.08,0.15,-1.59,-2.65,-0.67,0.35,-1.93
193706,-5.08,-3.95,-4.1,-4.37,-4.28,-4.74,-4.65,-2.19,-4.49,-7.02
193707,12.63,11.43,6.93,6.54,8.08,8.2,9.59,9.12,11.4,9.79
193708,-8.04,-3.03,-5.25,-3.07,-4.83,-4.67,-3.04,-5.6,-6.87,-7.37
193709,-17.19,-9.89,-10.89,-7.48,-11.64,-14.26,-15.49,-18.58,-19.18,-20.74
193710,-6.17,-10.16,-7.19,-9.66,-8.66,-9.8,-7.66,-9.79,-11.89,-12.26
193711,-2.54,-8.54,-3.76,-9.87,-8.08,-9.57,-9.23,-4.82,-9.22,-12.58
193712,-16.78,-6.1,-8.16,-11.86,-9.64,-3.22,-3.59,-2.82,-1.85,-1.01
193801,7.21,4.53,-0.26,-0.51,-0.75,3.91,2.11,0.4,-0.93,-0.84
193802,9,9.72,5.98,9.53,5.46,8.26,7.58,8.29,6.88,1.65
193803,-42.26,-40.38,-34.1,-32.19,-31.54,-30.69,-26.38,-25.11,-22.9,-17.47
193804,24.94,24.87,22.36,17.51,16.9,19.06,16.79,14.74,11.76,14.07
193805,-7.67,-9.12,-11.4,-8.27,-8.05,-8.2,-5.5,-6.4,-3.22,0.8
193806,43.58,43.39,42.37,41.06,40.09,35.83,32.06,27.91,16.44,10.11
193807,22.12,8.31,15.42,11.97,10.79,7.56,13.55,5.99,3.84,5.09
193808,-7.84,-5.33,-4.84,-8.02,-3.38,-5.09,0.33,-4.34,-2.14,-1.28
193809,-4.13,-0.32,-2.34,-0.56,-0.38,0.72,1.46,1.72,1.28,0.24
193810,21.74,14.47,16.59,9.63,6.83,7.16,6.39,6.53,7.36,7.26
193811,-12.71,-4.32,-4.29,-3.39,-2.55,-1.65,-0.94,-2.02,-0.64,-1.4
193812,0.9,3.91,5.92,3.01,4.39,4.42,4.27,3.74,2.82,8.8
193901,-4.31,-6.37,-3.49,-5.53,-6.22,-8.55,-6.22,-5.58,-7.91,-9.21
193902,-0.7,0.35,4.78,3.41,1.67,2.56,4.17,5.18,5.46,4.72
193903,-16.28,-10.79,-14.07,-12.06,-14.93,-12.85,-7.89,-8.38,-15.73,-18.37
193904,0.91,-0.72,-0.63,-1.14,0.99,-1.23,-1.47,0.75,-0.25,2.16
193905,4.66,6.75,4.34,5.39,4.98,7.88,7.31,6.61,8.24,9.09
193906,-11.67,-7.35,-6.87,-4.32,-7.06,-5.44,-4.29,-5.2,-4.18,-6.14
193907,10.14,16.39,11.81,10.09,10.17,11.25,9.79,8.05,9.85,13.37
193908,-15.2,-12.98,-11.7,-11.37,-7.17,-7.11,-7.65,-6.71,-5.05,-4.26
193909,52.28,44.12,33.73,25.42,30.4,21.79,15.07,9.95,8.33,7.92
193910,-7.19,-3.29,-3.7,-3.87,-3.53,-0.39,-0.97,0.62,1.36,5.47
193911,-6.52,-7.04,-2.94,-2.84,-3.14,-5.95,-1.85,-2.57,-3.95,-7.08
193912,-0.74,0.01,-0.23,2.21,3.64,2.2,3.6,3.57,4.23,7.19
194001,-1.54,-3.23,-3.6,-3.24,-5.57,-3,-2.23,-2.07,-0.28,0.03
194002,-1.62,-0.81,0.85,0.83,0.19,2.78,2.54,1.06,2.08,5.2
194003,2.97,0.92,4.13,1.66,2.78,1.72,1.52,2.45,0.97,4.64
194004,-3.85,-0.09,-1.92,-0.89,0.82,0.78,-0.7,0.81,4.65,3.84
194005,-30.32,-26.39,-25.72,-18.48,-21.05,-22.77,-22.1,-21.25,-25.63,-28.31
194006,9.49,7.66,5.52,7.63,6.16,7.69,9.29,1.68,4.81,6.32
194007,1.58,3.49,4.22,4.06,1.95,4.1,2.7,3.17,2.7,4.37
194008,6.7,3.7,3.69,1.76,2.02,1.79,3.99,0.73,0.75,2.16
194009,1.59,1.09,4.52,1.36,2.4,2.55,2.66,2.52,3,0.68
194010,3.73,15.06,7.93,11.59,6.07,1.89,3.27,1.19,-0.33,2.77
194011,-1.69,-3.65,0.14,-0.88,0.59,-1.57,-4.64,-0.39,-2.01,-0.81
194012,-4.25,0.6,0.05,0.76,0.17,0.62,0.99,0.86,1.24,1.86
194101,0.74,-1.92,-1.39,-2.53,-5.32,-4.44,-6.09,-3.97,-3.8,-5.27
194102,-2.26,-2.61,-1.66,-1.21,-1.37,-1.64,-1.21,-2.03,-0.22,-2.28
194103,-3.27,-0.18,-0.72,1.96,0.18,0.23,0.7,2.33,2.53,-0.66
194104,-11.45,-8.81,-7.08,-3.89,-3.81,-7.75,-5.33,-5.53,-3.31,-4.83
194105,1.62,-1.08,-1.26,0,2.38,2.44,0.29,1.95,2.13,1.28
194106,5.34,6.63,6.57,7.52,5.03,4.31,6.38,4.79,5.41,4.18
194107,9.62,6.89,4.43,2.64,3.38,7.19,9.56,9.61,9.33,8.25
194108,-2.17,0.72,0.3,-0.64,1.17,-0.06,-0.34,-1.26,-1.3,-0.45
194109,1.81,0.24,-0.86,-0.83,-0.53,-1,-2.42,-1.89,-3.57,-0.65
194110,-10.61,-7.56,-6.27,-5.83,-5.87,-7.14,-3.98,-2.2,-0.46,-0.06
194111,-9.1,-0.96,-3.65,-2.99,-3.58,-3.24,-0.27,2.88,0.06,0
194112,-10.19,-5.09,-6.53,-0.64,-5.22,-1.76,-1.62,-5.76,-8.44,-8.09
194201,10.58,5.88,4.14,4.33,-3.04,3.03,-3.57,-0.41,2.94,0.23
194202,-0.72,-0.03,-2.86,-0.13,-3.06,-4.02,-4.05,-2.82,-3.4,-3.02
194203,-12.47,-5.09,-5.62,-7.79,-6.94,-7.54,-5.71,-5.8,-7.67,-6.1
194204,0.81,-4.68,-3.98,-3.8,-7.02,-3.7,-5.28,-6,-4.67,-2.79
194205,9.52,11.32,6.38,5.85,5.02,7.04,5.37,0.6,3.88,1.24
194206,2.43,4.97,1.45,4.02,2.87,1.86,5.05,1.43,2,1.46
194207,2.73,0.54,3.94,2.81,2.87,4.91,5.02,2.18,4.04,8.1
194208,1.89,1.1,2.92,1.65,1.3,2.09,1.36,2.02,2.84,1.4
194209,5.38,2.68,4.32,1.22,2.06,3.19,2.55,2.74,2.82,5.23
194210,14.87,9.18,7.75,6.38,6.56,5.6,5.93,6.7,7.87,7.37
194211,-1.24,1.38,2.38,-0.41,-1.03,-1.5,0.7,-0.53,-1.73,-1.86
194212,2.87,3.51,1.95,4.74,8.38,4.65,7.55,8,5.41,6.32
194301,10.79,7.53,7.73,4.81,8.45,7.92,6.89,6.29,8.35,8.73
194302,13.42,4.98,5.12,6.25,6.14,3.63,5.82,5.3,8.51,9.33
194303,9.11,7.26,2.61,6.49,4,5.46,5.62,9.33,9.91,12.59
194304,-2.75,-1.88,1.21,-0.01,0.31,-0.77,1.03,2.35,4.42,12.93
194305,3.36,5.25,4.83,5.86,5.1,6.46,6.62,6.52,7.61,15.62
194306,2.02,0.82,2.71,3.7,1.72,3.11,1.28,3.69,0.87,-3.65
194307,-1.7,-4.9,-4.45,-4.33,-5.48,-5.64,-5.72,-4.64,-7.8,-13.43
194308,0.5,0.64,0.82,1.59,3.56,1.71,2.66,0.16,2.69,-0.75
194309,1.01,2.09,2.17,2.9,2.97,2.2,3.14,1.62,3.37,6.01
194310,-0.01,-1.06,-0.9,-1.26,-1.18,-1.53,-1.72,-1.3,-1.81,0
194311,-7.67,-5.31,-3.67,-5.25,-6.48,-6.58,-4.13,-8.92,-11.03,-14.16
194312,3.82,5.91,4.69,7.22,7.47,7.44,9.42,12.28,12.57,15.31
194401,0.85,2.69,0.9,4.07,1.34,1.66,2.08,4.59,1.19,3.14
194402,0.99,-0.71,-0.38,1.69,0.48,1.35,0.49,0.2,0.3,0.12
194403,0.89,2.13,1.85,2.2,1.69,3.22,3.76,2.68,6.73,7.55
194404,-3.91,-1.89,-1.5,-2.45,-1.65,-1.17,-1.26,-0.96,-1.85,-2.38
194405,3.32,3.53,4.25,5.74,3.64,5.76,6.17,5.99,6.71,5.83
194406,14.62,11.57,6.23,4.73,5.89,4.18,5.11,5.46,5.53,2.53
194407,-2.6,-1.08,-1.47,-1.87,-1.36,-0.22,-2.89,-1.08,-1.18,-2.58
194408,-0.44,0.65,0.85,2.35,1.5,1.86,3.03,3.87,5.84,7.12
194409,-0.27,0.04,0.75,-0.38,0.62,-0.11,-1.36,-1.36,-0.46,-2.02
194410,1.86,0.44,0.83,0.08,-0.15,-1.19,-0.85,-0.86,-1.69,-2.68
194411,1.75,1.37,0.96,2.37,1.44,2.11,2.06,2.9,2.36,3.6
194412,3.84,1.68,4.99,3.2,3.84,6.02,9.22,8.87,9.35,9.79
194501,3.55,0.27,2.86,2.14,2.27,1.06,2.45,1.47,3.19,3.55
194502,6.21,5.21,4.73,5.7,6.41,8.42,7.2,9.5,7.43,11.31
194503,-2.13,-3.72,-3.52,-4.12,-4.48,-4.38,-5.8,-5.68,-6.56,-5.6
194504,4.65,7.22,8.03,7.6,9.14,10.87,9.19,8.95,12.51,14.55
194505,2.49,1.41,2.18,1.13,0.55,2.14,1.41,2.2,3.08,1.82
194506,0.33,-0.97,-0.32,-0.4,-1.19,0.47,1.86,3.67,6.55,7.59
194507,-2.49,-0.52,-3.13,-1,-2.08,-1.92,-2.05,-2.87,-5.53,-8.3
194508,7.76,5.68,5.91,6.28,8.06,7.3,5.86,5.11,4.09,3.12
194509,6.33,5.01,2.45,4.91,4.49,5.19,5.7,6.32,8.12,8.07
194510,5.12,3.19,3.58,3.65,2.2,6.69,2.94,3.93,3.71,9.17
194511,4.4,4.45,1.91,6.7,4.12,6.55,8.4,11.29,11.84,8.93
194512,0.32,1.34,0.77,0.28,1.34,1.38,1.03,2.57,3.66,5.37
194601,4.67,4.53,4.75,6.81,11.5,6.79,8.59,9.76,5.13,11.09
194602,-4.37,-5.56,-6.27,-5.11,-5.79,-5.37,-8.1,-6.76,-7.66,-6.6
194603,8.12,3.02,6.55,5.46,6.18,6.11,6.85,9.04,7.3,8.34
194604,4.66,3.92,3.51,3.08,4.68,4.77,4.5,6.97,5.01,4.77
194605,5.01,3.86,2.89,4.93,4.25,3.77,4.96,2.57,5.52,3.1
194606,-4.39,-1.59,-1.69,-4.26,-5.07,-4.8,-5.76,-5.26,-6.29,-4.39
194607,-3.91,-1.8,-2.74,-2.16,-2.98,-3.35,-2.89,-3.48,-3.23,-2.36
194608,-7.76,-6.71,-7.13,-5.41,-5.32,-5.63,-7.01,-7.87,-5.83,-6.65
194609,-14.47,-11.48,-7.69,-9.61,-8.18,-10.07,-8.46,-9.91,-10.6,-14.23
194610,-2.84,-2.79,-1.4,-2.51,-0.07,-0.12,-0.56,-0.47,-1.23,-1.57
194611,-3.96,-2.04,1.17,-1.43,0.66,2.35,1.68,-0.71,-1.45,0.15
194612,3.79,3.54,6.34,3.67,5.14,5.22,5.02,3.68,4.56,7.43
194701,5.78,4.58,8.88,4.55,1.81,2.26,1.2,-0.65,-2.47,-2.96
194702,0.02,-2.3,0.72,-1.67,-0.36,-1.68,0.3,-0.9,-2.21,-2.47
194703,-6.95,-4.47,-3.4,-2.82,-1.11,-1.37,-1.86,-0.7,-0.2,-0.21
194704,-11.46,-8.99,-8.25,-6.83,-4.46,-4.46,-4.72,-1.71,-5.06,-5.63
194705,-6.9,-3.09,-3.68,-1.61,0.84,-0.14,-1.3,-0.35,-0.66,-0.5
194706,7.51,4.76,5.85,7.05,4.77,6.23,6.38,5.64,4.23,5.23
194707,9.24,9.7,5.77,6.97,6.87,3.99,5.72,3.69,2.11,3.79
194708,-5.53,-4.32,-3.14,-1.93,-3.31,-2.71,-0.74,-0.36,-1.04,-2.47
194709,3.69,-0.75,-0.57,-0.48,0.15,0,-0.21,-1.75,-0.48,-0.16
194710,-0.21,2.03,2.67,1.36,1,3.25,2.36,3.97,2.69,4.5
194711,-5.82,-4.34,-4.91,-3.79,-1.66,-2.65,-0.16,-0.01,-1.76,-0.43
194712,-0.46,0.47,1.31,2.9,1.7,2.77,4.55,4.05,3.49,5.34
194801,-0.14,-0.25,-1.73,-1.64,-2.43,-4.25,-4.8,-4.18,-6.32,-4.71
194802,-8.09,-6.78,-5.27,-4.77,-2.86,-4.52,-5.27,-3.61,-4.24,-3.66
194803,14.77,11.39,7.39,11.15,7.22,5.37,6.43,9.58,8.28,12.87
194804,0.2,0.94,2.49,1.96,2.85,1.37,3.07,5.44,6.92,7.18
194805,7.27,6.36,4.62,9.43,7.01,8.46,5.57,7.49,10.25,7.65
194806,-5.21,-1.85,-0.36,-0.85,-1.41,1.64,0.62,0.57,0.14,3.48
194807,-3.25,-4.04,-3.36,-4.4,-5.82,-5.38,-5.68,-5.21,-6.09,-6.12
194808,0.94,1.05,0.72,-0.4,0.53,1.31,0.2,-0.61,0.76,-0.1
194809,-6.39,-3.59,-0.93,-1.87,-1.71,-2.96,-3.11,-3.35,-3.99,-5.95
194810,4.06,4.95,5.29,3.97,3.54,5.51,8.19,7.37,7.04,7.15
194811,-15.86,-8.78,-11.47,-7.43,-7.86,-8.16,-8.1,-11.13,-9.91,-11.74
194812,-0.58,0.5,0.14,5.3,2.24,2.74,2.19,4.12,4.52,5.54
194901,5.81,3.64,0.69,2.16,1.51,-0.16,1.21,-0.71,-1.47,-1.7
194902,-5.35,-3,-3.47,-1.52,-2.19,-3.07,-1.82,-2.36,-3.95,-4.24
194903,9.25,5.17,4.74,4.71,2.62,3.58,4.36,4.18,3.8,6.92
194904,-4.69,-5.53,-3.88,-3.46,-1.78,-0.79,-2.12,-1.33,-1.2,-1.32
194905,-6.8,-4.98,-4.36,-4.02,-3.67,-3.55,-1.93,-3.17,-1.27,-2.18
194906,1.3,-0.39,2.19,1.41,0.31,-1.1,-0.23,1.06,-0.36,-0.53
194907,7.07,6.99,7.05,6.66,6.62,5.17,6.42,5.5,3.9,4.88
194908,2.36,3.23,1.12,3.13,3.49,2.84,1.68,2.54,3.72,2.6
194909,6.07,6.2,4.99,2.9,2.55,3.31,1.89,2.75,2.73,4.63
194910,3.97,2.73,3.09,2.96,4.16,2.57,3.02,3.15,1.97,5.19
194911,-0.94,0.81,2.45,-1.27,0.65,2.04,2.86,2.25,2.82,3.66
194912,10.76,5.53,7.02,4.35,3.34,3.84,5.5,6.97,4.77,6.42
195001,5.79,4.75,2.69,1.96,1.03,0.77,0.58,1.95,1.53,2.61
195002,-0.53,0.51,0.23,0.74,1.2,1.59,1.67,2.72,2.85,2.06
195003,-2.67,2.29,1.55,1.74,0.61,0.78,0.73,2.86,-0.36,2.16
195004,5.22,4.25,2.48,3.15,3.83,2.63,3.35,3.63,8.74,3.19
195005,3.17,4.33,5.64,2.83,4.54,4.24,3.67,4.53,6.09,3.53
195006,-5.83,-4.78,-5.39,-4.69,-5.19,-7.54,-6.62,-6.5,-5.5,-7.33
195007,3.03,5.56,-0.45,2.67,4.13,3.72,1.9,0.93,-0.84,0.38
195008,3.34,1.95,3.54,3.81,3.11,4.44,5.25,5.37,7.95,7.91
195009,6.27,5.38,4.63,5.83,4.24,3.39,4.74,5.05,6.02,3.88
195010,-1.25,-2.24,0.59,-0.38,0.21,-0.41,0.2,0.65,0.47,1.72
195011,-1.6,-0.18,0.23,4.25,3.96,7.65,1.78,4.28,6.26,1.24
195012,1.77,2.41,3.32,6.1,7.55,5.49,7.44,8.42,4.53,9.59
195101,5.77,5.17,3.92,2.53,7.39,3.49,5.66,7.33,7.84,6.17
195102,2.21,2.01,3.28,1.44,2.28,2.05,2.09,-0.34,0.01,-0.74
195103,-0.08,-1.97,-1.43,-0.08,-2.37,-3.25,-0.98,-2.99,-3.18,-5
195104,0.56,0.6,1.98,2.32,3.57,7.34,6.12,8.82,8.49,7.75
195105,-1.31,-0.9,-0.32,-2.73,-2.27,-2.48,-3.79,-1.2,-2.93,-3.76
195106,-2.03,-0.77,-1.58,-3.42,-1.96,-4.38,-2.07,-3.9,-0.57,-3.85
195107,3.57,3.9,4.66,5.67,4.14,6.48,9.29,10.67,12.25,11.97
195108,4.19,4.89,3.4,3.94,3.45,6.74,3.76,5.57,4.61,2.1
195109,0.11,0.66,0.03,2.16,2.12,1.01,1.99,2.16,-0.13,-0.94
195110,-2.34,-2.13,-1.47,-1.69,-1.62,-3.7,-5.29,-4.14,-2.96,1.03
195111,0.43,1.08,0.92,0.64,0.8,0.2,1.11,0.69,0.16,0.92
195112,1.78,1.35,2.61,0.97,4.76,2.49,4,4.73,3.74,5.14
195201,1.63,0.83,1.98,-0.86,0.09,2.52,0.11,2.39,3.16,3.92
195202,-3.44,-3.11,-2.56,-1.5,-2.41,-0.99,-1.82,-2.13,-3.24,-3.99
195203,3.07,3.87,3.41,3.64,1.95,5.94,2.84,3.85,5.31,7.35
195204,-6.14,-3.65,-3.63,-5.04,-2.22,-3.81,-3.32,-3.93,-7.18,-7.65
195205,2.54,4.59,2.77,2.73,1.99,3.95,3.44,3.4,3.08,3.78
195206,2.44,2.78,3.08,4.26,4.49,2.25,4.59,3.92,4.78,4.79
195207,1.97,2.45,0.82,1,1.4,1.44,1.26,1.63,0.59,-0.43
195208,-0.83,-0.65,-0.75,-0.45,-0.38,-0.78,0.02,-0.35,-1.66,0.4
195209,-4.07,-3.48,-2.75,-2.26,-1.47,-1.99,-1.38,-0.96,-2.1,-0.9
195210,-2.66,-2.43,-1.75,-1.59,-1.28,-0.09,0.03,-0.21,0.64,-0.91
195211,8.18,6.12,5.45,5.81,6.65,5.61,4.71,6.37,7.17,6.62
195212,0.08,2.73,2.4,1.54,2.89,2.71,2.96,3.71,2.51,5.1
195301,-0.76,-0.38,-1.05,-0.49,-1.82,1.6,0.48,0.18,-0.69,-0.35
195302,0.3,0.26,-0.46,-0.59,0.36,0.1,-0.83,0.48,0.34,-0.7
195303,-1.55,-1.51,-1.12,-0.8,-0.11,-1.41,-0.94,-1.55,-0.35,-3.86
195304,-5.87,-4.37,-3.86,-2.96,-1.68,-1.85,-2.73,-1.24,-1.81,-1.83
195305,-1.38,1.42,0.82,0.53,-0.32,0.44,0.71,1.17,0.85,1.56
195306,-3.04,-0.31,-1.46,-2.26,-1.9,-2.01,-0.78,-2.8,-1.79,-2.36
195307,1.74,3.28,3.1,2.62,1.77,2.97,2.2,2.46,2.55,2.18
195308,-6.5,-5.68,-5.13,-5.86,-3.21,-4.35,-3.13,-4.6,-2.76,-5.83
195309,-2.58,-1.47,-0.43,-0.89,0,0.68,0.38,1.46,2.58,1.3
195310,2.09,5.18,5.33,3.93,6.11,4.59,4.25,4,5.12,3.89
195311,1.99,0.98,1.48,2.26,2.46,3.19,2.92,3.74,3.85,4.64
195312,-4.58,-3.28,-2.49,-1.24,0.26,-0.02,1.41,1.57,1.05,1.09
195401,7.41,10.67,9.25,6.03,6.57,6.18,2.56,3.8,3.54,4.86
195402,0.94,0.78,1.42,0.58,1.26,1.1,2.53,1.22,2.07,3.47
195403,3.57,3.29,2.05,1.57,3.06,3.05,2.6,2.94,5.54,7.24
195404,-6.56,-1.19,1.4,2.62,2.12,4.52,3.83,6.57,3.69,8.13
195405,9.36,3.87,6.38,4.61,3.32,3.26,4.12,3.87,1.79,0.96
195406,-1.65,-2.6,-1.32,0.5,0.54,1.57,0.82,-0.42,-0.59,4.86
195407,6.09,5.01,4.46,7.59,4.29,4.5,8.12,4.3,5.11,2.84
195408,-0.73,-2.35,-1.92,-2,-1.29,-1.18,-1.27,-2.95,-2.88,-4.21
195409,5.04,5.24,6.32,3.8,3.24,6.99,5.54,7.02,10.52,7.14
195410,-2.58,-0.97,-1.43,-2.15,-3.44,-1.45,-2.37,-1.08,0.19,-0.34
195411,9.06,8.04,5.93,8.63,6.88,10.41,10.45,11.64,10.09,10.75
195412,11.14,7.27,3.34,5.55,4.47,6.59,5.06,6.14,5.3,6.69
195501,-0.63,0.05,0.64,1,-0.89,-1.25,1.77,0.2,2.63,4.19
195502,2.35,4.21,2.43,2.72,3.06,3.3,1.99,3.18,4.04,3.71
195503,-0.02,-0.73,-0.01,-0.74,0.35,0.46,-1.23,-0.34,3.21,1.76
195504,2.43,2.56,1.69,2.88,2.77,2.8,5.71,1.37,1.93,2.83
195505,-0.71,1.41,-0.07,1.3,0.7,1.73,2.05,3.06,-0.13,1.97
195506,5.63,2.88,3.06,7.75,8.72,4.78,7.81,10.38,9.53,8.21
195507,0.48,0.57,1.81,0.96,0.58,3.13,9.5,-1.76,-0.39,-0.35
195508,0.15,-1.14,0.35,0.2,1.95,1.04,-1.14,-0.82,1.49,3.86
195509,-2.67,-1.75,-0.28,-1.32,-2.59,-1.07,-0.9,-0.63,-1.21,5.45
195510,-2.38,-1.17,-1.87,-1.72,-3.48,-1.06,-1.31,-3.92,-2.28,-5.25
195511,6.42,5.67,3.49,4.27,9.48,5.35,7.79,9.06,8.33,9.01
195512,2.12,2.59,4.05,0.1,2.36,0.88,2.43,2.92,0.83,-1.01
195601,-2.57,-2.48,-0.04,-1.35,0.21,-2.35,-4,-2.87,-3.43,-5.94
195602,3.69,2.28,2.3,2.72,2.44,4.74,4.9,4.6,4.11,5.13
195603,0.93,6.28,4.33,4.65,7.31,4.9,7.17,8.54,8.67,6.63
195604,-1.53,-1.74,-0.97,0.33,-0.77,-0.87,0.19,-0.29,1.53,1.92
195605,-6.26,-3.02,-2.09,-2.29,-2.86,-4.36,-4.99,-6.01,-6.41,-5.54
195606,1.22,1.75,2.95,1.49,1.92,1.84,3.97,5.33,6.38,3.35
195607,2.64,3.25,3.23,4.44,5.46,4.78,5.5,4.4,5.92,8.15
195608,-1.07,-2.04,-3.28,-1.96,-0.79,-1.68,-2.08,-5.12,-3.86,-4.63
195609,-2.47,-4.75,-4.84,-4.34,-3.31,-2.33,-4.97,-6.47,-6.28,-6.9
195610,-0.4,0.35,0.44,-0.52,-0.49,1.24,1.44,1.5,1.79,1.16
195611,-1.78,-3.42,-0.39,0.52,0.6,-1.39,0.47,3.23,1.09,3.07
195612,1.53,3.09,1.89,2.6,2.53,2.98,3.51,4.23,2.97,7.31
195701,-0.79,-2.9,-0.79,-1.88,-2.41,-3.72,-2.38,-3.18,-6.29,-5.66
195702,-3.86,-2.95,-1.35,-0.14,-0.42,-1.79,-1.27,-2.81,-4.06,-0.85
195703,3.6,1.34,1.8,2.91,3.5,2.68,2.36,1.9,1.76,3.79
195704,3.88,3.54,4.97,6.07,4.53,1.99,3.16,4.57,4.26,6.95
195705,3,4.32,2.6,3.13,5.42,2.93,2.22,3.47,3.32,5.54
195706,-0.05,-0.68,-0.82,-2.23,-1.09,-0.73,-0.6,1.06,-2.88,2.25
195707,-1.9,-0.69,2.18,3.41,-0.09,0.46,1.11,1.46,0.5,-0.69
195708,-8.75,-5.44,-5.12,-3.64,-4.99,-1.57,-4.87,-5.51,-5.7,-6.74
195709,-7.86,-5.62,-5.21,-5.26,-5.05,-4.27,-4.89,-6.44,-6.92,-5.88
195710,-7.94,-6.53,-5.65,-3.79,-2.88,-4.77,-3.74,-4.62,-3.26,-3.14
195711,5.28,1.89,3.53,-2.25,1.65,2.41,4.64,1.12,4.94,6.65
195712,-11.7,-9.42,-8.85,-6.45,-5.13,-3.64,-1.6,-0.9,-1.06,-2.5
195801,14.1,8.95,9.06,5.02,6.43,4.33,4.52,3.41,3.36,2.21
195802,-4.82,-3.16,-2.65,-2.9,-0.34,-2.52,-1.45,-1.37,-0.19,0.23
195803,5.13,7.67,5.25,1,3.83,2.89,2.07,2.37,2.42,4.92
195804,2.42,0.27,2.33,1.94,5.62,4.91,2.45,2.27,2.72,3.52
195805,3.33,3.19,4.89,3.95,-0.04,2.5,1.73,3.43,1.74,1.36
195806,4.86,4.48,2.74,3.61,2.92,2.85,1.64,2.77,2.61,3.38
195807,12.32,9.58,0.52,6.66,7.02,5.35,1.82,2.87,1.94,1.67
195808,2.75,2.78,2.5,1.42,2.13,2.25,2.63,1.14,-0.01,2.4
195809,7.43,4.83,5,4.96,4.61,4.28,5.42,2.37,5.55,5.63
195810,4.1,-0.13,2.32,1.21,3.48,2.96,3.36,5.39,4.3,6.06
195811,0.35,2.88,2.98,3.12,2.12,3.92,3.36,2.92,5.45,6.59
195812,5.42,3.21,8.36,4.37,5.28,5.73,5.27,3.67,6.42,5.26
195901,0.4,0.9,1.6,2.39,0.87,-0.41,1.48,1.7,0.91,0.47
195902,0.34,-1.12,-1.24,1.99,2.31,2.01,-1.72,3.62,3.15,4.19
195903,0.28,1.18,0.85,1.49,-0.06,-0.5,1.17,-0.67,0.35,3.91
195904,0.84,2.83,3.68,1.98,3.97,5.11,5.06,5.86,4.77,8.58
195905,0.58,-0.7,2.68,3.07,1.64,-0.04,4.61,7.47,0.93,0.15
195906,-1.31,-2.61,0.02,1.05,0,-0.89,-0.54,1.68,0.78,5.83
195907,4.3,3.61,3.23,3.66,3.64,5.11,3.8,3.31,1.78,-0.32
195908,-3.17,-2.46,-0.49,1.6,-0.61,-0.6,-0.44,-3.07,-0.97,-2.54
195909,-6.49,-6.71,-3.38,-3.79,-4.73,-3.24,-4.78,-4.08,-3.99,-5.21
195910,0.46,-0.56,1.72,2.3,1.02,-0.11,0.56,4.06,1.05,8.69
195911,-0.08,-0.12,1.48,0.63,1.37,1.99,2.24,0.39,4.65,6.29
195912,1.78,4.33,1.77,1.08,3.91,2.82,3.77,3.71,1.87,1.08
196001,-5.38,-6.05,-3.92,-6.62,-2.79,-7.67,-9.55,-8.68,-6.39,-7.83
196002,-1.92,-3.01,-1.67,1.15,-0.17,4.78,-0.16,3.47,0.97,6.5
196003,-4.94,-1.5,-0.45,-2.54,-3.08,0.24,-1.51,-1.46,0.54,-1.3
196004,-3.68,-3.04,-2.13,-2.68,-1.1,-1.07,-3.44,-0.3,-1.01,1.35
196005,1.55,-0.06,-0.67,2.51,1.35,2.08,3.23,2.61,8.1,8.57
196006,-1.1,3.84,1.4,1.1,2.72,2.09,2.98,2.14,2.71,3.48
196007,-2.85,-0.36,-0.79,-2.18,-2.08,-3.98,-2.58,-2.98,-1.3,-3.54
196008,4.55,0.75,2.43,3.3,2.33,2.18,3.84,3.46,4.43,2.88
196009,-6.48,-6.35,-3.52,-5.61,-5.86,-6.07,-5.35,-7.54,-5.44,-7.77
196010,-2.62,-0.9,-1.2,-0.75,0.32,-0.93,1.55,0.96,-0.37,-1.1
196011,1.57,3.67,3.35,1.4,5.2,4.43,5.71,5.54,4.93,9.38
196012,7.58,2.89,3.71,2.11,5,3.19,4.01,5.54,6.12,8.05
196101,9,9.26,5.72,8.33,7.81,6.41,6.2,4.22,6.23,4.55
196102,7.76,4.14,3.92,1.14,5.73,3.25,3.96,3.01,3.86,4.91
196103,4.77,1.17,1.35,1.53,1.86,2.69,2.54,1.65,6,4.49
196104,-6.32,-0.23,-2.34,-0.64,0,0.69,3.95,1.81,0.74,0.55
196105,7.55,3.67,1.44,3.14,3.88,2.91,1.89,1.21,3.24,1.36
196106,-4.46,-3.56,-1.26,-3.65,-2.46,-2.17,-3.07,-3.19,-2.7,-2.1
196107,1.42,2.06,3.35,3.43,3.27,2.71,2.77,4.33,2.52,1.82
196108,2.4,2.4,0.88,1.16,2.64,3.75,2.32,2.62,5,6.55
196109,-0.69,-4.51,-1.1,-3.21,-2.3,-1.14,-1.63,-1.48,-2.89,-2.48
196110,1.16,-0.56,2.75,1.54,2.92,2.97,2.08,4.8,4.24,3.64
196111,4.85,3.07,3.87,3.86,5.27,4.07,6.37,4.04,3.08,8.11
196112,3.16,0.67,-0.82,1.82,2.43,1.65,0.66,-3.07,-1.05,-4.25
196201,-4.08,-2.57,-3.63,-2.21,0.36,-4.46,-2.78,-3.56,-5.62,-6.32
196202,-0.69,0.8,1.46,1.82,3.86,3.42,3.94,0.2,0.54,1.84
196203,-0.84,-2.32,-0.69,-0.48,-0.21,0.05,-0.78,0,0.84,-2.27
196204,-8.51,-9.38,-8.34,-6.02,-5.89,-4.29,-9.66,-5.21,-5.34,-4.3
196205,-11.36,-8.39,-8.55,-7.74,-8.82,-7.28,-10.05,-7.67,-7.45,-10.88
196206,-13.84,-12.9,-12.12,-10.15,-10.19,-7.79,-7.92,-7.23,-5.75,-5.63
196207,8.93,4.67,3.4,8.25,6.07,7.25,4.84,7.5,6.34,6.24
196208,5.09,1.76,2.19,0.77,0.83,1.26,3.36,3.83,2.39,2.66
196209,-7.96,-7.26,-6.67,-8.38,-5.04,-4.94,-4.74,-4.06,-3,-2
196210,-1.43,0.7,-0.65,-0.89,0.23,1.97,1.4,-1.28,1.26,-0.25
196211,17.68,16.57,15.16,12.99,12.32,10.3,8.8,9.06,10.39,8.31
196212,-1.76,-2.6,-0.93,0.07,-1.49,0.8,2.56,2.36,1.91,4.66
196301,4.88,7.91,6.79,6.34,4.03,5.83,4.66,5.06,5.21,3.17
196302,-3.77,-2.22,-3.8,-2.93,-2.93,-2.96,-1.12,-1.25,-2.43,-1.59
196303,2,2.21,3.95,2.37,2.52,2.12,2.99,3.1,4.41,5.39
196304,3.61,7.73,4.14,4.8,4.51,4.04,5.17,4.38,4.28,5.05
196305,2.97,2.31,2.79,1.49,2.55,0.44,1.4,3.33,1.64,3.12
196306,-1.74,-2.86,-2.92,-1.38,-1.92,-3.66,-2.37,-0.32,-0.67,-2.14
196307,-2.77,-1.16,-1.01,-0.4,-1.08,1.55,-0.61,0.51,-0.56,0.41
196308,6.03,4.63,5.72,4.61,5.84,5.03,5.26,3.97,6.48,9.22
196309,-3.08,-2.83,-1.31,1.54,-1.76,-1.36,-0.7,-2.82,-2.67,-2.08
196310,1.9,1.6,-0.08,1.79,2.76,2.8,1,0.89,8.15,5.49
196311,0.2,-1.36,-0.55,1.91,-1.1,-1,0.46,-4.12,-0.99,-0.18
196312,-2.49,-1.09,2.05,2.08,2.33,2.41,2.16,3.65,2.86,0.75
196401,0.96,1.15,0.16,1.61,2.73,2.23,4.07,4.02,1.88,1.93
196402,1.76,2.87,0.98,1.47,2.02,1.83,2.14,1.29,1.69,3.55
196403,0.51,1.94,2.23,1.8,0.62,1.48,2.52,1.02,2.14,3.58
196404,-0.65,2.22,0.52,-0.1,0.81,1.68,0.17,0.98,-0.4,-0.51
196405,0.24,-0.41,0.71,0.44,1.93,0.43,1.11,3.14,2.12,3.95
196406,1.02,1.7,1.09,1.43,1.93,2.59,0.14,2.52,0.17,0.89
196407,1.89,1.99,3.37,3.04,3.44,2.62,0.11,3.06,2.05,0.73
196408,-1.31,0.48,-1.14,-0.06,-1.34,-1.95,-1.53,-1.05,-1.79,-0.88
196409,5.79,3,3.82,2.98,2.62,2.32,1.81,3.71,2.24,6.39
196410,1.54,1.8,1.32,0.61,0.67,-0.48,1.91,0.71,1.09,0.04
196411,-3.05,0.33,0.76,-0.23,-0.3,0.18,-0.1,1.86,-0.22,0
196412,-0.22,-0.19,2.34,0,-0.73,1.08,-0.04,0.69,-1.16,-0.81
196501,7.8,1.75,5.91,4.59,4.96,5.09,2.95,2.8,2.05,4.5
196502,2.54,1.65,1.33,1.2,-1.55,1.46,-0.36,0.93,-0.06,2.84
196503,-1.11,-1.1,-0.08,-1.51,-0.63,-1.37,-2.06,-0.49,-0.56,0.28
196504,2.71,2.64,2.15,3.23,2.23,1.73,3.02,5.72,5.98,5.07
196505,-1.23,0.53,-1.2,0.2,0.58,-0.72,-2.26,1.01,-0.84,-0.61
196506,-3.46,-4.15,-3.32,-4.46,-5.46,-4.61,-6.24,-7.48,-7.96,-9.4
196507,0.95,0.1,0.33,2.64,1.31,0.24,2.92,3.1,6.22,7.46
196508,4.65,0.96,2.78,2.66,2.41,1.97,2,3.31,6.76,7.66
196509,1.91,2.65,1.67,1.42,5.08,1.19,3.16,5.82,5.31,5.33
196510,3.92,2.52,0.26,4.3,1.2,1.69,2.73,5.2,4.12,7.85
196511,-1.41,0.78,-0.82,-2.1,-2.48,0.47,2.7,1.28,1.58,8.45
196512,3.36,1.36,0.72,0.89,0.34,1.48,1.11,0.81,1.36,4.05
196601,0.85,-1.11,-2.41,0.18,1.26,0.68,1.84,4.39,4.51,9
196602,-2.59,-2.37,-2.08,-2.05,-0.74,-2.16,-0.5,-0.37,1.58,8.27
196603,-3.82,-1.86,-2.64,-4.18,-0.87,-1.39,-1.86,-0.97,-1.17,1.12
196604,1.88,0.26,1.75,-0.2,3.39,4.14,4.05,4.48,6.07,5.08
196605,-3.36,-4,-4.77,-4.09,-4.41,-4.59,-8.01,-6.1,-7.28,-10.99
196606,-1.52,-1.92,-2.23,-2.53,-1.49,-1.99,-0.47,1.46,0.51,3.6
196607,-1.77,0.46,-0.56,-0.94,-2.69,-3.07,-0.01,-3.09,-0.4,-2.15
196608,-5.07,-7.05,-7.79,-6.58,-8.53,-7.55,-7.4,-9.04,-9.63,-9.18
196609,-3.87,-0.11,2.66,0.48,-0.83,2.43,-1.65,-1.32,-2.3,-4.87
196610,2.33,8.1,7.04,7.1,6.28,4.88,5.3,0.34,0.93,-5.46
196611,-0.93,-1.92,-1.02,-2.55,1.87,7.23,1.95,3.24,7.27,12.08
196612,2.49,-0.25,-0.06,0.59,-1.29,0.52,1.6,0.28,0.23,1.38
196701,14.46,15.22,13.98,5.97,8.99,6,6.15,7.26,6.79,8.51
196702,0.29,-1.89,-1.01,-0.1,0.44,1.35,1.15,-0.08,2.05,5.29
196703,2.48,3.84,4.81,4.58,4.94,4.04,5.33,3.63,4.03,6.39
196704,6.8,6.68,5.53,3.67,3.28,2.43,0.5,3.63,5.31,6.3
196705,-6.93,-2.44,-5.09,-2.69,-2.29,-3.48,-5.12,-3.57,-3.69,-3.36
196706,2.58,0.21,1.71,1.78,-0.45,2.23,2.21,3.62,6.12,8.46
196707,10.06,5.62,6.24,1.26,3.23,4.64,5.97,5.74,4.68,7.27
196708,-0.61,-0.81,-0.48,-0.24,0.13,-0.54,0.13,-0.79,-1.2,-1.73
196709,4.37,2.2,3.23,2.12,2.18,2.95,2.6,5.16,5.41,4.45
196710,-4.03,-3.38,-4.29,-3.6,-5.45,-2.78,-2.26,2.55,-1.76,0.67
196711,1.37,0.63,-0.48,-0.62,-1.76,1.57,2.39,2.41,0.8,1.12
196712,2.37,3.93,2.1,4.07,2.42,3.29,2.65,2.13,5.53,9
196801,0.27,-2.02,-1.45,-4.78,-3.44,-4.7,-6.45,-6.11,-5.45,-6.92
196802,-3.6,-2.02,-1.99,-1.87,-2.26,-4.54,-2,-6.65,-3.33,-8.95
196803,-1.85,0.33,-0.96,-1.54,0.93,1.41,-0.04,4.86,1.35,2.56
196804,10.94,6.59,6.64,7.91,8.58,8.01,9.72,11.66,13.59,19.19
196805,1.57,0.78,1.42,0.29,4.3,2.81,0.22,5.14,4.06,10.17
196806,1.8,3.92,1.91,0.34,1.45,0.6,0.77,-0.26,-0.84,0.73
196807,-2.39,-1.57,-1.53,-3.22,1.69,-1.29,-4.85,-4.08,-3.37,-4.48
196808,0.86,1.71,1.43,0.55,2.12,1.72,2.53,1.27,3.72,4.9
196809,6.85,7.01,4.1,3.25,4.18,3.91,3.22,2.07,5.65,9.83
196810,1.9,1.22,3.1,2.02,1.05,-0.35,-0.85,-0.39,3.03,-1.57
196811,8.55,6.84,2.94,5.42,6.36,4.34,4.2,7.66,7.79,9.97
196812,-4.95,-4.14,-3.98,-3.99,-2.23,-3.51,-3.1,-2.59,-3.39,-2.85
196901,-2.77,1.34,-1.9,0.26,0.05,-1.33,-0.19,-1.62,-0.47,-1.87
196902,-7.88,-5.21,-2.3,-6.23,-4.77,-5.87,-7.12,-7.67,-6.65,-10.46
196903,-1.09,3.73,1.13,3.05,3.5,4.47,4.75,4.53,4.6,5.69
196904,0.38,3.57,1.4,3.29,-0.08,1.32,2.31,2.14,2.33,3.36
196905,-2.74,0.46,-1.11,0.01,1.42,0.21,1.27,0.78,-0.22,2.99
196906,-11.88,-6.95,-0.68,-6.45,-5.23,-7.64,-6.27,-6.3,-9.05,-11.47
196907,-12.33,-11.7,-5.22,-4.46,-5.29,-4.58,-7.12,-5.22,-7.86,-6.9
196908,6.41,4.44,3.47,3.29,3.59,5.53,3.9,3.56,7.25,10.46
196909,-4.41,-3,-4.32,-3.07,-4.12,-3.94,-1.12,-1.53,-1.91,-2.81
196910,10.71,9.28,9.51,3.81,4.38,6.16,6.2,3.22,4.76,6.65
196911,-6.96,-5.93,-4.67,-4.9,-5.4,-4.07,-4.4,-2.6,-2.13,-0.39
196912,-8.2,-6.18,-5.2,-3.75,-3.1,-3.47,-3.64,-1.75,0.78,1.37
197001,-6.49,-7.7,-9.3,-12.13,-7.22,-9.1,-6.33,-7.26,-6.01,-7.05
197002,3.53,4.54,6.63,6.86,7.09,5.36,5.67,8.05,7.31,3.18
197003,-3.87,-2.57,-0.51,0.25,1.77,2.05,3.22,1.13,-1.68,-2.96
197004,-17.38,-12.98,-8.42,-12.59,-9.88,-9.57,-8.55,-10.11,-10.1,-11.46
197005,-9.64,-4.93,-0.93,-0.68,-7.54,-8.57,-6.56,-6.55,-8.34,-6.2
197006,-11.46,-11.85,-6.47,-3.02,-5.16,-5.96,-6.39,-5.95,-5.17,-0.93
197007,4.7,12.16,10.71,10.55,9.23,10.85,5.46,7.59,5.91,4.43
197008,12.9,9.42,8.88,7.34,6.93,5.67,4.51,5.55,2.43,2.01
197009,22.68,12.53,7.53,8.27,6.78,5.41,1.88,2.55,1.37,4.14
197010,-14.55,-11.06,-4.6,-3.52,-1.12,-1.68,-0.51,-1.44,0.55,-1.28
197011,-1.21,5.26,3.09,3.86,5.2,5.32,4.16,6.04,5.86,5.66
197012,5.88,10.92,7.77,8.19,7.36,7.03,7.7,6.68,4.45,3.46
197101,13.69,11.76,10.83,7.61,3.62,6.78,6,3.24,3.97,2.07
197102,4.52,0.11,1.58,2.27,1.95,-0.61,1.59,1.4,1.48,4
197103,7.95,6.2,5.97,5.92,2.14,4.06,2.6,4,3.23,5.19
197104,3.64,2.68,4.39,0.32,3.39,4.07,3.67,5.4,5.31,4.93
197105,-5.87,-4.71,-1.91,-3.38,-5.22,-2.18,-3.28,-5.34,-2.82,-2.98
197106,-3.12,0.06,1.63,0.02,-0.15,-0.13,0.26,-0.36,2.48,2.71
197107,-4.91,-3.74,-1.51,-5.19,-3.16,-2.97,-3.3,-5.31,-8.1,-6.25
197108,2.37,1.01,3.91,2.67,2.8,7.36,5.73,4.74,5.47,8.75
197109,-3.67,-1.23,-1.05,-1.45,1.07,0.87,-0.44,-0.55,-0.72,0.62
197110,-9.15,-4.04,-2.8,-2.24,-3.55,-3.69,-4.33,-4.39,-6.03,-4.11
197111,-3.43,-1.5,0.3,0.4,-0.4,0.23,0.78,-0.55,0.22,0.92
197112,11.8,10.12,8.99,7.74,8.27,9.31,8.51,8.65,9.96,10.8
197201,6.24,-0.65,1.59,0.34,4.21,3.08,2.49,2.03,1.88,6.1
197202,4.86,4.48,-0.23,-0.15,1.68,1.86,5.07,3.32,5.05,5.68
197203,-1.66,-2.87,-0.5,-1.51,-0.92,2.77,1.18,0.29,3.46,1.31
197204,-2.31,0.78,-0.85,-0.81,-1.22,1.14,1.3,0.21,2.7,1.26
197205,-2.55,1,-1.47,1.75,-0.96,0.04,1.59,1.63,3.48,5.65
197206,-6,-3.93,-3.11,-2.34,-1.64,-2.28,-2.35,-2.8,-1.38,0.56
197207,-4.75,-2.65,-3.3,-1.1,0.67,-1.4,-1.32,1.2,1.74,0.01
197208,4.38,9.27,7.47,6.51,5.67,7.14,2.38,1.09,2.06,-1.54
197209,-4.29,-3.18,-1.66,-1.04,1.65,-2.35,-2.45,-0.4,-0.16,0.52
197210,-3.31,0.15,1.25,-0.32,2.62,1.26,2.54,0.43,-0.08,1.71
197211,9.3,8.58,9.65,7.6,8.18,8.36,5.54,2.72,2.07,1.58
197212,-4.3,-3.19,-1.74,-1.2,-1.02,-0.51,1.46,1.87,2.07,5.35
197301,-10.76,-7.57,-6.34,-5.35,-5.24,-4.34,1.37,-0.98,-1.16,-2.88
197302,-9.29,-8.83,-8.68,-4.23,-4.12,-4.7,-3.11,-3.57,-2.53,-5.11
197303,-4.1,-3.04,-2.55,-3.86,-1.73,-1.34,-2.77,-0.58,-0.23,1.79
197304,-11.5,-12.99,-8.53,-8.52,-6.7,-4.55,-3.61,-3.32,-4.62,-3.08
197305,-12.94,-9.24,-8.39,-6.95,-4.9,-2.85,-2.02,-0.92,-1.31,-0.23
197306,-8.62,-5.51,-2.97,-1.54,-4.54,-3.41,-2.05,-0.05,0.06,0.73
197307,20.92,13.39,14.69,11.74,11.38,10.22,7.33,3.06,2.83,2.43
197308,-7.12,-5.56,-5.2,-4.18,-2.44,-3.14,-3.17,-2.08,-4.1,-2.86
197309,10.8,12.93,15.02,11.28,10.32,12.13,6.44,-0.96,3.77,5.28
197310,-5.67,-5.52,-3.82,-1.91,-2.92,-4.25,0.91,0.26,-0.99,4.06
197311,-23.26,-22.42,-19.87,-17.97,-11.37,-13.87,-9.55,-11.06,-9.23,-9.25
197312,-5.99,-4.38,-5.78,-3.04,0.28,1.4,-1.86,1.37,3.44,7.44
197401,12.64,7.95,9.03,6.16,4.56,3.99,-0.31,0.03,-0.19,-6.08
197402,-2.33,-0.2,1.7,0.33,-0.59,-1.61,-0.82,0.12,0.4,1.79
197403,0.63,-1.98,-4.1,-1.27,-0.86,-0.6,-2.27,-2.56,-3.29,-4.64
197404,-10.38,-7.83,-4.5,-3.57,-3.64,-4.01,-4.97,-3.68,-4.76,-4.12
197405,-8.08,-5.25,-3.63,1.54,-1.92,-2.77,-3.63,-5.38,-5.25,-9.17
197406,-5.21,-6.13,-1.75,-2.78,-1.54,-1.11,-2.53,-1.69,-1.8,-1.3
197407,-10.8,-6.27,-10.51,-7.44,-7.66,-9.06,-8.08,-5.72,-4.86,-3.63
197408,-11.94,-9.21,-10.42,-8,-9.22,-11.15,-8.09,-7.35,-7.76,-8.86
197409,-14.1,-11.74,-13.23,-13.37,-13.11,-11.87,-11.37,-5.87,-9.32,-9.13
197410,14.63,19.83,19.24,20.25,13.56,9.9,17.24,19.85,14.34,20.34
197411,-2.92,-5.65,-4.32,-4.13,-5.35,-3.63,-4.65,-3.34,-1.28,-3.68
197412,-4.99,-6.87,-4.21,-3.47,-3.79,-1.45,-0.73,-2.17,0.96,-3.37
197501,31.16,23.75,19.93,13.16,13.63,12.79,7.57,9.61,13.08,11.42
197502,6.8,6.55,5.3,9.02,5.03,8.7,4.24,6.36,4.93,3.97
197503,8.18,3.3,5.11,2.96,1.32,3.45,1.23,0.33,4.09,7.1
197504,4.5,7.1,3.89,6.82,6.06,3.29,2.88,4.02,3.05,7.64
197505,5.06,7.91,5.7,5.41,4.93,7.28,6.76,3.89,5.27,4.93
197506,6.46,4.16,6.05,3.07,5.86,5.57,6,6.44,5.72,5.63
197507,-8.01,-8.51,-6.18,-5.06,-5.18,-6.71,-6.4,-5.16,-5.8,-4.05
197508,-4.48,-2.7,-1.63,-1.64,-2.23,-3.27,-0.84,-2.9,-2.98,-2.54
197509,-3.66,-6.79,-3.47,-3.19,-1.99,-2.59,-4.25,-4.67,-4.76,-1.79
197510,2.26,8.52,7.17,4.63,6.03,7.49,4.33,5.68,6.15,3.19
197511,3.29,5.83,3.22,3.48,1.72,3.17,2.19,2.23,3.09,1.58
197512,-1.3,-2.38,-2.11,-0.41,-2.22,-1.51,0.26,-1.28,-0.29,-1.26
197601,9.88,9.85,11.35,13.67,12.73,13.16,13.67,14.15,13.8,18.99
197602,2.45,0.91,1.16,0.62,0.64,-1.4,0.04,-1.08,3.4,5.28
197603,1.41,4.19,2.3,3.37,3.99,3.49,1.32,2.34,0.91,0.82
197604,-3.14,-2.89,-1.37,0.42,-0.52,-0.39,-0.06,0.22,-0.8,-2.57
197605,0.17,-2.03,-2.15,-0.12,-0.42,-0.94,0.11,-1.07,-1.72,-2.69
197606,6.98,5.06,3.25,4.14,6.76,2.3,4.95,2.92,3.62,4.58
197607,-0.99,-0.64,-2.03,-0.05,1.1,0.46,-0.58,-1.63,-1.67,-1.12
197608,-1.55,0.98,0.27,-0.32,1.55,-0.19,-0.79,-0.41,-2.36,-2.2
197609,1.85,1.58,2.51,2.99,3.46,1.75,3.86,2.78,0.92,2.63
197610,-3.63,-2.29,-2.08,-2.36,-2.5,0.11,-0.78,-3.03,-2.45,-3.57
197611,-0.07,-2.42,-0.73,1.85,1.37,1.28,1.39,2.01,4.03,3.34
197612,5.08,5.51,5.18,6.29,4.61,5.23,8.25,8.28,6.92,8.23
197701,-9.38,-5.11,-5.84,-3.45,-2.48,-2.63,-2.02,-2.07,-0.96,2.43
197702,-1.79,-1.42,-1.6,-0.55,-1.93,-1.05,-2.08,-2.44,-1.82,-1.85
197703,-2.8,-1.58,-0.47,-1.86,0.25,-0.54,-1.92,0.18,-0.87,-0.63
197704,-4.12,-1.65,-0.45,1.19,-1.45,2.87,1.41,3.72,2.04,3.95
197705,-2.41,-3.39,-2.71,-1.28,0.22,-0.5,0.73,-0.23,-0.09,0.52
197706,5.88,4.64,4.27,5.95,4.37,3.65,4.42,5.67,6.94,6.94
197707,-2.19,-2.67,0.04,-1.88,-2.17,-0.85,-0.42,-0.97,-0.66,-1.07
197708,2.1,0.54,-0.06,-3.36,-2,-2.59,-2.99,-2.17,-2.07,-1.97
197709,-2.2,-1.11,-0.65,0.81,2.44,0.52,0.89,0.99,1.94,1.36
197710,-5.23,-3.89,-3.79,-3.34,-4.8,-3.21,-3.06,-2.7,-3.62,-4.83
197711,3.62,3.79,3.95,3.97,3.75,5.05,5.42,6.9,6.99,8.58
197712,0.12,-0.62,0.83,1.52,0.84,-0.32,0.66,1.67,1.8,2.01
197801,-5.81,-6.09,-6.33,-4.84,-5.4,-5.41,-5.16,-5.49,-5.32,-3.52
197802,-4.73,-2.19,-1.2,-1.32,-0.08,-0.63,-0.86,-0.14,1.98,1.52
197803,3.6,3.25,4.01,3.51,-0.6,3.84,4.2,5.58,6.25,6.33
197804,11.49,9.81,8.51,10.22,5.71,6.03,5.24,8.33,9.66,9.71
197805,1.66,1.92,1.57,0.9,0.37,2.89,3.51,4.65,5.73,8.72
197806,-4.41,-2.23,-1.31,-1.21,-0.66,-0.49,-0.95,0.36,0.39,2.23
197807,4.99,4.22,5.31,4.3,6.02,5.61,7.76,6.81,9.47,9.79
197808,4.13,4.84,3.32,2.78,3.23,4.24,4.03,4.91,8.06,10.61
197809,0.8,1.63,-0.46,-0.87,-1.48,-1.84,-1.87,-1.77,-2.34,-4.61
197810,-10.85,-7.31,-8.39,-8.32,-11.86,-12.2,-15.35,-16.31,-19.17,-23.23
197811,2.74,1.7,2.44,3.34,1.71,4.44,4.13,5.49,7.54,11.04
197812,-2.12,-0.97,0.21,-0.49,1.61,5.1,1.29,1.96,3.47,3.4
197901,9.61,6.48,5.54,4.88,3.8,4.29,3.7,4.49,5.48,6.49
197902,-2.81,-3.01,-1.86,-2.71,-3.15,-1.81,-2.84,-2.79,-4.81,-4.17
197903,8.48,5.04,4.83,2.88,5.88,7.29,6.26,8.33,8.77,10.3
197904,0.61,-0.76,1.37,0.56,-0.69,0.86,0.57,2.27,0.58,1.59
197905,-2.5,-0.73,-0.47,-0.39,-0.62,0.25,-3.62,-1.92,-2.28,-1.37
197906,5.75,4.7,3.33,3.3,5.56,4.37,6.13,3.36,6.97,6.58
197907,2.74,2.27,1.76,2.28,1.8,1.47,0.85,1.18,0.98,1.95
197908,8.35,8.37,6.14,6.11,4.49,4.71,5.75,6.84,8.2,7.3
197909,-3.89,-2.82,-2.64,-1.17,-1.47,0,-1.16,2.95,2.63,4.37
197910,-13.01,-7.95,-6.98,-8.13,-7.32,-8.4,-7.05,-6.46,-4.45,-6.43
197911,2.22,4.83,3.22,2.81,5.65,5.5,8.92,10,11.38,12.29
197912,2.56,-0.38,0.95,2.19,2.62,3.02,1.55,5.08,3.28,8.61
198001,4.05,0.77,2.59,0.96,4.05,6.87,8.91,9.5,12.29,12.98
198002,-5.16,-3.65,-5.04,-5.38,-4.99,-0.7,0.65,4.18,6.66,5.07
198003,-3.7,-7.12,-6.2,-6.61,-8.99,-10.74,-12.89,-14.94,-16.7,-21.24
198004,6.91,6.16,6.99,4.22,2.47,3.62,5.22,3.47,4.97,6.88
198005,9.08,5.36,6.91,5.7,7.29,6.85,7.68,7.27,5.3,3.95
198006,2.9,3.68,3.42,1.82,1.49,2.9,2.82,3.92,4.07,6.29
198007,10.11,9.41,8.32,6.32,4.53,5.76,7.75,8.77,6.84,6.34
198008,2.74,2.39,-0.12,1.97,0.09,1.7,1.97,2.14,2.48,5.12
198009,0.14,-0.24,-0.28,-0.91,-0.74,2.07,2.87,4.49,5.86,8.32
198010,-1.73,-2.75,-0.95,1.95,-1.7,-0.76,2.37,5.33,5.37,5.2
198011,0.87,-0.58,1.6,5.39,7.53,13.17,11.62,16.76,21.62,17.08
198012,-0.23,2.99,2.68,0.01,-1.2,-0.71,-5.38,-6.64,-7.86,-7.29
198101,-0.75,0.75,2.79,0.2,-1.13,-2.66,-3.47,-5.18,-7.08,-11.24
198102,-0.07,3.98,2.12,1.79,1.98,2.84,3.13,0.38,2.21,0.05
198103,10.18,4.58,3.01,4.94,3.28,3.25,3.41,4.24,6.34,8.49
198104,-1.32,0.32,-0.08,0.77,-1.26,-2.72,0.33,-4.14,-1.12,-0.39
198105,0.1,2.41,-0.92,1.07,2.23,-0.16,-0.28,1.7,2.51,5.76
198106,4.16,2.7,1.14,-0.69,-0.67,-1.6,-1.63,-3.33,-4.2,-7.95
198107,4.51,2.86,0.06,0.9,-1.92,-2.59,-2.22,-1.38,-1.49,-2.48
198108,-7.89,-4.77,-3.85,-4.78,-4.54,-6.19,-7.32,-5.29,-6.43,-8.38
198109,-9.9,-7.25,-5.43,-6.11,-4.35,-4.77,-6.17,-4.4,-5.08,-8.14
198110,3.56,6.06,2.52,6.1,6.12,5.21,7.14,5.91,8.34,11
198111,3.7,4.96,5.05,7.43,4.53,4.01,5.27,3.47,2.97,2.78
198112,-5.26,-4.1,-2.11,-2.6,-1.66,-2.34,-2.49,-3.02,-2.19,-2.61
198201,-4.87,-6.38,-1.06,-4.72,-1.62,-2.56,-0.01,-1.2,-0.05,-3.52
198202,-9.16,-9.21,-5.74,-6.01,-6.15,-4.11,-1.64,-3.13,-0.68,-4.77
198203,-4.77,-2.21,-1.36,-1.26,-0.82,-2.16,0.04,1.58,1.75,-0.52
198204,5.72,4.36,4.84,4.05,4.31,3.65,4.69,5.43,2.74,4.4
198205,-6.43,-4.61,-3.63,-1.45,-2.99,-1.13,-2.73,-2.92,-3.25,-1.12
198206,-9.05,-5.43,-2.44,-1.09,-4.61,-2.81,-1.04,-0.74,-0.07,1.08
198207,-6.77,-4.7,-3.49,-3.21,-4.44,-3.82,-2.65,-0.32,2.39,-1.56
198208,10.61,16.47,15.24,13.25,11.55,13.76,10.5,10.85,10.94,9.53
198209,-3.07,0.08,2.48,3,1.25,2.05,1.01,1.91,2.59,4.66
198210,13.83,12.35,13.02,11.91,8.82,16.87,12.3,10.6,10.34,13.88
198211,1.83,5.32,-1.06,5.48,4.36,5.58,6.84,5.43,6.8,9.93
198212,3.82,2.52,1.37,-0.57,0.2,1.71,0.91,0.54,2.72,0.06
198301,6.95,4.82,4.36,8.74,4.47,1.63,2.34,2.08,4.34,2.57
198302,-2.01,2.21,2.6,1.15,3.45,3.01,4.26,4.11,5.08,6.9
198303,2.19,3.69,4.25,4.02,1.16,3.7,3,3.69,3.26,4.89
198304,6.51,8.67,7.73,6.53,5.42,5.79,5.7,10.41,4.81,10.63
198305,8.68,2.59,-0.64,0.54,0.84,-0.83,-0.28,-0.36,1.5,4.76
198306,4.64,4.9,2.47,0.98,1.97,4.18,2.5,6.35,4.78,5.71
198307,-2.66,-1.42,-3.45,-2.36,-2.56,-4.16,-1.85,-3.34,-3.73,-7.84
198308,-0.23,3.82,3.39,2.05,2.68,-0.69,-0.4,-2.11,-5.04,-4.51
198309,3.58,1.46,0.78,0.23,3.16,1.37,4.03,-0.88,3.37,1.17
198310,-1.84,2.23,-2.39,-1.15,-1.83,-1.31,-2.54,-4.67,-5.72,-9.38
198311,4.85,1.1,3.3,2.96,2.33,4.3,3.95,-0.11,3.61,5.41
198312,0.06,-1.27,-1.19,-1.02,-2.17,-2.61,-0.12,-0.27,1.42,-2.6
198401,-1.83,-1.01,1.02,-0.7,-0.77,-0.8,-0.45,-1.31,-2.97,-6.67
198402,-5.83,-3.9,-4.76,-2.38,-3.44,-3.79,-4.01,-4.33,-4.13,-4.6
198403,-0.88,1.56,1.87,2.02,1.69,1.88,0.71,1.61,1.18,2.32
198404,-1.31,-0.09,-1.28,-1.1,1.14,0.79,0.45,-0.42,2.24,1.65
198405,-8.8,-5.18,-5.23,-4.21,-4.92,-5.78,-4.36,-4.69,-4.53,-5.56
198406,1.33,3.69,3.15,2.4,4.18,5.59,1.87,1.41,1.73,1.45
198407,-6.9,-5,-1.01,-3.1,-2.02,-0.25,-1.04,-2.64,-2.22,-2.14
198408,13.49,16.07,13.74,11.54,12.32,12.94,11.7,9.75,8.17,8.62
198409,-3.4,-0.75,-1.52,-2.88,0.3,0.12,-0.47,2.21,1.14,1.24
198410,-3.41,-2.91,-0.23,-0.26,0.39,-0.31,0.9,1.17,0.82,0.72
198411,-4.56,-1.14,-0.87,-0.18,-1.59,-0.64,-0.9,-1.33,-0.53,-1.32
198412,1.01,-0.14,2.28,3.7,2.31,1.65,2.79,2.59,2.82,2.66
198501,16.72,13.61,11.47,10.19,10.71,9.65,7.41,6.73,4.77,6.5
198502,0.26,1.46,0.34,1.17,2.01,2.12,1.27,1.27,3,2.92
198503,-0.89,-0.71,-0.49,-0.49,-0.69,2.66,-2.09,1.67,0.47,-0.53
198504,-3.34,-2.39,-1.49,0.83,-0.1,-0.61,-0.12,0.56,0.56,0.05
198505,-0.84,1.94,3.49,5.88,4.16,7.19,8.13,6.47,6.08,7.45
198506,-1.22,-0.11,1.88,0.96,-0.05,2.07,2.1,3.27,2.94,3.56
198507,3.07,5.26,2.34,1.54,2.22,0.24,-1.95,-1.99,-2.2,-1.35
198508,-3.2,-1.59,-0.94,-2,-0.75,0.26,0.25,1.09,0.31,-0.9
198509,-8.83,-5.34,-3.66,-3.04,-4.34,-2.96,-3.49,-2.88,-4.24,-4.74
198510,0.03,0.22,2.42,4.19,3.78,4.9,5.71,5.52,5.65,7.33
198511,6.64,7.78,8.68,8.39,6.86,6.87,5.77,5.71,6.98,7.4
198512,3.49,5.01,4.56,7.56,4.48,3.05,4.12,4.18,4.2,3.75
198601,-1.94,0.75,1.89,1.23,0.07,-1.23,0.43,2.42,2.53,4.45
198602,4.5,6.31,6.93,9.51,5.8,7.09,9.01,7.22,9.06,8.31
198603,2.61,1.11,5.36,4.7,3.78,5.68,5.78,6.68,8.18,5.76
198604,-0.78,-0.34,1.15,0.92,-0.12,-2.57,-1.54,-0.35,-2.68,0.16
198605,4.98,5.7,3.48,1.91,4.24,4.76,5.85,5.35,7.73,6.62
198606,-4.2,-1.69,-0.13,0.59,0.1,1.74,2.88,3.49,4.41,3.04
198607,-11.69,-8.77,-5.83,-4.51,-5.87,-4.3,-5.26,-4.86,-5.81,-7.6
198608,11.06,12.04,10.04,8,8.88,5.66,5.72,5.39,4.5,3.71
198609,-1.16,-3.02,-4.13,-5.19,-5.49,-9.01,-8.62,-11.02,-10.29,-11.47
198610,1.9,3,-0.92,4.88,6.13,5.26,6.14,6.79,5.52,7.24
198611,0.41,-0.31,2.22,2.41,1.46,2.88,0.97,1.57,1.53,0.43
198612,-5.2,-4.12,-2.43,-3.89,-1.45,-2.81,-1.59,-3.07,-3.33,-2.13
198701,14.13,10.29,10.88,11,10.64,13.28,12.56,13.01,12.15,18.05
198702,8.49,8.14,6.2,6.05,6.84,5.37,2.64,2.74,3.08,5.22
198703,0.02,4.14,-1.24,0.9,0.16,3.28,0.8,1.99,2.31,4.09
198704,-4.97,-1.74,1.51,-3.11,-2.46,-3.05,-3.82,-2.16,-0.34,0.44
198705,1.54,2.38,0.72,-1,0.44,-0.25,1.43,-0.35,1.13,0.84
198706,2.05,4.39,4.92,5.14,5.58,4.36,4.53,4.62,4.7,3.67
198707,3.09,1.81,2.97,2.73,4.94,2.99,5.45,7.06,4,5.54
198708,3.29,5.12,5.78,5.19,3.15,3.18,4.17,3.62,3.74,4.08
198709,-3.01,-1.57,-1.53,-1.28,-5.7,-1.94,-1.8,-2.74,-0.98,0.08
198710,-23.84,-15.6,-15.82,-18.55,-21.41,-23.92,-24.17,-20.5,-26.49,-26.63
198711,-5.87,-4.41,-5.47,-7.01,-8.24,-7.74,-8.21,-8.13,-8.55,-6.19
198712,1.88,4.14,4.41,6.67,6.89,6.31,6.7,8.24,8.31,8.02
198801,7.54,8.56,10.88,8.13,7.58,5.33,5.29,3.86,2.46,-2.08
198802,8.7,10.27,5.9,6.21,5,3.83,3.11,3.67,6.45,7.6
198803,0.15,0.18,-0.5,-1.36,-4.25,-3.17,-1.24,-3.02,-1.88,0.41
198804,-0.24,-0.09,-0.12,1.93,-0.33,-0.32,1.16,1.38,2.01,1.69
198805,-3.09,0.04,0.73,1.79,-0.67,-0.49,0.41,1.57,-0.36,-1.13
198806,9.62,8.17,8.79,4,5.16,4.35,4.96,3.42,4.68,3.51
198807,-2.44,-2.23,-1.1,-1.51,-0.13,-0.18,-0.59,-0.05,-0.59,-1.08
198808,-3.64,-3.35,-2.44,-3.97,-2.08,-2.34,-2.58,-2.07,-2.81,-2.92
198809,1.99,3.08,4.91,5.23,5,3.75,2.75,2.35,4.01,4.3
198810,0.63,0.99,0.87,1.99,3.1,0.75,2.68,0.84,3.5,1.7
198811,-3.93,-0.95,-1.27,-1.56,-1.94,-2.41,-0.64,-2.34,-1.15,-2.3
198812,2.61,3.32,1.92,2.21,1.8,2.14,1.49,1.46,2.94,1.98
198901,8.46,6.15,7.79,6.56,4.99,6.17,7.04,5.62,7.79,6.4
198902,-1.69,-1.25,-1.92,-2.01,-1.98,-2.85,-1.86,-1.16,-1,1.75
198903,-1.85,0.86,-0.1,1.97,3.31,0.18,2.67,4.45,3.43,4.53
198904,2.17,4.56,4.4,4.94,5.13,3.38,5.85,5.56,6.01,5.6
198905,3.38,5.11,1.32,3.9,3.82,5.59,3.35,4.16,5.22,4.75
198906,-3.46,-3.28,0.74,-0.22,0.19,-1.87,-0.76,-0.21,-0.39,-0.37
198907,-0.79,4.09,5.12,6.93,6.91,6.96,7.81,9.53,11.69,9.06
198908,0.99,3.54,3.26,2.91,3.85,2.67,0.54,1.52,1.18,2.02
198909,-3.14,-0.87,-2.37,-2.64,-0.33,-0.92,-0.54,-0.12,0.91,3.38
198910,-10.01,-7.5,-2.76,-3.51,-3.3,-2.56,-1.58,-2.12,-2.51,-4.13
198911,-2.64,-1.6,-0.21,-0.22,1.32,2.48,4.22,1.62,2.5,1.27
198912,-1.08,-1.37,-1.16,2.16,2.42,1.79,3.79,3.53,2.37,-0.43
199001,-8.74,-3.95,-4.89,-6.64,-6.42,-6.88,-6.26,-6.47,-8.36,-10.67
199002,2.77,4.36,2.35,2.46,1.51,1.49,0.69,1.2,1.77,1.45
199003,2.1,1.61,2.6,2.95,0.29,1.32,1.93,2.16,3.17,3.87
199004,-7.58,-4.61,-3.79,-3.76,-2.38,-2.7,-2.73,-2.44,-2.3,-1.59
199005,4.14,9.1,7.53,8.45,9.63,7.19,8.75,9.17,8.49,13.01
199006,-2.41,-3.83,-2.31,-1.88,-0.64,-1.48,-0.74,-1.71,1.28,1.67
199007,-9.22,-7.89,-6.8,-3.44,-1.63,-1.42,-0.88,0.22,1.31,-1.75
199008,-16.62,-12.5,-10.24,-11.08,-9.29,-9.56,-9.67,-7.7,-8.34,-10.23
199009,-15.1,-13.55,-10.12,-7.75,-8.61,-2.61,-2.17,-4.3,-4.03,-6.52
199010,-11.2,-9.42,-6.06,-3.6,-3.55,0.51,0.3,0.85,0.26,-0.9
199011,13.54,14.01,11.97,7.63,7.63,8.43,6.8,5.65,5.37,5.53
199012,-1.12,3.1,5.85,3.98,6.65,3.83,3.6,2.87,2.07,1.77
199101,8.01,13.93,13.19,9.63,5.38,6.25,3.94,1.36,2.12,6.2
199102,21.66,14.98,10.91,5.51,7.66,7.37,7.07,5.59,6.54,9.11
199103,6.17,4.88,0.43,1.64,2.22,1.57,2.36,3.16,1.89,6.46
199104,-0.4,2,4.14,0.28,-0.45,1.59,0.75,0.78,-0.72,-1.45
199105,1.97,7.31,6.56,3.04,4.48,3.82,2.96,4.14,4.03,4.08
199106,-4.09,-5.82,-5.65,-5.29,-4.57,-4.82,-4.55,-3.7,-3.32,-4.69
199107,1.87,3.27,2.88,3.16,3.77,3.03,2.63,5.77,7.71,7.73
199108,5.98,4.52,2.86,0.49,2.24,2.03,1.07,3.23,3.65,5.78
199109,-6.76,-2.6,-0.47,-1.84,-0.54,-0.58,-1.41,-2.26,-1.13,0.58
199110,0.65,-1.73,1.09,1.47,1.16,1.15,2.59,3.12,1.76,3.76
199111,-8.69,-5.47,-4.85,-3.07,-2.6,-2.52,-3.35,-0.65,-5.36,-5.42
199112,2.58,4.17,9.77,8.8,8.43,11.45,14.41,13.98,14.6,17.7
199201,5.89,1.32,2.48,-0.06,-1.21,-1.76,-3.3,-0.63,-2.54,2.57
199202,1.83,5.89,1.31,1.75,0.28,1.07,0.5,2.11,1.62,0.83
199203,-5.35,-1.73,-2.65,-1.17,-1.68,-1.63,-1.38,-2.61,-2.79,-4.04
199204,0.27,5.55,2.11,3.69,2.42,2.78,0.87,0.4,-1,-2.47
199205,3.51,1.78,-0.42,-0.32,0.06,0.42,-0.06,1.85,0.88,2.33
199206,-5.73,-3.46,-1,-1.2,-0.36,-1.09,-0.83,-2.92,-4.35,-3.96
199207,2.66,4.34,2.76,3.53,4.44,4.4,5.07,3.91,4.34,4.01
199208,-3.42,-2.15,-2.19,-0.42,-2.05,-0.51,-3.34,-2.64,-2.58,-4.58
199209,-0.14,0.12,2.22,0.65,2.21,1.14,1.54,0.2,2.3,4.26
199210,2.35,1.46,-1.4,1.23,0.21,0.88,-0.5,2.24,2.5,5.27
199211,7.68,4.02,4.6,4.03,3.99,1.84,4.38,4.51,3.84,8.38
199212,-1.83,-2.65,-0.01,1.76,2.49,1.95,2.61,1.16,2.36,5.65
199301,1.07,-3.56,-1.88,0.22,0.39,1.06,2.42,2.05,4.96,6.23
199302,-2.16,-2.05,-2.51,-2.96,0.85,3.07,1.56,1.25,2.23,-0.78
199303,-2.87,1.12,1.85,0.78,2.47,3.44,1.2,4,4.7,4.73
199304,-6,1.19,-5.71,-2.35,-2.13,-2.38,-2.45,-2.67,-3.84,-3.29
199305,5.64,3.44,2.99,2.89,1.25,1.68,1.43,4.71,3.2,8.05
199306,-2.94,-3.68,-1.11,-2.17,0.22,0.39,3.27,2.8,3.28,2.95
199307,-5.47,-1.18,-1.9,-0.01,0.38,-0.2,-0.28,2.91,1.44,0.77
199308,3.02,4.56,3.3,3.13,2.68,3.73,2.34,5.37,4.2,8.53
199309,-3.09,-1.11,-1.38,-1.14,-0.56,0.79,1.09,0.08,0.41,4.89
199310,9.48,3.77,2.85,1.4,-1.12,-0.12,0.66,1.13,0.86,0.85
199311,4.47,2.78,0.46,-1.54,-2.12,-3.51,-2.98,-2.45,-4.09,-4.83
199312,0.84,-1.43,1.68,1.92,3,2.11,2.22,2.42,2.32,3.1
199401,6.68,3.95,2.78,0.96,3.09,2.08,2.66,3.99,3.01,4.84
199402,-1.44,-1.44,-2.73,-3.25,-2.1,-2.36,-2.43,-2.51,-2.74,-1.16
199403,-4.88,-4.16,-4.14,-2.89,-4.34,-3.95,-5.02,-4.95,-4.83,-5.72
199404,-1.59,0.54,1.74,2.34,1.31,2.07,0.64,0.76,-0.94,0.32
199405,1.53,1.55,1.33,1.53,1.06,1.04,1.46,0.52,0.5,-2.16
199406,-4.21,-1.45,-2.09,-1.78,-3.4,-2.92,-1.56,-2.21,-3.47,-6.2
199407,3.47,3.37,2.47,3.14,2.17,5.33,3.89,1.7,2.13,2.48
199408,5.43,4.94,2.92,3.08,2.13,4.43,4.1,5.72,5.54,8.4
199409,-1.32,-2.3,-2.57,-2.75,-2.05,-1.48,-2.69,-2.04,-1.92,0.74
199410,-0.56,2.08,1.62,2.48,1.97,2,0.8,0.8,2.26,2.93
199411,-3.69,-2.73,-2.06,-3.7,-4.67,-3.7,-3.54,-2.47,-4.32,-5.13
199412,-2.05,-1.06,0.93,-0.23,1.79,2.62,1.62,0.67,2.39,1.72
199501,1.61,2.15,4.07,3.1,3.04,1.67,3.74,2.8,0.9,-1.79
199502,3.2,5.4,4.58,5.55,3.13,4.53,3.74,3.38,3.09,4.22
199503,0.37,3.47,3.08,3.19,2.19,2.02,2.21,2.6,1.98,4.06
199504,2.75,0.78,0.14,1.39,1.63,2.95,2.41,3.1,2.54,4.69
199505,2.87,3.51,4.18,3.58,3.15,4.47,3.56,4,2.82,2.63
199506,6.99,1.78,2.61,2.64,0.98,1.55,0.74,2.87,3.92,7.21
199507,5.85,4.24,2.75,3.29,4.2,3.11,3.64,2.19,4.72,6.43
199508,1.22,-0.18,2.44,2.06,0.65,1.63,1.37,0.07,0.79,0.67
199509,-1.62,1.9,2.06,4.3,2.6,3.83,4.09,4.71,5.63,3.29
199510,-9.03,-5.85,-3.27,-3.64,-1.29,-0.8,0.4,0.27,0.26,-0.32
199511,4.97,7.6,5.03,5.52,5.56,4.14,4.22,5.2,3.98,1.27
199512,-2.48,-0.59,1.06,1.87,2.25,2.86,1.67,2.2,2.77,-1.28
199601,0.18,1.61,1.55,0.82,1.16,1.68,4.12,3.09,3.99,2.64
199602,3.7,2.45,1.15,1.8,0.86,1.7,0.01,1.2,3.13,3.52
199603,4.38,3.41,2.99,2.29,1.56,0.54,1.33,1.03,-0.09,0.44
199604,10.12,3.69,5.57,3.07,1.71,0.27,0.73,1.66,0.43,6.06
199605,1.01,3.35,2.64,3.22,1.67,1.47,2.07,3.85,2.31,5.04
199606,-6.88,-2.95,-1.08,0.75,-1.44,-0.22,1.5,1.48,-1.61,-4.04
199607,-11.14,-8.01,-5.27,-3.89,-5.31,-4.15,-3.48,-4.39,-4.76,-10.63
199608,4.57,4.34,5.12,3.06,4.17,2.82,1.83,2.97,1.65,5.74
199609,5.22,2.7,3.3,5.14,3.66,3.89,5.43,5.41,6.55,8.02
199610,-7.8,-3.95,-0.28,2.46,1.41,4.36,2.63,3.65,2.89,-1.03
199611,11.88,8.41,5.04,6.77,6.83,6.07,8.86,6.93,6.5,1.62
199612,0.72,-1.11,-0.13,0.3,-0.66,-0.58,-2.64,-2.11,-2.74,0.83
199701,2.37,2.5,4.34,3.15,3.11,4.05,5.38,7.75,6.12,8.9
199702,-2.95,0.22,0.7,1.53,1.26,1.01,2.33,0.91,-2.18,-6.81
199703,-7.6,-4.2,-3.6,-5.21,-2.82,-2.63,-5.03,-3.46,-6.36,-4.46
199704,-2.73,1.77,-0.37,1.47,2.83,2.73,5.9,6.88,6.85,8.92
199705,17.44,12.31,10.73,6.41,6.08,6.71,5.81,7.25,5.28,5.96
199706,1.44,1.88,6,3.72,3.11,3.45,4.01,4.33,5.89,4.51
199707,4.09,4.66,5.3,7.63,4.71,8.23,5.75,6.67,7.47,15.08
199708,1.49,1.51,-2.2,-2.25,-2.6,-3.06,-4.23,-6.52,-6.69,-2.63
199709,4.05,6.87,5.23,4.66,4.96,6.7,5.14,4.91,6.21,6.91
199710,-5.91,-4.89,0.36,-3.58,-2.15,-3.32,-2.55,-3.22,-1.65,-7.83
199711,-1.4,2.3,5.03,5.67,3.08,4.7,4.65,3.31,1.56,1.38
199712,-2.53,-0.21,2.04,2.46,1.49,1.18,3.33,5.22,0.72,1.45
199801,-0.01,-0.47,-0.5,-1.32,1,-1.13,2.21,-0.49,1.31,2.53
199802,8.39,8.74,7.82,8.02,7.46,8.88,5.22,6.34,6.26,9.9
199803,4.5,2.72,4.42,3.72,5.12,5.41,5,6.17,5.88,5.96
199804,4.6,-0.73,0.42,0.28,1.86,-0.98,-0.24,2.2,0.54,5.36
199805,-8.54,-4.56,-2.89,-2.48,-2.15,-1.78,-2.24,-2.74,0.2,-3.49
199806,-3.67,-1.34,0.07,1.65,0.71,2.23,7.22,3.19,5.19,9.44
199807,-7.25,-5.48,-1.71,-1.89,-4.18,-4.13,-0.6,-1.62,-0.93,0.91
199808,-21.68,-18.94,-12.83,-14.7,-18.06,-15.89,-14.14,-13.87,-13.84,-16.96
199809,12.78,8.88,8.09,9.54,6.97,5.69,4.05,5.95,4.16,8.67
199810,13.28,11.29,9.85,8.45,5.47,9.84,8.13,9.41,7.8,4.06
199811,3.63,2.95,9.02,7.85,5.91,6.74,4.15,6.77,5.11,7.43
199812,-0.92,0.99,-2.21,-1.31,1.91,1.96,4.3,4.24,5.9,12.98
199901,2.35,1.54,-0.87,-1.63,1.91,-0.39,1.38,1.27,0.62,8.93
199902,-7.29,-5.45,-3.6,-2.3,-4.54,-0.67,-2.58,-2.29,-5,-4.7
199903,10.24,3.25,2.63,2.6,2.99,-0.48,2.28,2.6,2.6,5.78
199904,17.57,13.2,14.31,11.67,11.99,9.69,6.45,10.34,4.07,-0.87
199905,7.15,4.83,3.75,1.15,-0.3,0.13,-0.53,-0.93,-3.33,-3.17
199906,1.58,4.6,2.86,1.38,0.82,0.01,3.51,1.29,5.51,8.49
199907,-4.21,-5.06,-1.78,-3.62,-3.37,-2.94,-4.88,-4.21,-2.23,-1.82
199908,-5.36,-4.64,-1.75,-3.8,-2.14,-1.08,-2.08,0.23,-1.97,0.84
199909,-6.19,-4.89,-10.03,-6.91,-6.55,-3.85,-1.81,-0.07,-2.14,0.4
199910,-3.98,1.11,1.19,4.9,9.49,5.34,3.78,8.14,7.31,6.59
199911,2.84,4.72,-1.21,-1.54,-2.68,-0.63,0.73,0.03,1.11,10.52
199912,-0.52,2.3,-2.65,-3.79,-0.99,-2.91,-4.88,3.12,4.92,21.82
200001,-4.48,-2.97,-5.8,-3.84,-2.63,-0.85,-1.76,-3.14,-8.72,-2.72
200002,-2.59,-6.84,-8.81,-6.28,-10.71,-3.38,-6.21,-3.23,-2.99,22.76
200003,8.5,13.82,14.11,9,8.64,12.6,11.41,7.53,13.2,-0.44
200004,-2.31,0.65,4.29,2.38,-0.71,-2.78,-11.9,-0.96,-4.24,-9.01
200005,1.09,5.06,6.13,4.33,-1.26,1.99,2.67,-3.29,-3.37,-11.62
200006,-5.14,-6.2,-5.09,-2.83,6.93,-3.42,-3.51,3.6,3.47,13
200007,-4.3,0.86,-6.04,0.11,-3.52,-0.68,-0.17,1.31,-0.58,-3.27
200008,7.02,8.18,3.31,4.27,6.06,2.71,2.41,5.02,5.41,14.05
200009,-12.43,-1.72,-7.63,4.04,-3.78,3.59,2.45,0.65,-1.55,-11.82
200010,-8.3,4.81,2.72,7.82,1,0.78,0.3,-1.26,-2.23,-7.62
200011,-23.54,-8.75,-3.55,-4.74,-0.72,-7.76,-3.86,-6.59,-9.63,-24.45
200012,-10.79,0.3,0.46,6.35,1.46,6.93,-4.15,2.91,3.12,5.85
200101,35.72,25.87,6.88,13.02,3.63,-2.24,-0.77,-3.26,-6.73,-5.99
200102,-19.64,-17.89,-15.16,-7.91,-5.1,-11.99,-3.57,-1.63,-4.6,-4.23
200103,-17.59,-10.75,-7.15,-7.35,-3.77,-6.22,-5.07,-3.32,-2.13,-3.01
200104,14.83,18.83,8.39,9.52,6.74,2.85,3.88,3.17,4.39,5.67
200105,-5.9,0.56,1.08,1.48,2.22,1.64,4.49,2.72,1.89,3.03
200106,0.07,-1.52,-3.17,-3.4,-0.38,-0.86,-2.56,-1.97,-2.15,1.1
200107,-6.53,-5.05,-0.54,-2.2,-1.15,-0.68,1.91,1.77,0.46,-2.87
200108,-14.4,-7.44,-6.57,-6.42,-4.04,-2.45,-1.52,-2.03,-3.92,-3.29
200109,-22.62,-14.68,-11.1,-5.65,-4.19,-3.12,-3.96,-6.65,-4.84,-7.55
200110,15.52,4.7,1.56,1.76,0.11,1.18,-0.1,-0.61,0.49,2.3
200111,20.13,11.95,7.89,7.1,3.98,5.01,5.61,3.87,5.32,4.73
200112,-0.72,-0.06,0.27,2.06,2.26,4.44,2.28,2.76,3.5,4.9
200201,-1.11,-2.55,-3.31,-1.52,-1.07,0.85,1.05,-1.21,-2.02,-0.19
200202,-17.61,-3.2,-1.54,0.26,-0.07,-1.55,2.07,0.43,0.3,-2.02
200203,7.44,3.85,5.26,2.88,4.48,4.77,3.96,3.74,5.84,5.83
200204,-14.18,-7.98,-8.17,-6.94,-5.18,-0.97,-1.6,1.17,-0.83,-0.37
200205,-6.88,-1.43,-1.09,-0.71,0.26,-1.62,1.01,-2.19,0.78,-2.58
200206,-13.95,-8.47,-4.34,-7.35,-8.64,-6.96,-3.21,-6.47,-2.64,-2.9
200207,-6.84,-9.69,-10.15,-6.48,-7.11,-7.84,-5.62,-6.84,-6.64,-11.92
200208,3.71,-2.49,0.92,1.6,1.5,0.81,2.45,0.59,1.83,1.4
200209,-16.46,-16.07,-13.52,-11.55,-8.2,-8.43,-7.36,-7.38,-4.59,-3.09
200210,21.03,9.31,11.44,9.09,3.88,3.94,5.47,3.85,5.04,5.03
200211,22.9,11.68,8.35,5.03,2.79,1.71,3.12,0.16,-2.99,2.26
200212,-14.87,-12.09,-8.25,-7.8,-1.48,-3.23,-3.42,-1.03,-0.05,-1.75
200301,-3.84,-1.47,-3.41,-2.23,-3.7,-3.01,-2.84,-2.26,-0.78,-1.29
200302,1.33,-2.55,-2.1,-3.08,-1.82,-0.61,-2.79,-2.54,-1.33,0.37
200303,0.45,0.77,-1.3,1.38,1.46,2.77,0.73,1.13,0.84,3.73
200304,19.25,16.55,12.59,13.24,7.35,5.32,7.22,5.36,5.36,4.63
200305,21.9,12.77,13.64,9.38,6.42,4.43,4.61,1.68,5.19,7.11
200306,2.94,4.75,1.42,2.02,1.55,0.65,-0.03,1.92,1.47,1.79
200307,4.62,4.83,4.51,3.43,1.2,0.84,0.92,3.86,1.88,3.52
200308,3.9,4.23,2.18,1.94,0.71,4.82,1.61,1.53,2.09,3.97
200309,-0.51,-1.08,-0.79,-0.46,0.19,-2.43,-3.08,-0.69,-1.55,-1.4
200310,3.95,5.03,5.31,4.85,1.17,7.11,6.46,9.01,8.47,11.62
200311,0.58,1.93,0.26,1.95,1.79,0.26,1.05,0.79,4.08,3.16
200312,8.77,7.19,6.24,4.89,4.54,3.38,3.52,1.76,1.77,-1.25
200401,2.35,0.99,1.04,3.81,0.91,2.34,2.22,2.14,3.34,3.72
200402,2.01,1.48,1.2,2.55,2.64,1.77,0.93,2.17,-0.52,-0.15
200403,-1.84,-2.93,-0.91,0,-2.03,-0.04,-1.08,-0.74,0.79,-1.47
200404,2.51,-0.13,0.11,-1.59,-1.2,-3.42,-3.34,-6.1,-3.23,-7.73
200405,-0.18,0.84,1.9,2.07,-0.44,2.04,3.4,0.58,1.78,2.74
200406,1.12,1.89,1.68,0.95,-0.1,2.24,4.05,4.58,5.08,1.77
200407,-4.35,-2.8,-2.1,-4.74,-1.94,-3.22,-5.43,-6.1,-6.55,-8.69
200408,-0.07,1.5,0.16,0.64,-0.42,1.03,-0.63,-0.41,-0.59,-2.13
200409,2.19,-0.99,-0.78,0.92,0.29,0.84,3.78,4.65,7.39,7.27
200410,5.55,2.57,1.18,1.13,2.11,-1.11,0.76,0.63,2.4,2.24
200411,4.39,1.28,3.83,5.58,3.88,4.41,5.83,5.79,7.18,9.86
200412,7.31,3.19,4.57,4.83,3.36,3.58,3.09,1.99,0.92,2.07
200501,-6.77,-2.07,-3.12,-1.94,-1.24,-1.23,-2.48,-0.09,-2.15,-4.09
200502,4.06,0.38,-0.75,0.08,0.47,0.79,8.07,4.83,2.17,5.43
200503,-2.91,-2.97,-1.73,-2.13,-0.79,-0.45,-1.37,-2.44,-1.08,-1.53
200504,-3.3,-0.71,-2.79,-2.64,-1.07,-1.1,-1.99,-1.63,-5.06,-6.45
200505,5.88,5.39,1.78,2.91,4.34,3.92,1.93,4.87,2.92,6.42
200506,0.24,-0.02,0.23,0.24,-0.62,-0.53,0.5,1.61,3.02,5.53
200507,7.08,4.17,3.5,4.3,2.73,4.12,3.29,3.68,5.88,5.66
200508,-3.01,-3.12,0.42,-1.55,-2.37,-0.36,-0.38,0.49,1.27,1.23
200509,-2.06,-0.49,-0.13,-0.89,0.95,2.64,0.6,2.36,3.28,3.91
200510,-2.39,0.83,-0.64,-0.02,-0.27,-3.5,-4.96,-1.68,-4.35,-2.78
200511,3.49,3.78,3.56,4.71,4.71,2.81,3.66,5.58,3.48,3.09
200512,-0.33,1.23,-1.34,-0.66,-0.08,-0.43,0.85,-0.18,1.14,1.84
200601,6.69,4.71,2.15,-1.06,1.54,2.69,3.41,2.77,5.94,9.85
200602,-1.06,0.81,1.15,0.68,1.77,-0.09,1.45,0.23,-0.39,-5.33
200603,1.84,1.89,2.67,0.58,0.72,0.79,1.42,2.11,2.38,4.57
200604,0.91,-0.01,1.44,1.36,0.61,2.03,0.79,1.07,0.35,1.81
200605,-1.68,-1.54,-0.82,-2.44,-2.82,-3.48,-4.13,-4.09,-5.91,-7.78
200606,-0.3,-0.91,-0.92,0.52,0.06,0.98,0.31,0.57,1.13,-0.49
200607,-4.9,1.97,0.13,-1.79,1.76,2.4,-0.09,-0.26,-3.22,-6.3
200608,6.7,2.58,4.34,3.75,4.59,1.24,1.78,1.47,1.22,-1.96
200609,2.27,2.09,3.41,2.36,3.22,1.14,1.76,1.54,2.28,2.13
200610,5.71,4.67,3.59,4.32,3.41,3.29,1.4,4.67,2.48,6.43
200611,5.42,2.5,2.71,1.72,1.84,0.15,2.36,1.86,2.84,2.2
200612,-0.81,-0.26,0.84,1.76,2.61,2.38,0.79,0.99,1.12,0.84
200701,2.77,2.56,1.04,0.35,2.11,1.74,1.89,2.56,1.55,2.92
200702,-0.19,1.2,-1.71,-0.23,-2.26,-0.87,-1.88,-2.7,-1.77,-2.79
200703,-1.24,-0.66,0.5,0.37,0.34,-0.1,1.41,2.33,3.76,2.22
200704,3.89,4.37,4.51,3.5,4.91,4.41,3.05,4.49,4.13,2.15
200705,3.24,3.97,3.51,3.82,2.67,4.57,3.01,4.09,2.76,5.35
200706,-2.99,-2.6,-0.26,-1.57,-1.91,-1.15,-1.92,-1.24,-2.15,-1.17
200707,-4.49,-5.02,-5.83,-3.75,-2.3,-3.94,-4.54,-1.26,-2.83,-1.49
200708,-1.09,2.79,1.98,1.09,1.02,0.63,1.56,2.15,2.05,1.87
200709,2.64,0.65,1.12,1.8,2.71,3.36,3.87,6,4.33,7.77
200710,-1.09,-1.22,-1.4,-0.12,4.3,0.92,3.77,3.47,1.53,7.6
200711,-13.41,-8.69,-3.91,-4.31,-5.9,-2.16,-2.51,-3.55,-5.28,-5.97
200712,-6.95,-6.83,-5.97,-3.89,-2.39,-0.72,0.27,2.19,0.66,4.31
200801,3.84,-1.89,-2.67,0.12,-1.9,-4.57,-6.36,-7.15,-8.71,-13.18
200802,-12.48,-7.91,-8.32,-7.61,-1.73,-2.44,-2.65,-3.28,-0.38,2.05
200803,-9.75,-5.79,-4.14,-0.31,-1.67,-1.83,1.36,1.28,-0.54,-0.34
200804,8.09,7.94,5.49,4.78,4.91,1.11,0.9,4.64,5.69,9.68
200805,-2.59,-0.61,-0.94,1,-0.55,3.24,2.44,2.19,1.63,6.92
200806,-19.26,-19.27,-17.31,-12.38,-9.3,-10.18,-9.26,-6.97,-4.79,-0.49
200807,0.4,0.87,7.62,3.91,2.59,3.43,-1.26,0.66,-3.09,-9.34
200808,-2.23,3.18,6.37,2.53,3.27,2.4,3.11,0.81,0.84,-2.88
200809,-25.85,-12.86,-6.91,-9.99,-7.15,-6.01,-2.63,-7.25,-11.97,-15.23
200810,-25.91,-24.89,-23.24,-18.67,-14.06,-16.65,-15.2,-14.36,-16.01,-15.16
200811,-20.29,-17.72,-12.47,-5.44,-9.04,-7.38,-0.84,-5.43,-8.64,-7.54
200812,4.11,9.02,4.5,3.57,2.64,1.38,2.32,-0.75,0.65,0.8
200901,-7.35,-9.4,-6.32,-8.23,-12.64,-8.1,-5.11,-8.1,-5.74,-12.04
200902,-25.89,-16.15,-9.47,-16.62,-8.83,-8.57,-9.86,-9.4,-11.39,-5.56
200903,44.65,14.44,15.18,11.75,12.9,10.94,9.49,8.9,4.25,5.47
200904,45.2,35.97,32.88,21.37,21.26,15.25,9.8,4.55,2.94,-0.12
200905,23.21,16.46,11.22,9.95,8.98,6.98,1.96,4.43,1.39,1.77
200906,-6.11,-1.73,-6.88,-0.97,-0.26,1.26,1.65,0.95,1.9,3.03
200907,12.45,13.12,10.64,10.98,9.83,6.74,6.85,6.21,6.84,5.62
200908,26.1,9.41,4.68,5.16,3.89,2.85,2.74,1.99,2.18,0.17
200909,8.85,9.16,5.93,4.94,3.9,5.48,2.64,2.87,3.39,4.65
200910,-13.43,-6.7,-3.76,-1.39,-2.63,-0.93,-1.16,-1.93,-0.77,-3.83
200911,4.86,7.04,5.22,6.41,4.59,6.1,4.94,4.8,5.6,6.5
200912,1.26,-1.44,2.13,3.24,3.38,4.55,4.06,4.86,4.95,6.29
201001,2.11,-1.41,-0.01,-2.53,-2.34,-3.83,-4.95,-5.99,-7.96,-6.62
201002,1.43,1.59,1.87,1.58,3.07,4.9,5.61,4.01,6.04,8.46
201003,4.95,4.85,4.56,4.98,5.5,5.08,8.77,11.26,10.17,8.64
201004,0.69,0.72,2.7,-0.01,1.24,1.65,2.8,6.18,3.59,6.81
201005,-8.62,-7.55,-7.75,-6.24,-7.95,-8.88,-8.08,-8.22,-7.5,-9.91
201006,-6.47,-3.6,-3.99,-3.12,-5.12,-7.89,-7.29,-6.6,-6.68,-11
201007,6.93,7.31,7.23,5.7,5.55,6.43,8.99,7.81,7.66,10.21
201008,-4.28,-4.38,-4.5,-6.16,-4.17,-4.5,-3.76,-3.86,-6.01,-5.53
201009,10.98,8.59,9.7,8.59,9.71,7.4,9.74,9.8,12.56,13.65
201010,3.95,2.66,1.72,5.71,3.83,4.15,2.92,2.89,5.04,5.39
201011,-1.12,-0.31,0.34,-1.2,0.37,0.4,0.03,2.33,1.56,6.16
201012,13.89,8.2,6.93,6.57,7.27,4.9,5.52,6.61,5.97,4.35
201101,4.1,2.91,0.67,3.3,2.65,0.04,1.85,-0.71,2.55,0.57
201102,1.15,0.79,3.13,4.16,3.29,5.86,5.75,3.93,3.38,3.98
201103,-1.72,-1.2,-0.11,-0.39,1.59,0.7,0.34,1.53,1.18,2.93
201104,-0.13,4.38,2.39,1.86,3.61,3.51,3.92,2.72,1.59,3.24
201105,-3.59,-1.02,0.19,-1.64,-0.97,-0.79,-1.07,-1.65,-1.51,-2.9
201106,-5.33,-1.52,-2.51,-1.78,-1.17,-2.05,-1.21,-1.83,-0.98,0.01
201107,-4.15,-1.36,-1.09,-3.83,-4.17,-0.12,-3.33,-3.54,-1.47,-1.61
201108,-13.9,-7.79,-3.81,-4.57,-4.6,-3.75,-5.94,-5.89,-7.81,-8.63
201109,-11.83,-7.71,-6.33,-5.32,-6.79,-6.97,-6.39,-9.18,-7.55,-15.65
201110,15.84,16.78,13.18,12.31,11.24,8.54,11.36,9.11,10.4,14.13
201111,-7.67,-4.16,-0.61,-1.87,1.03,0.62,-0.39,2.07,1.36,-1.41
201112,-3.19,-1.7,-2.02,1.68,-0.47,2.64,1.67,-0.08,1.75,-1.18
201201,18.45,10.21,10.8,8.07,8.03,3.89,3.11,2.26,3.46,2.63
201202,6.38,5.19,4.53,3.82,3.69,5.02,3.61,2.81,5.59,5.8
201203,4.1,2.28,2.25,1.89,3.58,1.51,2.43,3.26,4.05,5.08
201204,-6.32,-6.16,-1.51,-2.26,-1.56,-0.83,-0.15,0.05,0.21,0.37
201205,-13.07,-12.65,-11.07,-8,-6.65,-6.5,-5.65,-2.06,-5.04,-4.75
201206,3.55,2.93,4.71,3.98,3.46,4.49,6.11,3.59,4.09,1.98
201207,-1.99,-2.6,-0.16,0.28,-0.38,1.03,1.67,-0.61,1.77,2.53
201208,2.16,5.86,4.3,3.94,5.02,3.18,2.2,1.39,-0.48,3.89
201209,3.51,4.36,4.39,3.62,1.26,1.14,3.29,2.4,2.88,2.22
201210,-4.05,-0.14,-0.28,-1.28,-0.7,-1.71,-3.01,-1.01,-0.69,-5.95
201211,-1.64,0.42,0.14,1.21,0.53,-0.03,1.2,0.9,0.85,1.67
201212,6.23,3.79,3.41,1.8,2.62,-0.48,0.63,0.59,-0.23,1.9
201301,9.25,7.48,6.46,5.76,5.94,6.96,5.19,6.12,0.73,5.91
201302,-0.76,-0.59,0.42,0.97,1.41,1.95,1.64,1.38,1.78,1.9
201303,5.89,2.38,4.54,3.43,4.02,4.6,2.93,5.1,5.44,5.42
201304,0.82,3.17,-0.04,1.19,1.92,2.26,1.33,2.52,0.9,0.25
201305,4.16,3.56,4.35,1.75,3.15,2.61,2.15,1.95,2.81,4.72
201306,-6.42,-2.04,0.11,-0.25,-1.16,-1.16,0.59,-0.19,-3.01,-4.25
201307,11.98,3.05,3.78,4.19,6,5.74,5.44,4.88,8.04,9.97
201308,2.89,-3.22,-3.66,-2.79,-1.44,-3.65,-3.44,-3.07,-2.96,-2.81
201309,1.07,1.97,3.03,3.32,3.8,4.57,4.69,4.98,4.7,7.54
201310,3.66,3.44,3.14,7.02,5.07,4.07,4.14,3.77,3.89,2.32
201311,3.01,2.41,2.59,3.36,3.83,3.44,2.12,3.63,3.77,3.14
201312,2.88,3.65,1.75,1.58,2.66,1.55,3.47,2.16,3.74,3.12
201401,-3.94,-4.6,-5.24,-2.7,-3.95,-2.85,-3.66,-3.51,-1.64,0.61
201402,5.18,3.21,3.61,4.26,4.35,3.91,4.33,5.58,7.8,6.13
201403,1.58,2.31,1.99,1.17,3.13,1.16,0.94,0.29,-2.38,-5.98
201404,1.33,2.87,1.86,2.21,2.2,-1.89,-1.07,-2.59,-1.82,-3.46
201405,0.37,-0.03,1.48,1.13,1.7,3.05,2.91,2.41,2.88,3.85
201406,6,1.63,3.29,1.09,2.54,2.27,2.3,2.28,3.05,5.47
201407,-2.91,-0.36,-1.45,-2.39,-1.59,-3.23,-2.84,-2.23,-2.55,-0.51
201408,5.15,4.23,4.07,4.32,4.42,3.61,4.1,4.18,4.27,5.4
201409,-7.31,-2.85,-1.9,-1.33,-1.99,-1.71,-1.81,-1.51,-2.15,-2.39
201410,2.24,3.47,2.03,0.68,3.15,3.34,3.45,3.42,1.52,2.22
201411,0.2,0.07,2.79,2.13,3.01,0.3,3.55,2.22,3.3,3.98
201412,-1.38,-1.17,-0.7,0.06,-0.09,1.07,1.27,0.11,0.6,-2.26
201501,-7.77,-5.19,-3.48,-4.91,-5.32,-4.24,-4.54,-2.35,-2.95,0.65
201502,11.41,8.29,7.64,7.44,7.41,6.11,4.56,5.43,4.8,6.13
201503,-4.87,-1.83,-2.05,-1.2,-1.57,-1.26,-1.66,-0.03,-0.54,-0.81
201504,10.48,5.34,3.77,2.99,2.63,1.3,0.91,-0.76,-1.22,-2.45
201505,-7.95,-3.14,-1.37,0.42,0.16,1.99,2.24,2.55,2.59,4.56
201506,-5.48,-2.96,-3.18,-2.47,-1.52,-2.08,-0.95,-1.48,0.17,-0.56
201507,-18.21,-8.31,-4.9,3.42,1.16,1.83,3.07,3.61,4.95,1.97
201508,-2.88,-6.16,-3.69,-5.86,-6.51,-6.21,-6.12,-6.68,-6.36,-6.28
201509,-15.95,-8.02,-3.98,-4.27,-2.35,-0.93,-2.67,-2.78,-2.08,-3
201510,11.54,10.45,7.56,7.28,8.85,7.84,8.23,6.21,6.3,6.87
201511,-4.13,0.21,-1.67,0.04,0.54,1.08,0.69,0.87,1.01,1.26
201512,-4.24,-6.61,-5.57,-2.1,-2.51,-3.66,-1.07,-0.69,-0.69,-1.19
201601,-13.56,-4.93,-8.04,-4.52,-4.44,-6.95,-6,-6.81,-4.05,-6.22
201602,3.46,2.65,1.36,3.96,1.74,1.23,-0.14,-1.49,-0.92,-3.28
201603,11.21,12.75,8.55,8.96,8.54,6.44,6.03,6.11,6.1,5.8
201604,17.94,6.42,3.71,5.11,-1.04,2.36,1.7,0.53,-0.16,-1.6
201605,-1.68,0.64,1.61,0.7,2.94,0.94,1.1,1.49,1.75,3.49
201606,-0.25,-2.92,-3.72,-3.66,-1.82,-1.51,-0.06,2.5,3.41,0.87
201607,7.96,9.64,6.02,6.19,4.4,4.32,2.79,2.22,3.11,4.25
201608,4.99,3,2.39,1.57,1.32,1.53,-0.02,-0.32,-1.7,-1
201609,4.82,1.86,-2.57,1.18,0.19,-0.56,0.53,0.34,-0.74,3.09
201610,-8.86,-3.03,-0.49,0.84,-0.95,-1.35,-3.14,-2.27,-2.14,-5.28
201611,8.69,9.26,10.63,3.96,7.05,2.66,3.77,0.81,2.52,7.46
201612,0.12,1.01,1.82,2.69,2.07,2.24,2.49,2.16,0.62,-0.43
201701,3.78,2.85,1.7,2.41,2.03,1.34,1.49,0.67,2.19,3.68
201702,2.59,4.62,4.26,2.88,4.43,4.08,2.87,4.21,0.72,0
201703,-1.81,-0.03,0.45,0.76,0.91,1.15,-0.97,0.34,-1.73,0.51
201704,1.39,-0.31,1.04,3.39,1.71,0.11,0.82,1.54,0.86,0.24
201705,-4.42,-1.62,1.89,-0.28,1.51,2.64,-0.47,2.74,-0.03,3.51
201706,4.78,0.35,1.08,0.76,1.61,0.85,0.01,1.9,-1.07,0.89
201707,0.92,1.34,1.58,0.85,0.94,0.8,1,2.83,4.4,3
201708,-3.07,-2.97,-1.51,0.6,-1.19,1.15,0.85,1.02,2.31,0.13
201709,7.03,3.76,3.98,3.34,2.69,2.62,2.02,1.25,0.9,4.2
201710,-2.95,-4.65,1.24,-2.44,0.66,5.05,3,2.01,4.44,5.63
201711,11.02,2.77,4.18,3.49,3.53,2.56,2.09,3.76,2.61,2.99
201712,1.09,4.59,2.66,2.11,2.03,1.27,0.25,1.05,0.25,-0.6
201801,-1.14,3.17,3.13,3.58,3.1,5.31,4.27,8.01,5.34,11.84
201802,-7.15,-6.33,-6.64,-6.47,-5.63,-4.1,-2.53,-2.45,-0.86,-1.44
201803,-0.6,-1.3,0.05,-1.28,-1.31,-1.54,-3.35,-2.93,-2.41,-3.16
201804,2.92,0.12,-1.84,0.64,1.19,0.87,-0.94,0.07,1.04,1.39
201805,0.99,-0.66,0.58,1.19,2.24,2.68,3.23,1.1,4.42,7.27
201806,4.09,4.05,1.16,0.73,-0.07,0.42,0.41,-0.02,-0.89,0.49
201807,2.22,3.18,6.22,3.48,3.85,5.22,4.64,0.7,3.43,1.01
201808,0.07,1.37,1,0.21,2.89,2.06,1.21,7.52,6.11,9.99
201809,-1.12,0.71,0.43,1.2,-0.64,-0.14,0.08,-0.16,1.79,-0.64
201810,-8.88,-6.74,-5.3,-6.75,-4.74,-6.04,-5.76,-7.58,-7.12,-15.62
201811,-0.9,0.92,1.79,3.22,4.51,3.84,3.12,-2.51,1.41,1.58
201812,-11.96,-13.04,-8.18,-11.19,-9.93,-9.98,-8.76,-8.38,-8.91,-8.33
201901,19.43,18,14.69,10.98,8.73,7.7,6.49,6.4,6.25,10.81
201902,7.72,1.88,2.93,3.19,3.8,2.37,3.74,2.17,5.18,4.89
201903,2.93,-1.57,-0.37,-1.48,1.94,1.3,0.84,3.35,1.82,0.64
201904,3.83,5.49,6.58,4.03,7.48,5.89,4.03,1.86,3.77,0.81
201905,-17,-13.46,-12.23,-9.72,-8.16,-6.35,-6.16,-7.22,-3.57,-4.24
201906,10.94,10.76,9.2,6.44,7.72,7.59,7.35,6.23,6.77,6.48
201907,-4.34,1.04,-0.67,1.93,0.84,3.49,2.37,-0.68,0.62,1.98
201908,-13.42,-9.25,-8.16,-6.58,-3.45,-5.83,-1.68,-0.68,0.89,-0.24
201909,5.19,5.47,5.81,5.15,0.34,3.12,4.72,1.37,0.28,-3
201910,-4.24,3.82,3.49,4.39,3.54,4.81,1.87,1.6,0.99,-0.44
201911,3.14,6.18,6.81,5.9,5.26,3.75,4.44,1.59,2.92,3.58
201912,11.8,5.02,3.33,3.64,1.7,2.84,2.43,2.62,2.32,4.5
202001,-10.31,-7.7,-3.15,-3.02,0.91,0.94,-1.22,-0.49,3.14,3.25
202002,-12.67,-6.67,-5.45,-10.46,-8.15,-8.67,-8,-9.05,-8.21,-6.61
202003,-28.92,-31.24,-20.26,-17.82,-14.58,-14.94,-10.79,-11.99,-13.49,-9.59
202004,44.85,22.04,14.36,14.93,11.09,12.4,15.21,11.49,12.38,14.43
202005,-1.21,7.69,4.38,7.51,2.94,6.54,4.91,5.61,4.34,6.65
202006,18.73,6.34,0.71,1.3,0.02,-0.93,-2.44,-0.16,0.61,8.03
202007,-3.11,-3.91,-1.57,0.83,1.71,5.51,4.15,6.29,6.77,7.99
202008,3.85,6.63,5.44,3.7,6.37,4.35,4.88,6.48,6.85,11.45
202009,-7.78,-6.69,-5.65,-4.23,-2.45,-0.87,-2.12,-0.71,-3.72,-6.21
202010,-3.42,0.03,3.15,0.97,-0.33,-3.09,-2.95,-2.72,0.04,-3.73
202011,37.5,27.87,20.64,18.07,15.47,13.77,11.35,10.66,9.85,10.38
202012,8.06,6.97,6.96,7.37,4.74,3.41,4.39,3.92,1.82,6.44
202101,6.58,-0.4,1.05,-0.79,-1.99,-1.39,-5.04,-0.39,0.64,2.22
202102,19.74,7.98,7.24,7.33,2.65,4.75,5.01,1.7,1.13,-2.78
202103,7.17,6.46,7.06,5.25,6.71,6.12,5.17,1.86,0.84,-6.5
202104,2.19,2.68,5.49,7.14,6.98,5.18,4.12,3.81,5.2,4.5
202105,0.1,1.31,-1.24,1.41,1.85,-0.28,2.62,1.4,1.81,-4.84
202106,2.55,0.56,1.53,5.04,-0.21,4.12,1.78,-1.17,2.08,9.21
202107,-0.47,1.71,3.41,3.26,1.39,2.05,-0.97,-1.27,-1.96,-0.56
202108,-0.3,2.05,2.56,4.1,2.24,2.73,3.58,5.95,3.74,3.09
202109,-3.48,-5.32,-5.94,-4.67,-3.73,-3.91,-4.47,-3.57,-2.57,-3.08
202110,2.18,3.85,6.46,6.14,6.89,5.85,13.89,9.11,6.29,4.18
202111,-8.1,-1.04,-3.31,3.49,-2.15,-3.45,0.49,-5.22,-2.38,-2.42
202112,3.09,6.89,3.31,6.71,5.2,4.49,4.44,3.18,-0.79,-6.65
202201,-7.36,-1.42,-2.41,-5.46,-5.51,-4.78,-7.55,-6.05,-7.55,-10.82
202202,-3.15,-3.24,-0.7,-3.5,-1.35,-5.14,-2.63,-1.88,-1.22,0.65
202203,-0.07,-0.72,0.56,1.44,2.39,2.04,4.12,3.6,4.95,5.17
202204,-20.86,-13.49,-7.14,-7.32,-9.45,-5.13,-7.37,-5.64,-10.5,-12.98
202205,-7.85,-2.53,3.6,2.87,-0.32,0.29,-1.65,-0.68,-1.2,1.66
202206,-11.42,-11.26,-11.18,-10.47,-8.16,-7.78,-6.81,-7.6,-5.68,-10.41
202207,15,9.86,16.77,9.13,8.08,9.72,8.41,11.63,3.87,8.56
202208,-3.1,-1,-5.86,-5.23,-5.49,-4.78,-3.62,-2.75,-1.76,0.03
202209,-11.63,-12.41,-11.82,-11.54,-8.77,-8.99,-8.13,-9.24,-4.98,-7.3
202210,7.14,2.58,11.5,2.36,9.21,7.47,9.67,6.77,9.92,17.94
202211,1.52,9.12,6,4.12,5.79,8.99,7.31,2.69,4.07,1.85
202212,-9.59,-13.47,-8.16,-3.68,-4.19,-8.31,-3.89,-2.96,-3.26,-4.23
202301,22.11,22.2,14.3,6.3,7.58,5.65,5.19,0.14,1.15,0.47
202302,8.24,-2.79,-4.78,-0.23,-3.01,-2.08,-2.61,-3.52,-2.24,-5.01
202303,-4.82,8.34,7.04,2.5,1.2,1.28,1.96,0.2,0.59,0.39
202304,-6.71,-2.58,3.36,1.66,0.31,0.96,0.73,2.4,0.71,1.94
202305,4.63,6.57,3.56,-0.15,-3.09,1.33,-2.43,2.52,-2.93,8.38
202306,9.16,15.69,5.69,6.37,3.58,5.73,6.85,6.84,7.21,8.49
202307,12.23,5.79,4.75,5.05,4.11,4.18,4.04,2.8,0.72,5.1
202308,-9.38,-6.4,-4.31,-3.8,-1.87,-1.01,-0.2,-2.7,2.56,-1.19
202309,-9.38,-5.52,-4.02,-2.9,-4.28,-2.9,-5.6,-3.66,-5.43,-7.75
202310,-9.19,-5.45,-4.22,-3.35,-4.31,0.11,-2.44,-0.35,-4.01,-3.67
202311,9.02,9.04,7.53,5.86,6.59,7.76,8.96,9.74,11.69,12.77
202312,19.77,9.84,10.47,6.18,6,5.16,4.52,3.5,4.21,3.99
202401,-7.1,-4.01,-3.18,0.1,0.15,0.55,2.06,2.62,-1.16,5.13
202402,2.61,1.38,2.57,2.06,2.14,3.84,3.83,4.55,4.5,12.82
202403,0.57,4.93,5.1,3.05,5.54,2.99,3.18,1.16,3.26,3.94
202404,-6.93,-3.98,-2.6,-1.57,-2.84,-4.66,-5.25,-2.49,-5.85,-5.51
202405,6.03,3,6.59,0.97,2.08,3.5,4.43,4.23,1.03,11.83
202406,-2.42,0.48,4,1.99,0.3,3.01,2.54,3.59,5.27,6.9
202407,12.39,3.57,3.52,5.32,5.21,4.09,0.57,1.55,-0.89,-4.71
202408,-2.44,-2.21,-2.23,3.38,0.74,3.36,3.26,4.01,-0.13,4.63
202409,4.22,5.89,0.05,1.24,1.91,1.98,1.74,2.76,0.37,4.1
202410,-3.32,-1.99,-0.98,-2.08,-1.84,-1.94,-0.89,-0.04,0.35,2.79
202411,12.37,5.55,5.59,6.5,8.64,5.61,6.71,7.43,8.17,6.76
202412,-3.58,-8.17,-5.67,-2.31,-5.14,-1.31,-0.04,-5.93,-5.63,0.25
202501,1.72,2.79,2.55,3.84,2.05,1.53,3.99,5.03,8.91,-0.05
202502,-2.54,-1.7,-0.03,-2.59,-0.19,3.59,0.33,-3.6,-2.47,-7.68
202503,-6.28,-4.17,-2.43,-3.24,-2.59,-1.99,-3.32,-8.28,-9.11,-11.26
202504,-4.49,-5.22,-3.81,-3.5,-0.75,-3.35,-0.07,-0.03,-1.4,7.69
202505,8.6,1.28,5.51,5.63,9.52,2.01,4.62,12.47,5.3,5.82
202506,8.26,11.69,5.85,4.4,5.9,8.39,3.17,8.2,1.34,4.01
202507,-2.76,1.87,-1.55,4.62,2.87,6.78,1.35,0.52,-0.01,0.74
202508,11.57,5.46,5.23,8.27,2.49,7.25,3.23,-1.18,1.23,-1.26
202509,3.13,-2.33,-0.1,4.93,-0.89,0.27,1.19,4.7,3.58,7.82
202510,0.3,-0.26,4.29,0.77,3.91,-2.37,0.5,3.44,2.93,4.69