This file was created using the 202510 CRSP database.,,,,,,
It contains value- and equal-weighted returns for portfolios formed on ME and BEME.,,,,,,
,,,,,,
The portfolios are constructed at the end of June.  BEME is book value at the last fiscal year end of the prior calendar year,,,,,,
divided by ME at the end of December of the prior year.,,,,,,
Annual returns are from January to December.,,,,,,
,,,,,,
Missing data are indicated by -99.99 or -999.,,,,,,
,,,,,,
The break points include utilities and include financials,,,,,,
,,,,,,
The  portfolios  include utilities and include financials.,,,,,,
,,,,,,
,,,,,,
  Average Value Weighted Returns -- Monthly,,,,,,
,SMALL LoBM,ME1 BM2,SMALL HiBM,BIG LoBM,ME2 BM2,BIG HiBM
192607,1.0866,0.8807,-0.1275,5.5746,1.906,2.0068
192608,0.7831,1.4677,5.4422,2.7268,2.7028,5.6834
192609,-2.8045,-0.0599,-0.4399,1.4777,0.0954,-0.7872
192610,-4.0289,-4.3615,-2.0128,-3.6327,-2.3451,-4.004
192611,3.2971,3.6237,2.0877,3.212,2.9346,3.1964
192612,2.5645,1.7773,3.27,2.9011,2.621,2.3073
192701,-0.8099,-0.2885,3.9875,-0.2624,0.034,4.092
192702,3.9809,6.3754,6.4416,5.0212,3.5906,7.9905
192703,-2.2271,-1.0076,-3.1144,1.2856,0.2556,-2.5905
192704,-1.3839,0.8706,3.4837,3.0757,-0.7711,-0.4894
192705,5.4624,3.3109,13.4556,5.4126,5.1423,7.0141
192706,-1.7163,1.3233,-4.089,-0.9667,-3.0033,-2.0282
192707,4.2604,5.2595,4.0181,9.2715,6.8071,7.2634
192708,2.4876,-2.3003,0.7332,4.0055,1.1524,-1.9351
192709,2.2005,2.2367,0.3714,5.2451,4.4202,5.9339
192710,-0.2054,-2.1686,-6.0935,-3.5692,-4.3578,-6.6283
192711,10.2824,7.9528,10.4641,6.9718,6.7451,6.6385
192712,5.6729,2.665,2.4534,2.501,1.8708,3.4734
192801,3.1432,2.6832,3.6043,-0.4407,-0.4021,-2.3184
192802,-4.8779,-1.7699,-4.1263,-0.675,-1.2169,-2.7041
192803,6.9742,8.6296,9.4431,12.363,6.1449,7.6792
192804,5.0264,10.7789,9.9758,2.9356,5.9428,4.4954
192805,6.6955,1.9725,2.6118,2.5704,-0.0445,0.6499
192806,-9.1736,-8.5169,-6.799,-3.6356,-4.1275,-5.4462
192807,-0.4122,-0.3806,-0.9736,1.3622,0.1242,0.8343
192808,6.1265,5.0112,3.7666,8.7594,5.4024,6.8627
192809,5.7391,4.4691,6.1849,3.0057,1.9523,4.2356
192810,6.8433,3.1403,1.6663,1.3103,1.4,2.2058
192811,8.6693,11.1459,12.1856,11.1696,13.3449,12.9533
192812,0.675,-0.7061,-0.5797,0.9715,0.025,1.1951
192901,0.2541,1.9011,1.7793,6.5315,4.8675,2.5744
192902,0.7412,1.1291,0.3953,-0.5723,0.7548,3.0873
192903,-6.2168,-3.3714,-4.3437,-1.3904,2.3223,-0.1211
192904,-0.6478,2.7887,0.7306,2.3256,1.0882,2.8092
192905,-10.2271,-9.4383,-12.8944,-5.8502,-4.1635,-6.2167
192906,6.8989,9.5386,6.456,12.4699,9.3942,7.4366
192907,-0.0599,-0.5054,3.8676,3.6533,6.1852,5.0609
192908,-1.1159,-0.6976,-0.4807,7.2212,12.5055,7.2167
192909,-3.9326,-4.2674,-3.607,-4.4757,-4.9772,-6.3774
192910,-22.9979,-19.6471,-21.2218,-23.8688,-14.5837,-10.5728
192911,-14.6084,-9.5797,-10.9661,-14.2521,-10.4563,-7.7931
192912,-2.7372,-3.1726,-1.1822,3.2379,0.5554,1.4058
193001,6.0309,9.5193,8.4726,7.3577,3.3456,2.8546
193002,1.7589,1.0717,4.5687,3.4688,1.8817,1.2148
193003,8.6803,11.3312,10.6873,6.7576,8.4208,5.3549
193004,-7.096,-1.2542,-3.4819,-2.338,-1.762,-6.6843
193005,-3.614,-2.6937,-2.9869,0.7015,-2.2797,-1.4025
193006,-17.9836,-16.4522,-19.0393,-17.6952,-13.1636,-11.8401
193007,6.5234,3.6401,2.5703,4.7126,3.5511,5.2714
193008,-3.7811,-1.6347,-2.321,1.0212,-0.6697,-1.6172
193009,-13.787,-14.7431,-19.5014,-12.6858,-10.9676,-17.1584
193010,-10.4837,-7.7113,-10.4086,-9.2327,-7.2966,-11.4885
193011,0.6914,-2.831,-2.5025,-2.1625,-3.2636,-6.5961
193012,-10.8555,-10.9677,-17.8435,-6.082,-9.1077,-10.4791
193101,9.8496,11.4123,16.164,4.5259,7.7855,14.6935
193102,13.2071,11.5674,17.0097,12.5498,6.8881,12.0039
193103,-4.9114,-2.9493,-7.2163,-4.8312,-9.8107,-8.9363
193104,-12.4275,-13.9744,-18.1804,-8.8757,-11.2722,-11.7804
193105,-9.6738,-8.7632,-13.716,-11.4137,-16.4047,-19.9965
193106,10.2668,7.9061,21.3688,13.0888,16.1056,25.3831
193107,-8.559,-8.973,-5.7544,-5.1825,-10.1981,-12.3846
193108,-1.5999,-1.1533,-3.7563,1.3018,-1.6208,0.0541
193109,-27.7413,-32.0012,-35.3242,-28.2664,-28.5717,-35.1664
193110,4.2645,11.6926,8.1969,9.5099,3.6458,11.8243
193111,-7.6486,-7.1299,-9.5721,-6.1082,-16.8822,-14.5672
193112,-13.8714,-16.7282,-23.201,-11.6452,-18.8422,-20.6907
193201,2.5019,3.9818,11.9357,-3.4061,1.9521,6.6353
193202,-2.2855,2.3695,1.5241,7.1009,1.6751,0.3533
193203,-10.8784,-12.1287,-10.778,-10.2819,-15.1175,-14.7818
193204,-19.6671,-17.2167,-16.0788,-18.1535,-20.0111,-17.5944
193205,-15.9978,-24.7686,-17.8429,-19.2931,-26.3287,-25.6041
193206,0.8523,6.0415,1.9075,-1.7909,0.5231,8.8621
193207,31.5733,36.1611,63.1226,28.2539,47.7219,67.7486
193208,46.2827,55.9767,83.3873,31.3977,51.1783,62.699
193209,-1.6408,-4.9854,-12.4547,-1.039,-6.6252,-4.9713
193210,-15.8101,-19.5717,-24.1384,-10.7579,-17.6032,-23.3789
193211,-0.6699,-8.2902,-13.5787,-2.7318,-9.0895,-16.194
193212,-6.7798,-4.2417,-10.3743,6.8149,1.3583,-4.6781
193301,5.0108,1.7647,8.045,-0.0191,2.7765,9.8765
193302,-17.389,-18.7834,-20.862,-15.0058,-16.784,-17.3652
193303,6.8123,6.2287,15.4219,0.95,10.1819,6.5204
193304,40.7794,55.0767,56.9113,33.6857,52.2845,57.7461
193305,59.5683,61.2364,72.3588,17.0277,26.7011,41.5667
193306,32.715,23.5369,18.5855,11.4087,15.2261,22.2653
193307,-14.1822,-12.9067,-7.2303,-8.8686,-13.05,-9.2208
193308,10.569,10.7847,8.4113,10.6043,15.7659,18.8615
193309,-7.6533,-14.1547,-20.8876,-9.2015,-12.367,-19.387
193310,-8.5144,-12.2961,-14.0569,-6.3139,-10.6053,-17.7448
193311,4.4638,5.074,6.1167,9.8065,12.2751,12.6924
193312,5.0006,3.6664,-0.23,2.0984,1.9147,3.3523
193401,21.5284,29.3172,39.6638,9.8831,16.8498,24.1475
193402,-0.2803,1.2724,4.8488,-2.3977,-3.1133,-3.8113
193403,4.546,2.0763,-0.0115,-0.0073,-0.1257,-0.6204
193404,3.1184,-1.8616,-1.7047,-1.7839,-2.2223,-4.6232
193405,-7.3885,-10.0323,-12.0918,-6.4137,-8.6543,-13.5106
193406,3.7446,-0.1019,-2.1893,2.6294,2.5084,2.8634
193407,-18.0458,-21.8587,-24.6948,-8.322,-11.7435,-23.1877
193408,10.9241,10.46,11.5686,6.0711,4.452,5.7691
193409,-0.9105,-0.6349,-3.484,-0.2585,-0.179,-0.105
193410,-0.9454,-1.8207,-3.9835,-0.4122,-2.6579,-7.3683
193411,17.4233,15.5321,12.7483,10.256,4.9943,10.6573
193412,4.9397,2.3358,1.6042,0.7547,0.5328,-2.2372
193501,-5.5571,-3.5011,-3.0465,-3.0128,-2.903,-9.059
193502,-3.727,-4.8077,-6.3227,-0.8698,-1.7076,-13.2262
193503,-5.9444,-7.1747,-11.3386,-3.0811,-3.3274,-7.7499
193504,6.724,9.1812,10.5543,8.1601,9.9742,13.0598
193505,-2.2606,2.2542,1.8154,3.1254,4.3322,3.9559
193506,5.5938,6.0268,0.839,6.3747,5.6069,8.0813
193507,9.5111,13.2494,13.3415,7.1893,6.3232,16.5222
193508,3.6266,8.3004,14.5514,2.3022,2.1973,3.955
193509,5.0702,5.5139,0.4703,4.6782,0.6687,1.0452
193510,11.0823,10.6544,6.9368,6.6053,7.9845,6.0823
193511,6.8488,10.4071,19.7932,3.0299,5.6031,14.4767
193512,5.8212,10.1247,1.7938,2.9772,5.8162,8.6613
193601,10.6847,7.737,23.5566,3.2972,9.5391,12.333
193602,2.3171,6.5379,5.6394,1.9178,2.8034,7.265
193603,0.2298,2.3986,0.8801,2.607,0.0482,-1.2306
193604,-14.1272,-14.0963,-15.5268,-7.1374,-8.3511,-10.2999
193605,5.0607,5.5381,8.7363,5.0582,5.112,6.4847
193606,-2.1454,-0.3281,-1.1537,3.6373,2.1446,0.2592
193607,10.6157,7.5798,9.3731,5.9186,6.2246,12.2299
193608,0.6504,2.3874,4.1959,0.2938,0.7746,4.3381
193609,2.206,5.0395,4.4692,0.829,1.0643,0.4526
193610,3.7236,6.5239,6.5179,6.3806,8.8091,8.6113
193611,10.8582,9.0589,12.2081,3.3668,3.1551,-0.4836
193612,2.116,3.4612,7.5173,-1.8442,2.3054,1.0334
193701,7.2397,7.4778,10.1026,3.6264,1.398,6.3189
193702,3.2507,1.6143,4.6089,-0.2105,0.7914,6.987
193703,-2.9743,0.0063,3.3096,-1.7393,-0.2171,6.0555
193704,-10.1352,-11.649,-13.1058,-6.8244,-6.1222,-10.7727
193705,-0.4307,-0.9621,-4.121,0.2491,-0.717,-2.9875
193706,-7.6608,-7.782,-10.6147,-4.1623,-2.718,-7.4491
193707,10.9525,9.041,10.7982,9.2041,7.9659,10.9747
193708,-4.653,-5.0176,-5.5971,-4.2376,-4.601,-7.7857
193709,-20.8956,-21.1072,-23.0745,-12.368,-12.4198,-19.2962
193710,-10.7922,-10.1158,-9.7359,-10.1766,-7.5623,-14.2683
193711,-11.5043,-12.074,-11.7428,-8.7911,-7.7134,-8.1223
193712,-14.3487,-10.7061,-12.6143,-4.1614,-2.9243,-6.833
193801,4.9665,6.0542,3.8517,1.308,-0.324,-0.6399
193802,8.4216,5.7327,4.8697,6.3953,5.3849,6.0154
193803,-30.1064,-29.1408,-30.4414,-23.6453,-22.5544,-30.5784
193804,21.8953,20.6654,20.8018,13.8643,14.436,15.8651
193805,-7.475,-7.7358,-5.5145,-3.583,-3.6945,-6.0246
193806,31.2331,30.6919,27.6313,25.7849,20.9969,30.1194
193807,13.4112,14.4927,15.514,6.773,7.3491,9.2222
193808,-4.5955,-5.1147,-9.4011,-0.4286,-6.0541,-5.1819
193809,-1.7235,-2.4939,-2.7807,1.3736,0.6392,-0.966
193810,14.0669,14.7581,16.9041,6.9341,7.196,14.1787
193811,-5.1989,-2.6745,-5.8897,-1.1594,-2.069,-2.8723
193812,6.0307,3.743,1.5146,3.2891,4.5426,8.8779
193901,-8.0522,-8.9263,-10.1444,-5.2736,-6.2209,-11.0153
193902,3.9053,5.0704,6.2924,3.4364,3.1005,6.895
193903,-17.8458,-18.5273,-22.8623,-9.8525,-13.736,-21.3839
193904,-0.4844,0.1331,1.9784,-0.1303,-0.0587,-3.1957
193905,11.3132,9.0429,9.8728,6.9006,5.6399,9.2792
193906,-6.8685,-7.9239,-10.6791,-4.4128,-6.6245,-11.1578
193907,15.7596,16.6937,13.6007,11.3239,8.4513,13.7348
193908,-12.2845,-12.0093,-12.6408,-6.3263,-5.9285,-10.9028
193909,38.6821,39.3323,54.9803,13.5846,16.9098,40.8037
193910,0.2302,-0.5695,-5.0122,0.0331,-0.8229,-4.3089
193911,-8.1438,-9.4215,-13.7537,-2.6436,-3.6875,-9.629
193912,6.1183,3.0125,0.2893,3.5602,2.0978,1.0133
194001,-4.2286,-2.132,-2.7816,-2.1582,-2.5225,-5.1493
194002,4.1008,4.3868,3.1487,1.2449,1.339,1.4857
194003,4.689,2.8567,2.2809,2.3791,1.4582,2.256
194004,4.9238,3.2242,4.0867,-0.1285,0.1228,0.2658
194005,-27.6797,-27.5193,-32.4369,-22.1156,-20.8742,-24.7936
194006,3.8806,5.0074,7.9796,4.9671,8.2268,10.6333
194007,4.7274,4.6641,3.3197,3.3885,3.0495,3.3044
194008,2.0525,3.0652,1.874,2.2197,1.8048,3.4978
194009,5.3788,4.4405,5.1994,3.1575,1.2086,1.0578
194010,4.2102,5.8212,6.2991,0.8956,6.3562,8.1008
194011,1.1169,0.5214,0.2185,-1.9549,-1.3814,-0.7351
194012,-0.9348,-1.3356,-2.3194,0.5886,1.0039,0.1915
194101,-4.4615,-2.6882,-0.3185,-5.0398,-3.851,-1.527
194102,-3.4701,-1.7819,-2.8938,-1.5848,-1.4845,-0.3844
194103,0.5101,1.111,3.777,0.5411,1.2101,3.3749
194104,-7.5588,-5.3561,-5.2124,-6.5024,-4.5728,-2.0337
194105,1.7473,0.7035,1.5397,0.9382,2.62,2.3589
194106,4.112,6.1834,8.4665,6.1766,5.6163,3.0391
194107,10.442,10.3034,18.5092,3.7275,8.1813,10.1336
194108,-1.1569,-2.1665,-0.3921,0.6964,-0.8511,-2.2669
194109,-3.0744,-1.7865,-1.9575,-0.015,-2.2063,-1.6697
194110,-5.8864,-6.3353,-6.06,-6.1004,-3.3058,-2.6595
194111,-1.0166,-4.1029,-2.7573,-2.2947,-0.5866,-1.7488
194112,-5.4901,-8.0349,-12.7114,-4.6851,-3.6309,-9.3434
194201,6.7117,10.5357,14.4644,-1.7947,0.5173,10.6456
194202,0.5336,-1.1038,-1.6886,-2.3,-2.7974,-2.3738
194203,-4.7763,-3.4602,-5.7168,-5.8443,-7.5737,-6.1333
194204,-6.184,-3.3645,-3.7306,-4.5901,-4.5034,-2.8613
194205,0.1403,1.6947,1.6402,7.4762,4.947,0.6438
194206,1.0028,1.3963,2.1428,3.037,2.5938,2.7638
194207,5.1702,3.7522,5.147,2.686,4.3109,7.5374
194208,2.2485,2.74,2.4946,1.7237,1.7384,4.1308
194209,2.1965,2.7703,5.9938,2.6277,2.841,3.6122
194210,8.2915,7.5413,14.5034,5.3163,7.8904,12.0539
194211,-1.1175,-2.2617,-4.0445,1.0818,0.2149,-4.4601
194212,2.597,3.9924,2.6111,4.9052,5.951,5.9985
194301,11.735,13.846,23.8295,5.3493,8.038,9.7117
194302,10.8744,9.2322,17.4933,4.8184,7.0225,11.2328
194303,10.971,11.8303,14.9968,4.1503,7.1573,11.1044
194304,-0.9483,2.7049,8.1682,-0.1034,1.2478,2.51
194305,8.8514,9.1103,13.2962,5.0294,5.7217,7.1352
194306,-0.28,1.0438,0.418,2.1711,1.9591,-0.0172
194307,-5.1277,-6.7909,-8.9051,-4.7679,-3.6771,-5.4549
194308,0.3461,0.0382,0.7072,1.5066,1.3008,0.2128
194309,2.9559,3.0689,5.4039,2.2011,2.7425,2.591
194310,-0.7022,-0.3307,0.825,-1.4437,-0.9562,0.3929
194311,-7.067,-7.9847,-10.4323,-4.7715,-6.6076,-9.3915
194312,7.2611,10.6602,11.4105,5.7228,6.9515,7.3717
194401,4.9585,4.6723,5.4614,0.7827,1.6214,4.8693
194402,1.3605,0.9574,0.7064,0.0547,0.789,2.4061
194403,2.0084,3.6982,7.4552,2.2054,2.5657,3.4509
194404,-1.989,-2.8702,-3.9171,-1.3979,-1.8764,-1.5816
194405,5.819,7.2524,7.0596,4.6226,5.0258,5.4497
194406,9.4222,9.7507,10.7165,4.9468,5.1983,7.4249
194407,0.2066,-1.0253,-1.4416,-1.661,-1.4813,-0.8528
194408,4.573,4.3706,1.9162,1.3611,1.2525,1.1378
194409,1.5879,-0.061,-0.2286,0.3377,-0.252,-0.2382
194410,0.1856,0.5492,-0.5164,-0.0662,0.8398,-0.087
194411,0.9604,2.9643,3.7232,1.1655,2.2605,3.1652
194412,6.0185,6.9037,10.5409,2.5205,4.5209,9.742
194501,5.4093,5.0069,4.1166,0.7429,3.038,3.4039
194502,6.6638,8.7848,10.7095,5.1535,6.155,9.9773
194503,-4.6907,-6.3369,-6.2843,-3.2049,-4.3822,-4.7571
194504,7.9296,9.0881,10.0659,6.7617,8.032,10.8404
194505,2.8195,2.214,4.0736,2.0171,1.0507,1.4366
194506,3.0388,2.5204,6.8558,-1.2107,0.7128,3.5046
194507,-3.062,-3.5636,-5.4586,-1.4279,-1.8197,-4.4963
194508,7.7805,7.8394,4.9048,8.6172,4.4106,2.6993
194509,6.6887,6.7832,6.4483,4.5624,4.4044,5.7316
194510,6.0465,6.6566,7.2211,2.3634,4.9966,5.4782
194511,9.3466,9.7554,11.5432,2.8851,5.8263,9.3854
194512,4.157,3.1176,1.6275,1.7715,1.1301,-0.4898
194601,9.58,8.8686,12.3686,6.0922,4.9246,7.8636
194602,-6.2379,-6.7445,-7.2977,-5.8929,-4.9578,-7.3809
194603,6.527,5.9434,5.8097,5.1724,7.0368,5.1563
194604,4.3681,7.9173,6.3892,3.7607,5.1605,2.6499
194605,6.7436,5.1192,5.7632,3.1905,3.6146,6.3692
194606,-4.6967,-5.1542,-6.0013,-4.4173,-2.6192,-4.1657
194607,-4.8254,-3.3704,-5.0492,-2.7272,-2.385,-2.405
194608,-8.5074,-8.3319,-7.3792,-6.346,-6.2171,-6.2692
194609,-13.9771,-13.5424,-15.86,-9.7824,-8.4836,-11.8352
194610,-3.1806,-0.8271,0.7456,-2.5005,-1.7424,0.4682
194611,-1.5773,-0.6057,1.412,-0.2302,0.7433,-0.1681
194612,5.7141,4.5301,4.2294,5.2864,5.2391,3.9581
194701,4.5316,2.472,3.2543,2.1742,-0.489,1.9776
194702,-1.2764,-0.5775,0.8545,0.0512,-1.339,-1.7978
194703,-3.3614,-3.4124,-2.3887,-1.7947,-1.0148,-1.5455
194704,-9.3474,-7.9568,-8.1115,-5.1354,-3.6808,-4.6801
194705,-5.2168,-3.993,-3.6018,-1.108,0.1931,-2.073
194706,4.327,5.2885,4.9714,6.4627,4.5842,4.533
194707,5.2348,6.415,7.0361,3.5326,3.4834,7.2605
194708,-1.8599,-1.5161,-1.1958,-1.8535,-1.454,-2.2447
194709,0.4057,0.3262,2.6266,-0.6802,-0.6544,-0.1748
194710,3.538,3.32,2.9493,2.234,2.9732,3.0514
194711,-4.4789,-3.3645,-2.6336,-2.0979,-1.5045,-1.7997
194712,0.1741,1.4258,3.0711,2.0131,3.4833,6.5953
194801,-1.7516,-2.4568,-0.1732,-4.5551,-4.0164,-3.3686
194802,-5.9922,-6.3452,-5.8434,-4.6697,-3.6891,-4.718
194803,6.4489,8.3456,12.2751,7.8751,7.7329,11.0961
194804,1.2901,2.8521,4.6936,2.2742,4.3714,7.1082
194805,9.3487,8.652,7.484,8.5319,6.4887,7.8488
194806,-2.8715,-1.5719,0.4793,-0.6267,0.314,1.7024
194807,-5.054,-5.273,-5.4885,-5.0143,-5.308,-4.3639
194808,-1.2218,-0.5946,-0.3453,0.8772,-0.2083,0.5727
194809,-2.993,-4.2361,-5.5319,-2.744,-2.4533,-3.748
194810,4.0663,4.6534,5.3933,6.433,5.8477,6.2679
194811,-9.7141,-9.7693,-12.9649,-8.3959,-8.7626,-13.4466
194812,1.3549,-0.0168,0.1041,4.9416,2.7548,2.2911
194901,1.236,1.7426,2.976,0.5636,-1.0699,1.3242
194902,-5.4087,-3.863,-5.6183,-2.4873,-2.7384,-4.0524
194903,6.4098,5.5417,8.2132,4.2392,3.423,5.0549
194904,-1.6771,-3.0568,-3.3768,-2.0767,-0.6625,-2.6201
194905,-3.8553,-3.7355,-5.1369,-1.8894,-3.1136,-5.3824
194906,-1.3797,-1.1758,-1.1177,1.114,0.2449,-2.4518
194907,6.5036,7.21,5.7431,5.2455,5.7591,6.793
194908,3.2664,3.5375,1.9547,2.714,2.774,2.8538
194909,5.4263,4.183,4.1666,2.65,3.6123,4.3629
194910,5.0879,3.4831,4.098,3.2666,3.0462,3.2686
194911,0.4619,1.0043,0.2029,2.9435,0.1412,1.4005
194912,6.9542,6.5529,8.8106,5.3362,3.8029,6.949
195001,7.2353,4.6096,4.7005,0.8641,1.9505,3.6973
195002,1.6398,1.9763,0.5672,1.5689,1.476,1.0674
195003,2.4262,-1.122,-1.9727,1.9209,0.9314,0.7551
195004,5.8185,5.3616,7.5064,4.3502,3.0151,5.3261
195005,1.611,2.7977,3.0334,4.6373,5.0482,4.1455
195006,-7.0893,-7.8905,-9.1003,-5.4535,-6.3675,-5.0161
195007,0.7578,3.4082,11.5659,-3.4707,4.4731,13.0953
195008,4.3649,5.55,5.1254,6.085,4.1506,2.5836
195009,6.0137,4.9132,5.0281,5.7853,3.8328,4.5622
195010,-0.4631,-0.2401,0.069,-0.1759,-0.5036,2.019
195011,0.394,2.0855,4.8664,2.3395,3.4248,4.239
195012,5.2478,7.387,12.5626,3.356,6.6713,10.5899
195101,6.6023,7.0184,10.6498,5.1634,5.4114,8.6861
195102,1.6273,1.3077,-0.0477,2.2425,1.8708,-1.6558
195103,-1.4236,-3.2729,-5.6857,-0.7158,-2.6985,-4.9784
195104,2.2402,3.7996,6.3858,4.4177,5.6734,6.7872
195105,-1.849,-2.5975,-3.4954,-2.3456,-1.8334,-3.5315
195106,-3.9263,-4.7921,-7.2689,-2.2005,-1.0781,-6.8166
195107,5.3423,5.0826,6.6166,6.7122,7.0471,9.4439
195108,5.9829,5.3992,4.961,4.2366,4.3327,4.9224
195109,2.3562,2.8746,2.7764,0.5823,0.4341,1.4004
195110,-2.0349,-1.6174,-3.4192,-3.8022,-0.5082,-2.0565
195111,0.4588,0.4421,0.3429,0.7901,0.6886,0.7533
195112,1.1452,0.9521,0.6857,4.2582,3.6144,1.621
195201,1.6917,1.7977,1.3001,0.4234,2.5347,3.7746
195202,-2.0064,-1.9791,-1.9498,-2.1832,-2.8173,-3.4862
195203,1.2063,2.2878,3.4195,4.3741,4.8364,6.6239
195204,-4.8106,-4.8376,-4.0038,-4.6551,-4.9312,-5.5278
195205,2.3145,2.0797,2.686,3.7919,2.8353,3.4591
195206,1.6633,2.8718,3.3681,3.9071,4.1916,4.6821
195207,0.9719,1.5582,-0.1708,1.1602,0.7794,1.6611
195208,0.0305,0.9561,0.3016,-0.8904,-0.2839,-0.9747
195209,0.1657,-0.8292,-2.1209,-1.8295,-1.8554,-2.3841
195210,-0.7404,-1.6217,-1.9806,-0.5755,-0.2476,-0.4277
195211,5.5141,5.6034,6.0728,6.2137,5.4563,7.692
195212,1.9093,1.7291,1.7248,3.1456,3.0327,3.7137
195301,3.792,3.5491,3.8294,-0.9687,-0.0407,1.5487
195302,1.3244,2.3139,1.8288,-0.1994,-0.1726,-0.8067
195303,-1.7443,-1.7565,-2.0104,-1.175,-1.1351,-2.5814
195304,-3.0896,-2.3119,-1.1389,-3.0063,-2.4693,-1.8563
195305,0.7048,0.9122,0.7182,0.8497,0.306,1.3392
195306,-3.2411,-3.3262,-3.9993,-1.6149,-1.4286,-1.8499
195307,0.8845,1.5194,1.4679,2.9823,2.1197,1.8937
195308,-3.2989,-5.3061,-6.3057,-4.011,-3.9511,-8.0486
195309,0.0388,-0.8465,-2.2839,0.9,0.1935,-1.6498
195310,3.1414,3.6652,3.1846,5.082,4.3314,4.6587
195311,1.5305,2.1947,1.2851,3.3669,2.2276,3.3186
195312,0.2561,-1.2758,-2.7507,0.5275,0.362,-2.122
195401,4.7365,6.6216,8.2521,4.465,5.7898,7.8529
195402,1.0854,1.5035,1.4458,1.657,2.1633,0.7611
195403,2.6405,3.1324,2.2403,4.2504,3.5156,1.7585
195404,-0.251,2.2955,0.3092,5.3109,3.4379,4.0039
195405,3.9857,4.2457,5.0968,2.8676,2.6322,6.6566
195406,0.5721,1.8091,1.3936,1.8471,-0.2761,1.0679
195407,5.5532,6.9121,9.1171,4.281,5.1508,8.9957
195408,-0.1209,0.1163,-0.9026,-2.981,-0.9301,-5.0424
195409,2.902,4.6638,4.6729,6.8858,6.5665,6.4698
195410,0.5957,-1.0104,-0.7163,-2.2645,-1.0206,0.3371
195411,7.0907,8.9409,9.6779,9.6033,8.1619,15.9077
195412,7.5423,9.4987,11.4234,4.2809,5.8892,11.761
195501,1.5823,1.2331,2.3036,0.0789,0.7689,3.5531
195502,3.8063,5.4205,4.6612,3.0644,2.7519,3.4232
195503,-0.6681,-0.2664,0.6744,-0.2809,-0.2617,2.2309
195504,1.4852,1.1079,2.644,4.0879,1.9726,4.4279
195505,0.5724,0.4721,0.408,1.9506,0.0639,0.2003
195506,2.1097,3.3747,3.5391,6.5873,7.4156,8.8486
195507,-1.7317,1.0499,1.286,2.6292,1.1897,0.3943
195508,-0.1312,0.5963,0.2711,0.3494,0.3272,1.4502
195509,-0.695,-0.4605,-0.3632,0.0488,-0.1504,-2.3113
195510,-1.5444,-0.7834,-1.2904,-2.8098,-1.9188,-3.2843
195511,6.0346,4.8625,5.2582,8.3088,4.7002,9.7422
195512,3.0961,2.2514,2.5679,1.9824,1.6893,-1.7066
195601,-2.0825,-2.0222,-1.7124,-3.6255,-1.3414,-2.3513
195602,1.9985,3.797,2.3854,4.7728,2.842,3.4671
195603,3.4551,3.795,5.1534,7.8736,5.7141,5.2002
195604,1.097,0.8756,0.0713,0.1051,1.2256,0.8139
195605,-3.3841,-4.0952,-4.502,-5.1311,-4.6932,-6.6455
195606,0.9535,2.4786,1.3007,4.2987,3.2585,1.7546
195607,3.3512,3.4429,3.4197,5.1019,5.2857,4.8836
195608,-0.272,-0.9429,-2.1297,-3.5417,-2.3399,-3.1393
195609,-3.4015,-2.9597,-2.1458,-5.9289,-3.6913,-3.6841
195610,1.1856,0.843,0.4204,0.697,0.7679,1.3296
195611,-0.3135,0.1848,2.2152,-0.419,2.551,0.5735
195612,4.3289,2.117,2.1708,3.8224,3.1838,1.6779
195701,-0.7957,0.1475,2.0537,-4.4457,-2.6654,-1.6363
195702,-2.9455,-3.2271,-2.7225,-1.5245,-2.0538,-3.0667
195703,2.3716,2.6244,2.2856,2.6934,1.8734,1.7198
195704,2.2168,2.4021,2.2715,5.6063,3.3894,2.6026
195705,2.8681,1.2552,1.7595,4.753,2.549,1.8322
195706,0.1675,-1.1859,0.7265,-0.1211,-1.2078,-0.737
195707,-0.7451,0.7903,0.4311,1.2814,0.5363,1.0727
195708,-4.932,-4.4188,-5.2109,-5.46,-3.2002,-6.0775
195709,-7.1456,-4.9251,-5.0233,-6.337,-4.3828,-6.5635
195710,-8.0383,-5.5522,-8.2717,-3.7758,-3.3965,-7.3007
195711,3.3196,1.4161,1.1037,3.1114,2.0259,-0.4917
195712,-4.374,-4.6622,-5.8957,-3.9246,-2.351,-5.9175
195801,11.9233,10.4821,11.926,3.4055,5.9897,12.0748
195802,-1.4295,-0.5349,-0.49,-1.8268,-0.5772,-2.298
195803,5.173,3.8067,3.112,3.4091,3.1889,3.4132
195804,2.8819,1.762,4.3078,3.3339,2.4989,5.1912
195805,6.3718,4.2179,4.2901,2.0635,2.5891,3.7436
195806,2.2594,3.2602,2.9522,3.1429,2.6815,3.0725
195807,4.2323,6.0132,7.1373,4.3815,3.964,7.6135
195808,4.3388,3.0233,3.1805,1.7176,1.8313,3.5333
195809,5.538,4.2894,7.7016,4.7469,4.3418,8.1884
195810,6.83,2.7454,3.0315,2.6066,2.7216,4.1393
195811,7.6768,4.3315,4.1107,3.3186,2.1085,4.5423
195812,2.7082,3.2688,3.8486,4.9797,6.9546,3.9504
195901,4.4724,5.1567,5.6119,-0.626,2.7377,4.0763
195902,2.3989,3.618,2.8743,0.4534,1.7254,2.2696
195903,1.6056,1.546,1.7344,0.7309,-0.1105,-0.0856
195904,3.7761,3.284,2.1065,4.706,2.6107,3.8914
195905,-1.4146,0.691,1.3418,2.7579,0.5708,3.5978
195906,1.7358,0.5167,1.8411,-0.3896,0.3294,2.1452
195907,2.2532,2.7951,3.5658,3.9852,2.4571,3.2171
195908,-1.8759,-1.2355,-1.9732,-1.3596,-0.9977,-0.3828
195909,-5.4642,-4.4877,-4.1067,-5.0283,-3.244,-5.3288
195910,4.1454,2.5048,1.262,1.443,1.7835,0.1291
195911,3.8799,1.987,0.6321,3.0138,-0.1149,-0.1723
195912,3.3291,2.372,2.1183,2.9796,2.5761,4.1683
196001,-5.671,-3.2002,-2.9912,-8.2099,-4.4029,-5.5995
196002,2.1814,1.4144,0.6531,1.3039,2.2519,-1.1001
196003,-2.4871,-2.4744,-3.7505,-0.8751,-1.0802,-5.1081
196004,-0.1426,-2.1431,-2.9735,-1.567,-1.3495,-3.0157
196005,5.431,1.7044,2.5542,4.3028,1.7825,-0.2741
196006,2.3469,2.3723,1.5629,2.5663,1.7605,2.8026
196007,-3.3725,-1.9048,-1.3578,-3.4771,-0.3056,-1.2866
196008,4.1818,2.9688,4.176,2.7449,4.1077,2.3995
196009,-7.7827,-5.8929,-6.002,-6.7423,-4.3991,-5.1613
196010,-6.759,-2.3492,-2.7753,-0.6142,-0.0732,1.0631
196011,6.4125,4.9686,3.1169,5.4218,4.0117,3.9295
196012,4.0564,3.4707,2.401,3.5766,7.4107,3.685
196101,7.3844,7.7374,9.4694,4.9056,7.7749,10.1146
196102,7.7175,6.3103,7.4536,4.0544,2.5942,3.1543
196103,7.3005,4.956,5.7396,2.1722,4.0798,2.0958
196104,1.082,0.1068,2.4132,-0.3171,1.0951,2.619
196105,3.5504,4.9767,4.819,3.2001,1.5404,2.6933
196106,-5.9249,-4.4657,-5.499,-2.2794,-3.2423,-2.8933
196107,-0.5537,1.1961,1.3108,3.1606,3.4805,1.1441
196108,0.7984,0.4452,1.0979,3.2051,1.9496,2.3023
196109,-4.7014,-3.159,-3.3095,-1.1776,-2.9945,-3.7817
196110,0.8735,3.2675,0.3761,2.2671,3.975,3.1155
196111,6.4999,5.7223,4.7247,4.8698,4.0834,4.2138
196112,-1.2824,0.3117,0.2718,-0.2078,0.3529,1.7513
196201,-2.6042,-0.8648,2.2051,-4.9914,-1.9095,0.4148
196202,0.7017,0.7291,1.7914,1.8516,2.4105,2.3992
196203,0.8064,-1.0911,-0.5626,-0.3795,-0.2799,-2.1644
196204,-6.6124,-7.2681,-6.9474,-6.6591,-5.5773,-6.0474
196205,-12.1417,-9.8845,-9.5116,-9.0849,-6.7954,-6.2506
196206,-9.5206,-7.3782,-7.0971,-9.0497,-6.946,-6.6289
196207,8.9276,5.8221,6.5771,7.8512,5.44,3.4694
196208,4.508,3.5109,2.5209,2.7477,1.6269,2.4923
196209,-8.093,-7.0601,-6.1043,-5.0221,-4.6708,-4.3562
196210,-4.9002,-3.2883,-2.0426,0.5731,0.7309,0.3097
196211,14.9429,13.6021,14.1414,11.3848,9.9163,13.8959
196212,-3.5065,-1.4726,-2.1185,1.5453,1.8482,0.8024
196301,7.581,8.136,9.7775,4.9516,4.2924,7.2259
196302,-2.6088,-1.4815,-0.1251,-2.7908,-1.8397,-0.9742
196303,-0.0719,1.7317,2.4629,3.4044,3.3754,5.0761
196304,3.716,2.8261,4.9078,4.9798,4.4684,5.7867
196305,1.7326,3.2423,5.4099,2.2559,1.194,3.6866
196306,-1.1741,-1.9731,-1.9054,-2.3231,-1.4691,-0.3017
196307,-1.0784,-0.6851,-1.1211,-0.0442,0.4928,-1.6215
196308,4.4536,4.4942,5.7902,5.4111,4.6924,7.4788
196309,-2.8511,-0.5305,-2.0329,-1.0686,-1.7131,-1.8902
196310,0.9896,1.7372,2.7197,3.8506,1.2648,2.044
196311,-2.8797,-1.2668,-0.3645,-0.2568,-1.4638,0.687
196312,0.4892,0.5315,0.1904,2.0555,3.0877,1.9346
196401,0.6532,2.6379,3.9788,2.6599,2.7212,2.6018
196402,1.5733,2.1454,4.1725,1.4331,1.662,4.4486
196403,0.6067,4.0404,5.1458,0.9127,3.0691,2.9608
196404,-1.7676,-0.2647,-1.4492,0.4142,1.148,-0.9934
196405,0.9884,1.1774,2.0565,1.5112,1.1573,4.0629
196406,1.3012,1.3129,2.0239,1.6815,1.3286,2.3183
196407,1.5142,3.0164,2.6349,1.9125,2.3249,2.3638
196408,-1.4869,-0.4012,-1.2893,-1.3658,-0.4338,-1.4187
196409,3.3759,2.8978,3.579,2.3215,3.8639,5.5555
196410,1.0985,1.5774,2.32,0.4878,1.6456,1.4164
196411,-0.1618,-0.3408,-0.0094,0.5339,0.7853,-3.6933
196412,0.3617,-0.8321,-1.4481,1.0935,-0.3455,-1.9547
196501,7.0052,5.8546,6.5866,3.4309,3.7336,4.5749
196502,3.7257,3.4014,4.1917,0.2045,0.997,0.1871
196503,0.8857,0.7378,1.5126,-1.3081,-1.2674,0.3563
196504,3.1225,4.3997,5.2849,3.6104,2.8531,2.913
196505,-0.212,-0.8596,-1.3247,-0.2865,0.1087,-2.2809
196506,-9.6994,-8.8537,-8.6234,-4.2723,-5.8004,-4.8961
196507,2.5334,3.0779,4.1223,1.3372,1.6739,4.1335
196508,6.6434,5.0613,5.0617,2.9027,2.8005,2.5164
196509,3.8913,3.8055,3.803,3.7838,2.2156,3.5956
196510,5.9604,5.4374,6.3737,2.8074,1.9263,5.4895
196511,4.0949,4.8026,4.7078,-0.0145,-0.1306,-0.3072
196512,3.8022,3.3468,4.8627,0.8434,0.8897,4.0745
196601,4.7106,5.6545,6.9166,-0.1726,1.2234,4.156
196602,3.7479,3.1552,3.4164,-1.6328,-0.8175,-0.5483
196603,-0.4629,-2.9401,-2.2547,-1.5523,-2.6787,-4.0116
196604,5.6228,4.6937,5.8245,2.46,1.8167,1.5436
196605,-9.9766,-9.9048,-10.3469,-4.2183,-5.1393,-7.056
196606,0.8043,0.0828,-0.0465,-1.9959,-0.0631,-0.1592
196607,-2.0652,-1.6936,-0.7244,-1.6456,-0.6163,-1.1729
196608,-11.2031,-9.8123,-10.48,-7.687,-6.6209,-7.4174
196609,-1.9427,-0.9419,-1.4492,-0.9897,0.1871,-0.5136
196610,-3.7612,-0.2005,-0.1552,3.3203,7.1579,5.1994
196611,7.3896,4.5782,2.4075,3.701,-0.9596,-0.5803
196612,3.0727,2.6393,0.978,-0.3527,1.4124,-0.1647
196701,17.5,16.2115,17.5248,7.9305,6.3675,12.6311
196702,4.7384,2.8553,3.1173,1.9904,-0.3315,-0.9038
196703,5.7716,6.4834,5.5801,4.3231,3.6505,5.4593
196704,5.1691,3.7493,3.4539,6.0059,1.8277,3.1409
196705,-1.2308,-1.138,-2.2946,-4.9616,-3.7345,-2.3006
196706,9.5485,8.1428,8.0119,1.4827,2.0306,4.6287
196707,7.0144,7.6606,10.3417,4.9164,3.4985,7.0885
196708,-0.3585,0.824,0.4603,-0.7615,-0.8884,1.2894
196709,6.8482,5.2778,4.6461,3.8066,2.7685,1.0663
196710,-0.8464,-2.175,-3.4128,-1.5177,-3.8105,-5.5294
196711,1.3016,1.3498,-0.8761,1.091,0.3106,-0.152
196712,11.076,7.1251,8.0996,2.1509,3.2511,4.0436
196801,-1.4444,1.015,3.5254,-6.1535,-1.2848,-1.4219
196802,-7.4538,-5.045,-5.0257,-3.3098,-2.1211,-3.2694
196803,-0.6566,-1.1987,-0.5195,1.8349,-0.7517,0.4387
196804,17.203,14.159,13.232,10.2303,5.3889,12.0013
196805,9.6111,8.1713,8.7068,2.4705,0.1316,5.0147
196806,-0.2192,1.3129,1.5001,-0.019,3.5925,-0.4214
196807,-5.5791,-2.336,0.2387,-4.4986,0.3414,0.3067
196808,3.9372,3.4985,4.7453,1.1209,1.5192,2.2902
196809,7.4276,6.9435,6.4462,3.33,4.3653,4.9121
196810,-0.4651,1.9626,1.3378,-0.6295,1.7584,3.2117
196811,8.6591,8.125,6.7665,5.5017,5.559,5.4801
196812,0.2958,-0.6352,-1.0389,-4.8702,-3.1388,-3.4582
196901,-1.813,-0.6714,-0.7167,-1.8163,0.0865,0.4066
196902,-10.4341,-8.1154,-7.6269,-3.9756,-5.3176,-5.0061
196903,3.0079,2.1414,3.2525,3.8852,2.6086,2.7974
196904,0.8519,1.9578,1.2622,3.2361,0.4036,2.8665
196905,-0.3403,0.9868,-0.1112,-0.1063,0.7037,0.8987
196906,-12.1333,-11.2844,-10.9702,-3.4809,-8.0417,-6.839
196907,-11.1039,-9.4817,-7.4344,-4.7369,-7.5112,-6.0549
196908,7.2298,5.1083,3.8287,6.7271,4.3951,2.6247
196909,-0.5075,-1.9572,-2.7652,-0.5788,-3.5858,-4.7593
196910,10.9189,8.2086,7.268,6.3162,4.6032,3.7293
196911,-5.4085,-5.2725,-6.4574,-2.0799,-3.8604,-3.5404
196912,-5.0332,-5.7899,-6.3597,0.0957,-1.8912,-4.3404
197001,-6.119,-5.2379,-2.2612,-8.1225,-8.5904,-5.6376
197002,3.1332,3.3259,6.2483,3.8468,7.932,8.1031
197003,-5.1181,-1.1613,0.1912,-1.7497,1.4835,1.0941
197004,-20.5866,-14.1097,-11.2906,-10.5185,-9.5277,-7.5245
197005,-11.1968,-10.6643,-8.1599,-7.8079,-4.1822,-4.2038
197006,-8.4624,-7.3005,-6.0966,-5.4648,-3.2065,-6.9444
197007,7.6009,6.8173,6.771,5.2095,9.7352,7.8919
197008,5.9734,7.0202,6.9145,4.1278,5.3331,6.0043
197009,16.8853,10.8909,9.4485,7.208,0.3396,3.8323
197010,-6.7366,-6.8429,-4.1177,-0.6876,-1.6173,-2.8877
197011,0.6107,1.9428,2.6305,5.115,5.7231,6.2494
197012,7.7286,9.5535,9.2411,5.3878,6.7221,5.9481
197101,10.5157,12.49,12.7744,4.6544,3.804,5.4949
197102,4.4411,3.5878,2.2959,2.3794,0.3299,2.0495
197103,8.8217,5.2385,4.6852,5.8269,3.0629,2.0599
197104,3.0524,3.7367,3.4681,3.9175,2.5903,5.212
197105,-4.2498,-5.4984,-5.0099,-2.7565,-4.2314,-4.6635
197106,0.3787,-1.6784,-2.3642,1.1374,-0.1359,-0.0652
197107,-6.6666,-4.4398,-5.9488,-4.1153,-3.5239,-4.8762
197108,4.2821,3.8395,6.5203,5.5123,1.249,8.5525
197109,0.8682,-0.7415,-2.0369,0.3627,-1.2378,-2.5415
197110,-5.8839,-4.4408,-6.5731,-3.9093,-3.4824,-4.2468
197111,-2.8834,-2.3151,-3.9833,0.8592,-0.3687,-1.375
197112,13.3624,11.2042,12.1314,8.9618,8.4382,9.4303
197201,8.6325,6.7593,10.3472,2.6616,0.3862,5.1808
197202,4.7326,3.1466,2.6374,4.548,1.0311,0.9779
197203,1.5147,-0.1319,-0.4566,2.1903,-1.347,0.9447
197204,0.7213,1.2655,0.4767,0.7902,0.1128,1.095
197205,-1.7976,-1.3673,-2.6749,2.9773,0.8921,-1.5793
197206,-3.4529,-2.7896,-3.1227,-1.1009,-2.7757,-6.3415
197207,-5.0627,-3.2555,-2.1148,0.5999,-1.1981,-1.1403
197208,-0.7119,2.0069,2.6006,1.4822,7.1002,7.2848
197209,-3.4613,-2.6983,-3.1779,-0.4825,-1.0831,0.223
197210,-2.4754,-0.1652,-1.1508,0.5195,2.2452,1.6365
197211,3.3696,5.8645,6.4213,2.9712,6.5362,9.6824
197212,-1.1952,-1.0595,-2.305,2.6573,-0.7757,-0.5879
197301,-7.9277,-5.1443,-3.6643,-2.6155,-2.1762,-1.4835
197302,-11.0287,-7.7139,-5.8529,-3.0411,-4.9468,-4.9468
197303,-3.8854,-2.6734,-1.2461,-1.2344,0.5188,1.2586
197304,-11.1053,-5.461,-4.9989,-6.0704,-2.5566,-1.4048
197305,-10.6267,-7.1378,-7.4077,-0.8946,-2.1204,-3.3559
197306,-4.9775,-2.9712,-2.7099,-0.9063,-0.3392,-0.8851
197307,18.179,10.2754,9.0446,6.4384,2.2492,5.0494
197308,-3.8426,-5.2504,-4.0413,-3.2312,-2.9384,-0.9652
197309,10.9434,9.791,8.533,2.2663,9.0833,9.1182
197310,-2.3956,0.3369,0.8956,-0.1583,-0.239,-0.1381
197311,-22.6556,-17.8695,-16.147,-12.515,-10.1708,-10.8406
197312,-2.3681,-2.1644,-1.4542,-1.1959,5.5086,5.9099
197401,7.4197,10.1518,13.8007,-1.0261,-1.1467,4.4963
197402,0.1669,0.3378,1.9282,-1.0438,1.3598,2.1275
197403,-0.3809,-0.6451,0.4541,-1.7336,-3.4865,-2.8484
197404,-6.3167,-5.7432,-3.5822,-3.3933,-5.9104,-4.2846
197405,-7.0813,-8.0273,-6.8872,-1.854,-5.1364,-6.2025
197406,-3.1851,-2.7772,-1.1415,-2.1271,-1.7611,-2.5072
197407,-6.8251,-4.3072,-3.0638,-9.3496,-4.3873,-2.7952
197408,-9.6579,-8.024,-7.3743,-10.1001,-5.734,-7.1624
197409,-11.6764,-7.0948,-7.46,-13.8172,-6.0391,-7.179
197410,14.4362,7.6591,8.0104,21.2595,11.2576,7.8664
197411,-5.0358,-4.2701,-5.5914,-3.9956,-3.4661,-3.9329
197412,-7.2059,-5.4,-7.6126,-3.2718,-0.1079,-2.6159
197501,24.6927,26.8467,30.5559,10.6233,17.0008,21.2859
197502,6.586,3.2107,3.7207,8.189,2.8329,2.1208
197503,7.7282,6.8374,8.3486,2.9382,1.5549,7.1621
197504,6.4881,3.1836,3.1393,5.7642,2.1302,6.843
197505,10.3515,6.8474,6.9734,5.6547,5.8055,0.9294
197506,6.9483,7.4912,6.3207,4.3054,6.4093,7.6289
197507,-3.0759,-2.3811,-2.5385,-7.4936,-3.9609,-4.5165
197508,-4.5939,-4.1967,-6.5818,-2.1825,-1.6563,-2.0231
197509,-4.0241,-3.4718,-3.5465,-3.9909,-2.7641,-3.8006
197510,1.2307,3.4808,1.9756,6.5393,5.9074,6.4873
197511,1.2245,2.3824,3.7761,3.0086,3.5123,4.5206
197512,-1.5071,-0.698,-0.8652,-1.7914,0.3601,0.9619
197601,14.9408,18.4909,24.851,10.8865,14.5447,18.2325
197602,6.7322,7.2415,12.1275,-1.3276,1.8355,4.6947
197603,1.2982,1.4893,1.8129,2.9765,2.8987,2.2458
197604,-0.9775,-0.9496,-1.3028,-1.6301,0.2741,-1.6198
197605,-0.8056,-2.0652,-3.4759,-0.6308,-1.5961,-0.5373
197606,3.9233,3.6858,3.8534,4.3638,5.1583,5.8885
197607,-1.1407,0.6988,0.7177,-1.2292,0.2731,0.3888
197608,-3.5274,-1.3635,-1.4108,-0.3794,1.1531,-0.9193
197609,3.638,2.5782,2.3287,2.2029,3.1971,2.8948
197610,-2.7838,-1.5562,-2.1394,-2.3629,-1.1843,-3.353
197611,3.616,3.3145,3.903,-0.7207,2.4667,2.0544
197612,9.547,9.3424,10.1621,4.7434,6.6406,8.581
197701,0.799,2.3354,3.0833,-6.3823,-1.6287,-0.0258
197702,-1.0281,-1.0901,-0.0111,-1.8109,-1.4972,-1.9186
197703,0.2608,0.69,0.2349,-1.7054,-0.5696,0.4937
197704,1.1013,1.2685,2.4117,-1.1236,1.9886,4.3212
197705,-0.7158,0.1674,0.616,-1.939,-0.09,-1.6583
197706,7.4356,6.3097,6.8601,5.6649,3.742,4.991
197707,0.0592,0.0057,0.4457,-1.5575,-1.0614,-3.1508
197708,0.814,-0.8158,-1.5258,0.2403,-3.4608,-2.9527
197709,1.4373,1.7965,0.9116,-0.7055,1.0527,-0.694
197710,-3.8598,-2.1229,-1.8721,-4.4332,-3.7905,-3.188
197711,8.2892,7.4995,8.0148,4.0749,3.8701,4.8136
197712,3.1755,1.54,1.5843,0.1728,0.8611,1.1832
197801,-4.682,-2.7856,-1.1018,-6.4491,-5.696,-3.2635
197802,1.665,2.5097,2.475,-2.6433,0.3454,-1.827
197803,6.4333,6.5858,7.0626,2.2441,3.6121,3.9171
197804,9.9076,7.4401,7.1586,11.088,5.5832,6.7541
197805,7.0576,5.8274,5.7948,1.913,1.0998,2.0693
197806,-1.0222,1.3423,0.3872,-1.3714,-1.564,-1.5831
197807,6.9286,4.9908,6.0062,6.9937,4.1333,5.925
197808,8.2585,8.5685,8.4768,3.5871,4.4831,2.0417
197809,-1.8478,-0.7466,-0.6398,-2.618,0.9258,-0.067
197810,-23.032,-18.4449,-18.8107,-9.8904,-9.1412,-11.5892
197811,8.7385,5.0868,4.4664,2.8855,3.2383,2.9892
197812,3.0567,1.6988,1.9786,2.8127,0.7244,-0.3802
197901,8.4618,7.8279,9.5218,3.39,5.0504,6.7103
197902,-3.4437,-2.2435,-1.9379,-3.6893,-2.4016,-2.8648
197903,11.625,8.4253,8.5328,5.7738,5.7194,7.4986
197904,1.6096,2.9517,3.3135,0.115,0.6048,0.6546
197905,-2.5924,-0.7557,-0.4329,-1.8162,-1.2777,-1.3321
197906,5.7237,5.9043,6.0467,3.1211,5.5324,5.6328
197907,2.0351,3.982,3.1825,0.5899,1.7447,3.0159
197908,9.023,7.3078,7.3189,6.8176,5.5298,5.3518
197909,0.9028,-1.1492,-1.0671,-0.7917,0.9527,-0.6965
197910,-9.3073,-10.5693,-11.4225,-6.7399,-6.1309,-8.2764
197911,10.8842,6.9025,6.8615,6.4812,5.6681,4.0779
197912,8.1712,5.1861,5.0725,3.0456,1.1099,1.8855
198001,7.7941,7.7117,8.5159,4.8708,6.4479,7.8429
198002,-0.3668,-2.9854,-2.7072,-3.0634,2.1173,0.4578
198003,-19.4138,-16.1768,-17.4948,-9.203,-10.7252,-13.0499
198004,6.2549,6.457,6.0807,3.915,5.5936,6.1482
198005,8.0417,7.7965,8.0593,5.7674,5.4581,6.5103
198006,5.2402,4.4119,4.3049,3.0844,3.4761,2.4282
198007,13.1736,9.4728,7.1822,9.39,5.3377,2.8073
198008,8.3591,4.7967,3.7824,2.1029,1.3781,1.7608
198009,5.2556,2.9005,1.0692,4.0808,3.2314,-0.9535
198010,5.9187,2.2116,2.8012,1.7775,2.9375,-0.9602
198011,12.4254,4.4381,2.981,11.4902,13.4521,4.7166
198012,-5.2532,-1.8495,-1.1717,-2.14,-4.6836,-0.6137
198101,-3.7685,0.6823,2.1547,-5.9157,-5.3905,1.6401
198102,-0.8108,2.365,2.5971,2.8853,1.2647,1.4078
198103,7.8299,7.8948,7.6698,4.024,3.9373,5.4109
198104,2.4185,3.5956,3.6383,-2.3928,-2.4257,0.9564
198105,4.9038,2.6653,1.6969,0.7803,-0.4669,3.1181
198106,-5.6623,0.7894,1.3943,-3.169,2.112,0.0585
198107,-2.6683,-2.4302,-1.515,1.296,-0.6244,-1.0799
198108,-9.9382,-5.9578,-4.8094,-6.8393,-5.4813,-2.5392
198109,-10.1861,-6.5973,-4.9564,-6.3359,-6.0103,-1.3493
198110,10.3442,6.6005,5.8014,8.0621,3.8797,4.4288
198111,0.7219,5.0011,4.5525,4.19,5.1928,4.1709
198112,-2.3747,-0.9072,-1.4481,-3.0898,-2.7272,-2.4386
198201,-4.8732,-3.2572,-0.8403,-1.9351,-3.7046,0.4121
198202,-7.4347,-3.1404,-0.7474,-7.3732,-3.4485,-1.8808
198203,-2.1739,-0.4591,1.5557,-1.8879,-0.5099,1.8932
198204,6.5709,5.6978,4.0179,5.7493,3.4818,2.1475
198205,-3.5767,-2.2948,-1.4859,-3.5167,-2.3144,-2.048
198206,-3.6681,-1.7264,-1.2973,-2.4885,-1.1775,-1.7456
198207,-2.3589,-0.567,-1.0157,-0.686,-4.0984,-1.8855
198208,8.0639,8.9747,8.0634,11.376,13.0092,13.5659
198209,2.7344,4.7238,5.0767,1.9191,1.9729,0.0407
198210,15.9275,13.1228,11.7911,12.8019,11.2177,9.6883
198211,9.7116,8.4579,9.2224,7.1372,2.3409,4.0189
198212,1.2207,1.0995,0.6494,1.1644,1.1215,1.6104
198301,9.7097,5.577,5.0581,2.709,3.269,5.9211
198302,4.2551,6.6225,6.979,3.6414,2.417,2.2468
198303,2.5528,6.3876,6.1907,2.5106,4.3922,2.9831
198304,8.0443,7.7859,7.4204,5.6827,9.0305,7.1683
198305,7.9027,5.4213,5.1106,-0.1138,0.0774,-0.1249
198306,5.7338,4.2611,2.4692,5.2718,3.6563,0.757
198307,-5.7622,-0.0002,1.2254,-5.2134,-2.7162,-1.1216
198308,-4.8476,-2.7449,-0.3309,-1.3315,0.9381,5.3283
198309,0.244,2.5328,3.925,2.5205,1.5368,0.8175
198310,-8.9397,-4.3146,-2.2163,-3.5837,-0.8593,-0.3827
198311,4.7585,4.2808,4.3157,2.9029,2.4884,1.8951
198312,-3.174,-0.4144,0.2822,-0.7852,-1.032,-0.7377
198401,-4.1777,-0.228,2.0497,-5.2956,0.5404,3.4356
198402,-6.8684,-5.0037,-3.495,-4.7966,-4.171,-1.3463
198403,0.1288,1.4964,2.3377,1.6108,1.5992,0.4527
198404,-1.0966,0.0354,-0.0496,0.4123,0.2156,1.7373
198405,-6.0316,-4.8016,-4.3948,-4.8432,-4.623,-5.9632
198406,4.6988,2.0559,1.04,4.4004,1.5466,2.5578
198407,-5.49,-3.0176,-3.2663,-0.9977,-1.7322,-2.442
198408,13.436,10.2227,9.4929,11.131,11.2193,11.5974
198409,-2.7032,1.304,2.2713,-2.3354,-0.4331,3.1884
198410,-2.1763,-0.28,0.2163,0.7012,0.8865,-0.5058
198411,-4.4662,-0.3624,0.1206,-2.2334,-1.2414,0.9202
198412,2.0685,1.6041,2.4846,2.6948,2.6784,2.2251
198501,14.8622,9.9447,8.9201,10.1187,8.1037,5.6682
198502,2.933,2.8335,1.2905,1.3094,1.6354,2.2314
198503,-3.2213,-1.136,1.3259,-1.3099,-0.6819,2.1611
198504,-2.0292,0.1256,1.4904,-1.7935,-0.7942,1.8943
198505,4.192,3.9701,3.2227,6.1363,6.9926,5.1517
198506,1.4533,2.5115,2.2822,1.4886,1.8934,1.4132
198507,2.7273,2.4712,1.182,0.2431,-0.8884,-1.4571
198508,-2.0105,0.0479,0.2684,-1.5571,-0.0741,0.8387
198509,-7.2376,-4.3071,-4.2507,-3.8292,-2.7044,-4.3901
198510,3.2996,3.6926,3.3837,4.0685,5.2968,5.5214
198511,7.7199,6.9527,6.2683,9.0633,6.6216,4.6998
198512,4.8103,4.2239,3.1477,5.7224,3.5733,4.467
198601,2.3128,1.495,2.4964,0.792,0.5147,1.5374
198602,7.24,7.1631,7.0603,7.9603,8.3328,6.8839
198603,4.2218,5.2849,5.3229,6.3181,5.6848,4.4435
198604,2.2589,1.1735,0.4786,0.6186,-1.7461,-3.2271
198605,3.2504,5.3347,3.3126,5.4,5.5183,5.0558
198606,0.0479,0.9159,1.8378,1.9118,1.1468,2.518
198607,-10.6298,-8.7447,-5.9155,-7.2224,-5.1638,-2.6171
198608,2.2171,3.5295,4.4528,4.5878,8.6557,9.441
198609,-8.0985,-4.6845,-4.6342,-10.1526,-7.3297,-7.149
198610,4.3132,2.838,1.6793,5.6645,5.3042,5.4521
198611,0.0424,-0.6001,0.5379,2.0651,2.0068,1.5277
198612,-3.0552,-2.907,-1.911,-2.4646,-3.0937,-2.8981
198701,12.5751,10.8856,9.2023,14.0222,13.2613,11.0394
198702,9.3799,6.833,5.0916,7.4508,3.4921,0.0175
198703,1.3891,2.7906,3.7428,1.6216,2.2132,2.5799
198704,-2.6744,-3.0256,-3.6084,-1.7161,-0.9435,-1.5034
198705,-0.3284,-0.1143,0.7364,1.3374,-0.1543,0.7104
198706,1.5282,3.2096,3.8037,4.6523,5.3579,4.6296
198707,2.1052,3.2077,5.737,5.4832,3.5395,3.7347
198708,2.7523,3.7405,2.8311,4.7445,4.429,2.7125
198709,-2.4521,-1.2663,-1.3685,-1.983,-2.3048,-2.5508
198710,-32.3946,-27.5056,-27.8776,-23.1724,-20.4594,-19.3215
198711,-6.8034,-3.9266,-3.5039,-8.721,-7.8241,-5.7362
198712,9.1708,6.9505,4.5259,9.141,6.4636,4.9422
198801,2.219,4.8143,6.1895,2.0236,5.5205,7.9162
198802,8.46,7.9541,7.2863,5.4534,4.6982,3.5654
198803,3.4946,3.9562,3.2021,-3.0866,-3.1998,-1.0815
198804,1.3858,1.8993,2.2978,-0.6667,2.0748,1.4505
198805,-3.0461,-1.7105,-0.214,0.0116,0.583,2.0652
198806,7.7277,6.817,6.043,4.9439,5.6542,3.9352
198807,-2.301,-0.2742,0.221,-1.6146,-0.2727,0.2334
198808,-4.1222,-1.7664,-1.3657,-2.9483,-3.081,-1.425
198809,2.6337,3.0282,2.6,5.1085,3.5245,3.6354
198810,-2.0321,-0.1425,0.6076,1.5631,2.6555,2.9773
198811,-3.7869,-2.6118,-2.4282,-1.9569,-1.5592,-0.3778
198812,4.0901,3.8948,2.6919,2.8621,1.5468,0.6027
198901,4.2745,4.355,5.3893,6.9605,6.5678,7.0681
198902,0.5314,0.8323,1.35,-2.4925,-1.9071,-1.3233
198903,2.573,2.8547,3.4008,2.4765,1.7308,2.5975
198904,4.6609,4.4988,3.7028,6.0798,4.717,4.0752
198905,4.6706,3.5331,3.7765,4.844,3.4539,3.9375
198906,-3.0492,-0.7267,-0.1002,-1.0113,-0.4288,0.4692
198907,4.3076,4.1335,3.338,10.8241,7.0865,6.1958
198908,2.7301,2.8355,2.6173,1.103,2.9196,2.4621
198909,1.4318,-0.0696,-0.7721,0.4774,-0.9515,0.1506
198910,-5.0046,-5.7369,-6.3962,-1.3003,-3.8985,-2.2326
198911,0.7789,0.6681,-0.0329,2.3415,1.7504,0.8918
198912,0.2019,-0.3746,-0.2988,1.6906,2.463,2.4929
199001,-9.1838,-7.5977,-7.7711,-7.536,-6.3034,-7.2912
199002,3.1594,2.7078,2.1833,0.3588,2.1523,2.6283
199003,4.2862,3.9265,2.2177,4.1193,1.5048,0.3918
199004,-2.7648,-3.1101,-4.3754,-0.9484,-3.4187,-4.4872
199005,8.5332,6.5435,4.2551,10.8671,8.7757,7.3724
199006,1.0492,0.4285,-0.0995,1.2951,-2.4026,-1.5591
199007,-4.5031,-3.6006,-4.2588,-1.3343,-0.0763,-1.701
199008,-14.608,-12.2792,-11.2483,-9.7204,-7.9429,-9.9685
199009,-10.1619,-8.2729,-8.4176,-5.7807,-3.79,-6.3515
199010,-5.8772,-5.4399,-6.1204,0.3558,-1.9926,0.759
199011,8.8794,6.5603,5.1913,7.3701,6.8954,5.1118
199012,4.1416,3.5908,2.8451,3.7616,2.5379,1.9113
199101,9.2559,8.1615,8.0089,6.2416,3.3113,4.5318
199102,11.7537,10.3549,11.3003,7.9082,6.3723,7.1131
199103,7.6823,5.3154,6.5794,4.1158,1.195,2.6134
199104,-0.6665,1.4464,1.6453,-0.3334,0.9048,0.3425
199105,4.3257,4.7523,2.7529,4.7491,2.9663,5.2904
199106,-5.1627,-3.101,-4.1939,-4.9476,-4.2924,-3.7629
199107,4.3592,3.295,3.0313,5.3954,4.0637,4.1239
199108,4.4472,3.0319,4.3252,3.3724,1.7593,1.9185
199109,1.4767,0.5385,-1.151,-2.1831,0.0167,-2.0059
199110,2.9461,2.5984,1.7781,1.5121,1.6834,1.8144
199111,-4.9806,-3.7059,-5.5204,-2.5205,-4.6212,-5.522
199112,10.384,6.7781,7.3657,14.4699,7.819,9.0199
199201,7.5254,7.4156,10.6665,-2.3097,-1.4235,3.8952
199202,0.7099,2.7566,7.1323,0.3372,0.8411,6.9266
199203,-6.0928,-1.3047,-0.7332,-2.7842,-1.2625,-1.1703
199204,-5.6025,-2.4403,-0.9764,0.1495,4.9481,4.2335
199205,-0.7831,1.022,2.3606,0.9251,0.4541,-0.0044
199206,-6.0279,-3.2711,-2.7897,-2.462,-1.0992,0.7846
199207,2.668,3.2768,3.7666,4.3235,4.5441,2.2081
199208,-4.219,-1.5224,-2.6879,-1.1336,-2.1486,-4.8352
199209,1.3502,2.5021,1.5623,1.7008,0.9486,1.1043
199210,4.4887,2.4344,1.9434,2.4103,-0.8687,1.0024
199211,9.7525,6.4231,6.6558,4.5584,2.6212,4.6075
199212,2.5516,3.6666,5.0322,0.7063,2.0911,3.5099
199301,1.1023,4.1867,6.3194,-1.0941,1.5417,5.4911
199302,-6.5035,-0.0862,1.0808,-2.3317,3.9327,3.0539
199303,2.0994,2.8506,3.5948,1.7687,3.1301,2.789
199304,-3.6417,-2.5992,-2.5057,-5.0419,-0.7812,-1.0769
199305,6.7766,3.3439,3.1505,4.0016,2.3737,0.7107
199306,0.5621,0.7153,1.3379,-1.0347,1.087,3.476
199307,-0.381,1.5391,2.1524,-1.9946,1.233,1.205
199308,3.7509,4.7503,3.5225,3.5217,4.0641,4.1098
199309,3.3135,2.33,2.6096,-0.8994,0.5563,-0.6659
199310,3.9792,1.6516,2.6117,3.2556,-0.0375,-0.9431
199311,-3.1384,-2.8366,-2.4946,0.0968,-2.6407,-2.1069
199312,2.695,4.0561,2.4128,1.4515,1.916,2.2405
199401,1.8859,2.9608,4.8245,2.4312,4.5413,1.6947
199402,-0.9182,0.9055,-1.0851,-1.7694,-2.9679,-4.6365
199403,-6.2443,-4.7675,-4.2512,-4.7022,-3.9862,-3.3459
199404,-0.9234,0.7466,1.3617,0.5896,1.7443,1.6277
199405,-2.5338,-1.0856,0.2005,1.4163,1.5588,-0.1127
199406,-4.7979,-2.3918,-1.7469,-3.1253,-1.8994,-2.6265
199407,1.5343,1.1512,2.175,2.9071,3.8988,3.4911
199408,7.5463,4.8634,3.937,5.1983,2.9456,3.7037
199409,0.5364,-0.2708,-0.0118,-1.4001,-2.9976,-4.4741
199410,0.5289,-0.038,-1.5176,2.0071,2.7232,0.7307
199411,-3.9497,-3.2284,-3.6223,-3.2052,-3.4483,-4.9842
199412,0.7646,1.544,1.554,1.541,1.2545,0.569
199501,-1.2617,-0.353,0.9121,2.1767,2.4697,5.1729
199502,3.6506,3.3879,4.2135,3.9018,3.8521,5.318
199503,2.9633,1.7445,1.275,2.9981,3.1556,0.4235
199504,1.0549,2.8438,3.2986,2.3662,2.8902,3.4676
199505,0.8117,1.5194,2.9619,3.2656,3.9385,5.6678
199506,7.6854,4.5405,4.3051,3.4432,1.8543,1.7373
199507,8.0438,4.7556,4.8703,3.7734,3.8365,3.7834
199508,2.1159,2.6534,3.8753,0.077,0.9422,3.6815
199509,2.4817,2.0343,1.6863,4.5312,3.054,5.1053
199510,-5.5262,-5.2486,-3.7872,0.3655,-1.1598,-2.3607
199511,3.8278,3.3619,3.6374,4.1674,4.6119,5.404
199512,2.1594,2.1901,2.2684,0.9014,2.4664,1.2739
199601,-0.0452,0.2643,0.6717,3.1009,2.972,3.2988
199602,4.8464,2.3519,2.781,1.6409,1.3824,1.5995
199603,2.3781,2.5852,2.6303,0.3656,1.9682,0.9613
199604,8.5058,5.1839,4.5661,2.4475,1.7399,-1.5429
199605,6.0901,4.626,5.3541,3.3899,0.7435,2.3224
199606,-6.3942,-2.9408,-2.3488,0.1522,-0.6048,0.7721
199607,-13.7546,-6.8497,-5.4346,-5.6861,-3.8269,-3.6327
199608,7.0705,4.9858,4.4704,2.1484,3.9041,3.1154
199609,5.3255,2.398,3.2911,6.6911,4.1467,3.2363
199610,-5.2526,-0.2644,1.0103,0.7247,3.7181,4.2265
199611,1.7035,4.4527,3.93,7.1477,7.3308,7.7212
199612,0.651,2.5576,2.2594,-1.6836,-1.4795,-0.7234
199701,4.1669,3.1945,2.8544,6.4218,4.7414,4.857
199702,-6.3201,-0.7229,1.2256,0.0066,-0.026,3.6903
199703,-8.4511,-3.8135,-1.807,-5.368,-2.4742,-5.2275
199704,-3.1141,0.5889,-0.4687,6.4875,3.9119,3.8406
199705,15.3829,10.1659,8.3552,6.9095,5.9206,5.7124
199706,3.4128,5.5564,6.8454,4.3967,3.9498,3.8515
199707,5.1876,5.141,5.5,7.7604,8.555,7.7091
199708,3.9045,3.4146,2.899,-5.4499,-3.6165,-2.18
199709,8.8124,7.8243,8.1805,5.0241,6.025,6.1459
199710,-6.6286,-3.5521,-1.8702,-3.2551,-3.3181,-3.3511
199711,-3.3073,-1.0735,0.4635,5.0553,2.6224,3.7218
199712,-2.2803,0.8116,2.3639,1.3568,2.7934,4.1912
199801,-0.6506,-1.1467,-1.1307,2.4524,-1.9317,-0.4277
199802,8.528,7.2362,6.7893,7.0231,8.2451,6.8928
199803,4.151,4.9235,4.5898,4.8617,5.1692,7.1917
199804,0.7574,1.4223,2.2201,0.9137,1.802,1.5124
199805,-7.6104,-5.1958,-2.441,-2.1446,-2.4127,-0.4961
199806,0.6189,-0.4457,-0.1467,5.5611,1.7002,2.2694
199807,-7.6743,-7.1624,-7.3822,-0.8223,-2.1464,-4.7664
199808,-24.1282,-18.2746,-18.6017,-13.6738,-18.8435,-12.0675
199809,9.2492,5.1418,3.6196,7.8769,3.7175,6.4828
199810,4.4725,3.6547,3.2215,8.0157,7.6659,4.6138
199811,9.0352,5.8186,5.5085,6.9879,5.5473,4.0426
199812,6.7751,3.6115,2.7167,8.2193,2.4765,3.7834
199901,3.584,2.146,1.0464,4.9631,1.2173,-1.4119
199902,-8.8678,-7.2804,-8.3797,-4.5126,-0.8619,-1.1024
199903,-0.3862,0.8933,-2.6965,4.0062,4.2269,1.1052
199904,9.0683,10.9243,9.0486,2.2732,7.9863,7.1021
199905,1.5885,1.2179,3.6934,-2.5621,-1.2157,0.3201
199906,6.5427,6.3145,6.3334,6.5094,2.7241,0.2746
199907,-0.9443,-0.5273,-1.1188,-3.0268,-3.7948,-3.2207
199908,-2.6409,-2.9899,-3.479,0.0495,-3.3323,-2.9652
199909,0.8301,-0.2379,-2.8107,-1.8718,-5.6683,-4.0372
199910,0.7399,-0.565,-2.7618,6.5826,7.3227,4.3245
199911,13.3347,6.2842,4.3679,4.1923,-2.6704,1.8542
199912,17.9514,8.7743,6.6264,8.2011,1.257,4.2155
200001,1.3973,-0.8929,0.3022,-4.7266,-4.0762,-5.8755
200002,28.9531,15.3001,12.9955,1.237,-5.4081,-2.3406
200003,-13.7327,-4.5578,-1.2522,8.6586,10.8615,13.1767
200004,-14.9815,-5.7901,-4.1072,-4.1878,-0.5528,-2.1524
200005,-7.3877,-5.5013,-5.075,-3.5009,0.4124,3.369
200006,17.6534,9.2891,8.63,4.6897,-4.8641,-2.3722
200007,-6.803,1.2044,1.8358,-2.9399,3.1467,4.5417
200008,8.7861,5.3157,6.5605,7.5055,7.6786,6.9884
200009,-7.389,-0.6354,-0.4695,-5.9372,1.0537,1.6136
200010,-8.1636,-1.4265,-1.6065,-1.9511,-0.3433,2.649
200011,-16.4996,-4.2952,-2.8444,-10.5707,-4.0603,0.2463
200012,2.5981,8.4896,8.5925,-0.3182,8.7426,8.7828
200101,12.5845,5.1307,6.82,3.6655,2.3235,-0.6755
200102,-12.3743,-0.6,-0.1345,-11.1097,-1.1712,1.1132
200103,-7.657,-1.0794,-1.5294,-8.0706,-1.7118,-1.2593
200104,10.0727,5.2412,5.0014,8.9216,5.1938,4.7112
200105,3.8774,4.4176,6.3753,0.3779,2.207,4.6367
200106,6.6001,4.8209,3.1245,-2.1439,-1.1725,-1.1914
200107,-9.6346,-4.4464,-1.1582,-1.6746,-1.1563,-0.2475
200108,-7.6237,-2.5158,-1.3838,-6.8262,-3.9046,-7.353
200109,-17.2036,-13.3796,-14.1084,-8.126,-9.7041,-8.1759
200110,10.9504,5.4802,4.7974,3.2637,0.7093,-5.204
200111,8.9177,7.18,8.9081,7.8954,6.5728,12.2474
200112,6.7192,6.7833,6.7554,0.7501,2.958,2.3816
200201,-5.1189,0.2596,3.2629,-1.0039,-1.5705,-2.5365
200202,-8.1622,-1.2884,-0.995,-2.4752,0.2521,-4.9679
200203,8.8656,7.6222,9.7339,3.5886,5.4726,4.8901
200204,-4.0828,2.3844,4.1434,-7.0539,-0.6953,-7.2529
200205,-6.6805,-3.5992,-2.6905,-1.3488,0.4751,-2.3002
200206,-7.139,-3.3239,-2.3608,-7.4381,-6.1397,-11.4799
200207,-15.0961,-14.3694,-15.0336,-6.5191,-8.6351,-13.5936
200208,-0.1914,0.3485,-0.5765,-0.1003,1.7746,6.3068
200209,-8.1982,-7.3627,-7.1947,-10.6874,-10.1625,-9.1802
200210,6.3986,4.6468,0.6932,9.7349,4.2981,7.9162
200211,12.9401,8.6051,7.7653,5.3985,5.8686,8.2579
200212,-8.5442,-4.7701,-3.6914,-6.135,-3.9895,-6.7658
200301,-2.3931,-2.556,-1.2497,-2.7894,-1.905,-5.5212
200302,-3.8534,-1.8592,-3.6807,-1.4454,-2.2792,-4.3403
200303,2.2466,0.4509,1.1439,1.597,0.2481,-1.5268
200304,10.9673,9.4673,9.6399,7.6788,8.6749,11.4514
200305,12.8046,10.9178,10.8144,4.9907,7.3383,8.3841
200306,2.7162,2.2602,3.5259,1.3253,1.292,0.7884
200307,8.3602,5.7272,6.2,1.8616,2.6828,0.9531
200308,4.7058,4.4878,5.8965,2.0641,1.5616,4.1442
200309,-1.5675,-1.9662,0.9479,-1.1935,-0.5031,-3.4244
200310,8.2101,7.8907,10.8227,5.1314,7.0703,6.9473
200311,2.9616,3.6506,4.6092,0.8285,1.5961,2.63
200312,1.0435,2.6689,3.0046,4.6392,4.4353,5.6906
200401,3.9432,3.4853,7.1538,1.465,2.3892,3.0967
200402,0.3501,0.9521,0.3121,1.0243,2.3441,2.964
200403,1.3051,0.4452,0.3795,-1.8299,-0.7783,-0.4508
200404,-3.2169,-3.2282,-6.1856,-0.1457,-3.6636,-3.6433
200405,0.9541,1.2186,0.6909,1.2114,1.2339,1.1217
200406,3.1402,4.9295,4.4158,1.528,1.5415,2.6748
200407,-9.4364,-5.5476,-5.1641,-4.3387,-2.3618,-2.1763
200408,-2.4154,-0.1454,-0.6834,-0.271,1.4374,0.1631
200409,5.5832,5.0749,3.6933,0.8972,1.7508,2.6782
200410,2.7167,1.5496,1.1735,1.5523,0.9413,2.5696
200411,8.3436,8.7022,8.809,3.6156,4.7338,6.2987
200412,4.3771,2.6069,3.6693,3.52,3.4711,3.7662
200501,-5.2967,-3.2065,-2.558,-3.0322,-1.4017,-1.6572
200502,0.742,2.1037,2.5904,2.0928,1.9761,3.0651
200503,-4.1499,-2.3523,-1.5078,-1.291,-2.6836,0.202
200504,-6.3567,-5.926,-5.7783,-1.7069,-2.3823,-2.1899
200505,7.4179,6.3019,5.7678,3.6452,3.1322,4.1257
200506,2.8511,4.0365,4.7001,-0.8064,1.7537,2.9508
200507,6.9137,6.8614,5.9598,4.5695,2.6089,3.9598
200508,-2.2368,-1.196,-1.244,-1.1724,-0.8181,0.5098
200509,0.3492,0.9558,0.2652,0.3312,1.1026,1.983
200510,-4.064,-2.6952,-2.2493,-1.1463,-1.8701,-2.0994
200511,5.0943,4.7109,3.9882,4.0713,3.7766,2.8067
200512,0.1203,-0.3901,-0.3192,-0.6714,1.3232,0.0757
200601,8.6666,9.1646,8.1688,1.7739,3.5927,4.256
200602,-0.5716,-0.0277,-0.5966,-0.1256,0.8809,-0.7255
200603,3.9805,5.2613,5.2439,1.6134,1.1318,1.5665
200604,-0.5329,0.9956,0.8245,-0.001,2.2502,3.17
200605,-7.6144,-4.6181,-4.1166,-2.8867,-2.821,-1.6253
200606,-0.8029,0.5475,-0.0397,-0.1675,0.1535,0.7778
200607,-5.8906,-2.7646,-2.1012,-0.7222,1.0903,0.7271
200608,3.4389,2.5165,2.4923,3.2151,1.9923,0.2619
200609,0.8575,0.9057,1.3113,2.4848,2.3207,2.1559
200610,6.1349,5.1866,4.6084,3.3811,2.9829,4.2441
200611,2.5832,2.7211,2.6157,1.8889,2.205,1.9264
200612,-0.6242,0.7222,1.9703,0.3458,1.9549,3.2406
200701,2.522,0.8291,1.8746,1.9198,1.8364,1.2055
200702,-0.0998,-0.1018,-0.9698,-1.9852,-1.5842,-1.2778
200703,1.6749,1.3937,0.2683,0.8011,1.8242,0.4379
200704,2.8133,2.0499,0.9131,4.8687,3.6505,3.8806
200705,4.3856,3.6536,3.0877,3.2212,4.0744,3.3474
200706,-0.577,-1.0922,-1.6674,-1.1148,-2.2796,-2.1198
200707,-4.8248,-5.8112,-8.1862,-1.3635,-4.1168,-5.3611
200708,1.5011,2.4538,-0.6765,1.5959,1.9755,0.0271
200709,2.5885,0.904,0.103,4.9784,2.2497,3.1205
200710,3.7447,1.7412,0.2087,2.9792,1.3748,0.7761
200711,-7.3582,-6.2959,-7.883,-3.008,-5.4337,-4.6684
200712,0.1816,-0.5993,-0.9435,-0.4289,-0.9367,-0.3186
200801,-8.5997,-6.473,-3.9337,-7.2008,-4.8719,-3.8626
200802,-4.5485,-2.7209,-3.9689,-2.0418,-3.7017,-4.0547
200803,-2.1201,1.2055,0.1519,0.6331,-2.4983,-1.0287
200804,4.8457,3.4616,1.4973,3.7222,5.9925,5.1493
200805,5.6715,5.2104,3.0575,2.3659,0.6771,1.9728
200806,-7.3524,-7.3125,-8.8096,-6.8986,-9.5482,-10.47
200807,2.3353,3.0805,5.0262,-1.0134,-3.0252,6.6956
200808,3.0246,3.9203,6.7923,1.4643,1.327,0.7365
200809,-11.0307,-7.1993,-7.1799,-9.8075,-10.0619,-2.331
200810,-22.1781,-19.0649,-20.0644,-15.5345,-17.4107,-21.4227
200811,-11.5802,-11.3237,-14.3796,-6.1647,-6.2914,-15.7837
200812,5.0393,4.4184,5.431,1.7398,1.1258,1.4559
200901,-7.6893,-9.9699,-15.8806,-5.2293,-9.3641,-19.0742
200902,-9.8495,-11.4063,-14.8342,-8.2115,-11.8553,-16.4304
200903,9.1866,10.3708,10.8834,8.3562,8.7698,13.6165
200904,16.2514,16.6563,18.4093,7.9055,10.6849,16.5169
200905,3.8675,3.0461,2.7564,4.5274,5.9209,6.4598
200906,5.4915,1.8139,0.6069,0.8584,-0.9147,0.2221
200907,6.7419,10.3045,13.2865,6.7426,8.3574,9.9755
200908,0.8971,3.0191,8.0971,1.7496,3.8665,9.7581
200909,6.2078,5.87,7.5823,3.3749,4.6989,4.2982
200910,-7.0829,-6.2143,-9.2954,-0.4581,-2.7868,-6.5791
200911,2.0694,1.9787,3.9928,6.6612,4.7803,4.0873
200912,8.3539,7.9982,8.4145,1.9363,3.1505,1.6636
201001,-3.56,-3.0405,-2.7174,-4.1916,-2.0285,-4.3757
201002,3.4543,4.0627,7.4479,3.0358,2.9813,5.407
201003,6.9609,8.1277,8.9415,5.2478,6.7572,7.6419
201004,3.7927,6.2571,9.2553,0.8039,2.7409,1.2518
201005,-5.9563,-7.077,-10.3799,-7.3976,-8.478,-7.9415
201006,-5.6347,-7.4684,-10.9297,-4.4165,-5.667,-8.5734
201007,6.7781,6.5685,7.1209,6.7103,7.7114,5.3766
201008,-7.0625,-7.5973,-8.5733,-4.1311,-3.9883,-6.0817
201009,14.0052,12.7388,10.9241,10.0505,9.065,7.0837
201010,4.6851,4.1411,3.6171,4.5497,3.9584,0.6987
201011,3.5098,4.0626,3.2453,0.4714,0.4057,-1.0589
201012,7.1147,8.3,9.3338,4.9743,7.7441,9.8726
201101,-0.3226,0.1304,0.4118,2.0244,2.547,2.5185
201102,5.2694,5.3338,5.5048,2.544,4.4038,4.6732
201103,3.3355,2.7512,1.4147,0.1822,1.4308,-1.5694
201104,3.4473,2.0283,1.0301,3.7803,2.662,1.3153
201105,-1.6907,-2.0358,-3.201,-0.5772,-1.3803,-2.7664
201106,-1.9324,-2.067,-1.8739,-1.4535,-1.6871,-1.9092
201107,-4.443,-3.9495,-3.0202,-0.8091,-3.0377,-4.0443
201108,-9.1575,-8.9106,-9.6096,-3.9525,-6.4895,-8.3548
201109,-11.0365,-11.5825,-10.2858,-6.3248,-7.0848,-10.143
201110,15.4038,15.5021,12.7026,9.7749,12.1008,12.5967
201111,-1.7822,-0.3329,-0.2062,-0.0126,0.8587,-2.6311
201112,-0.4817,0.7411,1.1913,-0.0705,1.8445,1.3458
201201,8.1922,6.8371,5.7847,5.4348,3.3745,5.98
201202,3.439,2.4132,2.8792,4.5943,3.6663,5.9972
201203,2.3427,2.8346,3.1575,3.6962,1.2664,5.2676
201204,-1.3494,-2.0767,-0.8066,-0.4581,-0.1284,-2.5454
201205,-6.5523,-6.481,-5.992,-5.4584,-5.9932,-7.9242
201206,5.7483,4.2985,4.7247,2.985,4.5337,5.1032
201207,-3.2796,-0.9845,-1.7162,1.2724,1.4341,-0.4061
201208,3.3194,3.2173,3.6929,2.3801,1.892,4.4627
201209,3.1695,3.4707,4.0831,1.9326,3.1889,4.2535
201210,-3.8689,-1.3693,-0.832,-2.4819,-1.8319,1.5272
201211,1.1085,1.0609,0.7962,1.109,0.3701,-0.3071
201212,2.6522,3.4758,4.4725,-0.1685,1.2836,4.9768
201301,6.7845,6.2504,5.8586,4.5173,6.0479,7.4721
201302,0.9472,0.8641,1.3586,1.3421,1.3915,1.3458
201303,5.1968,4.6068,4.5102,3.7779,4.027,4.0253
201304,-0.7187,-1.0059,-0.0997,1.8353,1.3407,2.0948
201305,4.9867,5.2522,5.3396,1.9679,1.5691,6.9468
201306,-0.2157,0.3377,-0.1653,-1.7284,-0.3795,-1.8703
201307,7.3396,7.0643,7.8666,5.5982,4.9887,6.2403
201308,-0.997,-3.4798,-3.8317,-1.7647,-3.1006,-4.3915
201309,6.316,6.4137,5.6076,4.0516,3.2033,2.401
201310,1.0864,3.0274,3.9547,4.177,4.81,3.7573
201311,5.3271,3.9806,4.4652,3.3511,1.8992,4.5859
201312,1.8213,2.8605,1.889,2.1428,3.6717,2.0839
201401,-0.2472,-3.8406,-3.6779,-3.2839,-3.4279,-3.831
201402,4.0422,4.8572,5.1794,5.0543,4.7421,3.2153
201403,-3.4472,1.1062,1.3297,-0.5947,0.7518,4.422
201404,-6.3939,-3.1843,-2.6802,0.3863,0.7816,-0.8866
201405,-0.7344,1.0744,0.076,2.4424,2.0852,1.4244
201406,7.1946,5.0059,4.4411,1.6772,2.7878,3.0156
201407,-6.2549,-6.3128,-5.4163,-1.4214,-1.6024,-2.4256
201408,4.9852,4.096,4.473,4.8069,3.3371,4.18
201409,-4.4418,-5.2575,-6.4605,-0.945,-2.5695,-1.8613
201410,7.1321,5.8024,5.2299,2.8034,1.765,1.4376
201411,1.7911,-0.2139,-1.0462,3.6991,2.7163,0.2797
201412,2.06,2.7721,3.244,-1.3414,0.1097,1.7162
201501,-2.8233,-4.9131,-5.1172,-1.5997,-3.2813,-6.2144
201502,7.6879,6.9324,5.0776,6.4563,5.9311,5.4888
201503,2.0438,1.8382,1.1901,-1.3536,-1.4794,-1.2578
201504,-3.1933,-2.0634,-0.7109,0.356,1.1543,1.4804
201505,2.8172,2.74,0.9398,1.2125,1.5551,0.8743
201506,2.7205,0.2996,0.5921,-1.8439,-1.9907,-1.3591
201507,-0.2129,-2.3842,-5.6488,2.9533,1.235,0.0785
201508,-9.2448,-4.7482,-3.3119,-6.1702,-5.6359,-6.5957
201509,-7.7949,-4.6727,-4.7033,-2.2302,-2.8238,-4.2199
201510,4.9983,6.4269,5.7143,8.0497,8.4024,6.3982
201511,5.6722,3.3708,3.6356,0.4989,-0.2277,1.668
201512,-3.8774,-4.8868,-6.7883,-1.321,-2.2948,-3.5465
201601,-14.067,-7.6345,-6.9385,-5.1458,-5.1697,-8.1214
201602,-0.6731,0.9097,0.3672,0.0389,0.5944,-2.2203
201603,7.5493,7.8864,8.4056,6.5927,6.8068,8.182
201604,2.7559,1.1342,3.8426,-0.6133,1.295,4.7374
201605,2.2931,1.2499,0.5333,2.1437,1.794,0.6686
201606,0.2938,-0.4615,-0.0494,0.0248,0.5722,-2.6061
201607,6.981,5.577,5.7112,4.9403,2.2649,3.7228
201608,1.2935,2.6469,3.2566,-0.5054,0.3347,3.87
201609,3.2016,1.3212,1.6952,0.4551,-0.0621,-0.4128
201610,-8.1414,-5.1448,-3.021,-1.9855,-2.2665,1.1237
201611,8.953,12.456,14.9284,1.9119,5.1145,12.5067
201612,-0.3821,2.9084,4.4641,1.3675,1.7482,3.4618
201701,1.9581,-0.1598,-0.687,3.2651,0.9401,0.3976
201702,3.0169,1.1475,0.2887,4.3007,2.5709,4.0321
201703,2.2672,0.0893,-0.6876,1.1308,-0.2804,-2.5678
201704,1.803,1.4012,0.6429,2.0664,0.6677,-0.8741
201705,-0.8601,-1.6289,-3.7975,2.9142,0.1264,-1.7797
201706,4.7675,3.1371,3.39,-0.1218,0.5278,4.2588
201707,0.7563,0.5139,0.607,2.4459,1.6599,2.1291
201708,-0.6075,-2.0323,-2.3949,1.2797,-0.1138,-1.1861
201709,5.3898,8.3335,8.3321,1.3574,2.632,4.7112
201710,0.4238,0.3203,0.9564,3.1187,1.5283,2.8534
201711,2.689,2.7083,2.609,3.3301,3.2631,3.2233
201712,0.8669,-0.7597,-0.0086,0.9752,1.1396,1.9432
201801,3.103,2.9959,1.7317,6.487,5.6016,5.2282
201802,-3.0365,-3.7578,-3.7691,-2.5823,-4.7487,-4.0418
201803,1.3871,0.9756,1.9093,-2.3686,-2.2008,-3.3123
201804,1.1463,1.089,2.3296,0.6388,0.1409,0.5104
201805,7.9043,7.4885,5.7217,3.7946,1.8948,-0.3068
201806,2.8647,0.2208,0.5879,1.0938,0.5423,-1.2942
201807,1.3884,2.1798,1.0897,3.35,3.3616,4.6301
201808,5.6017,3.356,2.3368,5.3633,1.7057,0.8053
201809,-1.8739,-2.686,-2.8052,0.5865,0.6445,-1.7273
201810,-13.2357,-11.3998,-9.1464,-8.1734,-6.0047,-5.5113
201811,0.9163,2.1747,0.8823,1.4905,2.4248,2.2525
201812,-11.9577,-11.9172,-12.6035,-8.3917,-9.5629,-11.5893
201901,12.6604,10.362,10.9425,8.1867,8.3753,9.1228
201902,6.4012,5.0365,3.623,3.751,3.9608,1.2126
201903,-0.6607,-2.8289,-4.2522,2.7756,0.4698,-1.9075
201904,2.3072,4.0604,3.249,4.015,3.4695,7.3408
201905,-6.9642,-8.3096,-9.8972,-6.3436,-6.7275,-8.3074
201906,8.1167,7.7753,6.4066,7.0246,7.044,7.4547
201907,-0.7943,0.6633,-0.5671,1.8142,0.7711,2.5959
201908,-4.1881,-5.8094,-8.1016,-1.0067,-3.2926,-6.6243
201909,-2.4877,3.8794,5.5824,0.3165,3.7998,5.7603
201910,4.3906,2.5172,0.6561,2.6116,1.6505,2.5062
201911,6.055,3.257,3.451,4.3848,3.2101,2.9978
201912,2.7477,4.3319,4.8009,2.7607,2.6801,4.1615
202001,-1.8451,-4.1708,-8.1554,1.6835,-2.0917,-4.4494
202002,-6.1476,-8.7271,-9.9621,-7.0639,-10.1278,-10.8927
202003,-18.5028,-21.4608,-27.8606,-8.9685,-17.504,-27.2698
202004,17.9699,13.1113,15.6046,14.3297,10.8382,14.0144
202005,11.2881,4.8182,4.0385,6.0603,3.57,3.308
202006,5.4202,2.4341,3.5395,3.5369,-1.2215,1.0684
202007,1.7817,2.8678,2.5211,7.2611,3.3216,3.641
202008,7.2731,4.5794,5.379,9.4486,3.0655,5.3027
202009,-0.4846,-4.4651,-5.8077,-4.1592,-2.5052,-4.2679
202010,0.608,2.5169,6.1986,-2.8713,-0.841,0.0284
202011,23.1461,17.6956,19.6377,10.4755,14.3932,18.1738
202012,12.9246,8.0838,8.4115,4.4544,4.3144,5.6109
202101,5.489,5.0384,10.5172,-0.5891,-0.5924,0.8207
202102,5.6735,9.4796,9.3476,0.3673,6.979,11.0863
202103,-2.6063,3.0283,7.1991,2.3214,5.0766,7.2221
202104,2.6085,1.5098,1.2146,6.098,3.3361,5.4542
202105,-1.5731,1.4882,6.0539,-0.9815,2.0865,5.4776
202106,5.592,0.434,-1.3579,4.8161,-1.2979,-3.9585
202107,-5.5798,-1.8511,-3.6371,3.1057,0.0323,-2.4208
202108,2.6357,1.5398,2.8112,3.5741,1.4391,2.9412
202109,-4.4647,-3.4196,0.3737,-5.45,-3.9867,-0.0561
202110,3.1665,3.8446,3.7721,8.0166,3.2172,6.3446
202111,-7.0819,-1.3598,-3.6708,-0.3229,-3.4009,-4.4678
202112,0.0172,4.1159,4.4662,2.6006,6.2339,4.6631
202201,-13.3028,-9.0464,-0.9903,-7.9586,-3.0451,5.4471
202202,-0.0115,1.21,2.1431,-3.5514,0.0089,0.4079
202203,2.0398,1.0101,0.5473,4.3282,1.905,2.0191
202204,-13.4867,-8.436,-5.5853,-10.5996,-6.7287,-6.1384
202205,-4.3369,1.6977,4.0799,-2.6214,3.7559,5.8341
202206,-4.3724,-6.7082,-11.2006,-7.247,-8.8262,-12.4239
202207,13.5064,10.7296,8.736,11.4297,5.1354,7.8976
202208,0.4112,-2.2274,-2.3389,-4.7195,-2.0362,-1.6185
202209,-9.3717,-9.9132,-9.8245,-9.1511,-9.0459,-8.6299
202210,7.1574,10.1736,13.8038,5.5009,10.8139,14.8008
202211,-0.6547,2.7952,2.5889,5.1277,5.4644,4.8528
202212,-5.97,-6.8454,-5.5393,-7.1642,-3.9815,-4.9225
202301,13.8577,11.2246,8.1888,7.4999,5.451,5.2983
202302,-2.5002,-1.3517,-1.7617,-1.3928,-3.6409,-3.7408
202303,-3.5647,-3.3667,-9.3994,6.7324,-1.0943,-5.5395
202304,-1.3034,-2.2239,-2.6426,1.0385,0.7641,2.1385
202305,0.8977,1.2496,-4.3546,3.9734,-4.6074,-6.3617
202306,7.5243,7.9969,8.2166,7.1446,5.9255,6.1955
202307,5.129,6.3534,9.1771,2.9096,4.606,6.9901
202308,-7.7642,-5.4713,-5.4208,-0.8846,-2.8157,-5.5239
202309,-6.7617,-5.8567,-6.0886,-5.3953,-2.7164,-3.08
202310,-9.1222,-6.0143,-6.1981,-1.8064,-3.6075,-4.3261
202311,9.7655,8.9361,10.417,9.5526,7.6338,12.2418
202312,12.2783,11.9459,15.3133,4.2532,5.3941,10.9996
202401,-4.1109,-4.227,-5.1388,1.7431,1.9733,-1.9973
202402,6.516,5.1279,2.3902,5.543,6.4072,2.8126
202403,1.0832,2.9131,3.6759,2.346,4.7429,8.0831
202404,-8.007,-6.8343,-6.3275,-3.2933,-4.8864,-5.8788
202405,5.6481,4.8127,4.2979,5.6022,3.1708,4.3303
202406,-0.6883,-2.644,-1.7236,5.1421,-0.6477,-0.5397
202407,8.5837,9.8615,13.0565,-0.2735,4.842,6.4882
202408,0.1522,-2.2164,-2.2107,2.3738,1.2755,2.5351
202409,1.656,0.9723,-0.1086,2.8538,0.9545,-0.9125
202410,-0.1038,-1.5408,-1.149,-0.8626,-0.8618,1.9062
202411,14.375,10.8302,11.0093,6.4479,6.2615,10.1188
202412,-6.9556,-8.5497,-7.1513,-0.7944,-7.1409,-6.5888
202501,1.871,2.9824,1.8723,2.6518,4.0645,5.9062
202502,-7.5702,-7.1154,-3.4363,-3.1236,-0.1914,2.5586
202503,-7.8675,-7.1447,-6.389,-7.4328,-2.589,-3.1081
202504,-1.1577,-2.4549,-4.4806,0.825,-4.4925,-2.659
202505,6.3255,4.3595,5.4723,7.7774,3.4002,2.872
202506,6.48,5.6385,4.7752,5.5999,4.7095,4.0982
202507,1.7775,1.3756,2.1186,2.9664,1.4202,0.0871
202508,5.8337,7.562,9.2466,1.4601,2.6789,6.8837
202509,0.9132,1.8851,0.7415,4.7744,1.4555,2.8479
202510,3.0641,1.8005,-1.5152,3.3476,-0.0683,1.7309