,SMALL LoBM,ME1 BM2,SMALL HiBM,BIG LoBM,ME2 BM2,BIG HiBM
1926Q3,0.010866000000000042,0.00880700000000001,-0.0012750000000000261,0.05574600000000007,0.019060000000000077,0.020067999999999975
1926Q4,-0.05989937026290593,-0.03015942005072436,0.02865355336906439,0.004578932947373993,0.0038999741527188103,0.006532078057809976
1927Q1,0.050880962272051855,0.05161136329502014,0.0962982825562626,0.05927598044536819,0.05668430921394463,0.09897679813182236
1927Q2,0.0025819748459614544,0.06220334275754347,0.06719203574938049,0.09643016237494195,0.0305454875712996,0.04678191525658848
1927Q3,0.08068353498302194,0.10183553240782528,0.1318875230513339,0.14072426831336582,0.08926752376631408,0.12458852973288703
1927Q4,0.04527697845383538,-0.022811558182321612,-0.05053651628590994,0.055538214444859735,0.010206758290671969,-0.030017682879602048
1928Q1,0.20201651867594062,0.1380352576056385,0.1725336486538629,0.09163949663087778,0.0830483539764284,0.07784301564217744
1928Q2,0.06870774384961531,0.18208801728683066,0.15394471931023723,0.14880812912460972,0.11084440031222798,0.09477162554125385
1928Q3,-0.034917718516046525,-0.07067448473885396,-0.05295880820118437,0.0018776741462318558,-0.04051142605272018,-0.040377056839652536
1928Q4,0.1989656601706331,0.13149298275897503,0.1202046410776838,0.13496289165787845,0.08964613449972814,0.13845994565304642
1929Q1,0.09680810334966261,0.12459173649388666,0.13519806959346492,0.1958119611514917,0.18891678498251863,0.1724582659494438
1929Q2,-0.061337094855458796,0.00444740942644728,-0.032639431052403856,0.003253977620199411,0.04216504470135396,0.05854882741969325
1929Q3,-0.04091241181216265,-0.013013385763700702,-0.03684470340657664,0.0975867207205734,0.11324109720218511,0.058568297038226635
1929Q4,-0.26851559506720457,-0.23612700922929497,-0.24428357248257082,-0.2202467337019791,-0.08684956021254608,-0.10233815311353811
1930Q1,-0.11936819441024438,-0.04114072545657488,-0.04564351648391174,-0.04962314025217085,-0.06946561734052936,-0.038277146340427004
1930Q2,0.02744278148246182,0.11113056242388253,0.11714170914463695,0.07878233946438673,0.08514632180708803,-0.004930353576303226
1930Q3,-0.15790773176650863,-0.15743425057352134,-0.19438737660156769,-0.13211926770726323,-0.12129859920186914,-0.08494459463984616
1930Q4,-0.25743364398343116,-0.2260373790660538,-0.29554078364940484,-0.19937929143560407,-0.18016682104955017,-0.27861458487502844
1931Q1,-0.013980707306897822,-0.036152187652247925,-0.06952016163416497,-0.03954261964728256,-0.05228587129958484,-0.04097869374154772
1931Q2,-0.05730790212019321,-0.06854110404928004,-0.11171791140452103,-0.02394671821696437,-0.14464955270372715,-0.1002051118333247
1931Q3,-0.08924937462113947,-0.10383852373617886,-0.013042590546772703,-0.05010706207452775,-0.12839331358485495,-0.12112231400419082
1931Q4,-0.2586519515451172,-0.24926299367334925,-0.32651343313453474,-0.20421972259371524,-0.2716748471203837,-0.27461058287023643
1932Q1,-0.18468996623699907,-0.19586086808843606,-0.22263205214318205,-0.19867717337856095,-0.31226602254640545,-0.27748020153729014
1932Q2,-0.30042314282105265,-0.2553359836404774,-0.23982639182331578,-0.2135460454850604,-0.3096608637871008,-0.29527327578455165
1932Q3,0.11466466641539208,0.08624566791764954,0.3657316801890773,0.016559907633167503,0.0939792675206399,0.35857811417770513
1932Q4,0.21134527360133482,0.19195253409393076,0.21793494084309484,0.16043713957318628,0.16313329463233006,0.1846445324067134
1933Q1,-0.027644958882589332,-0.1063049953928974,-0.16312994257188662,0.03877086248062689,-0.05296247387768549,-0.12224639891919786
1933Q2,0.24221925313338466,0.3379294764903533,0.43326834787222057,0.14704529596079308,0.396280893734569,0.38852722616127533
1933Q3,0.8173727274835341,0.7347805265955805,0.8961435060920546,0.18816243738530813,0.26940684114683444,0.5712694892753614
1933Q4,-0.06586960590927116,-0.16590558238534603,-0.2628936937952837,-0.059138178799381214,-0.09309853558532777,-0.21184859704920767
1934Q1,0.333016056742683,0.4086061339134741,0.4786574043859442,0.23190690171152273,0.3370518657077679,0.4459482580955265
1934Q2,0.07503981790613423,0.014506876288522319,0.030495904405117624,-0.04145825295297634,-0.0538549325279043,-0.08827461510150003
1934Q3,-0.21258871591264872,-0.2976970730693693,-0.3524985864107737,-0.11945978008890479,-0.17359247380998966,-0.31663217205357197
1934Q4,0.08875007827098935,0.07760313001001795,0.033920554327060426,0.05360811359116813,0.014937706631773073,-0.0212715909647494
1935Q1,0.1637599680969819,0.1409132379640028,0.11067028972915716,0.07741239693979884,0.024894854398294974,-0.016185030433777836
1935Q2,-0.033612602747348896,-0.03524720604478959,-0.08178456549394442,0.03915788875375892,0.044994849214199384,-0.09496854228076268
1935Q3,0.13022843429001862,0.22781439061105258,0.16367300053348477,0.17585949155882097,0.17149030479965655,0.3092071792007407
1935Q4,0.2094715901549562,0.2644696914050466,0.2307370773512596,0.14161591890127,0.11095202305239527,0.11430479105094182
1936Q1,0.251497318481803,0.3099255683346678,0.5066745147121463,0.09595546562259272,0.2240467268322235,0.39733119795640914
1936Q2,-0.11935533191425074,-0.06284803325616817,-0.09977643683779303,-0.02889124518361219,-0.05736401572103422,-0.049672318267330984
1936Q3,0.13720381539128734,0.13165159785878644,0.17556186775045046,0.15323622924842395,0.14049350426084217,0.19817436211967188
1936Q4,0.06701242989974476,0.14563485653407482,0.1594752828792816,0.07577632384821209,0.10818960835876568,0.13835866553060794
1937Q1,0.21399586568790263,0.2127112107575444,0.3283121129203834,0.05139873389979677,0.07008592338102093,0.06898128001357073
1937Q2,-0.09973699986999218,-0.10217093840237856,-0.060925377019233395,-0.08637726479041263,-0.05584672736681884,0.012422893324153028
1937Q3,0.020113873126598403,-0.004120144060649644,-0.05044023811176157,0.04919402561784558,0.042783117943715254,-0.0036032037591620103
1937Q4,-0.32716201290507096,-0.32645926509816203,-0.34450298281050873,-0.24621544351045888,-0.22767714672453754,-0.3619808800258104
1938Q1,-0.20437788866555529,-0.16734138410613397,-0.19905236245890257,-0.11443300771112963,-0.10702401719778099,-0.14948055700560847
1938Q2,-0.07628034918638227,-0.09595858937905222,-0.11880045639693804,-0.0749913388388519,-0.0660195072860521,-0.14726082310139732
1938Q3,0.37707764252536813,0.38057399745743004,0.3930188114560711,0.2949218780394509,0.2509033099989251,0.3355715368765051
1938Q4,0.06949357500553033,0.06172995475432508,0.02968682821493185,0.07938331767625484,0.013499612945939043,0.07216262310394206
1939Q1,-0.07575662194223465,-0.08044348240866295,-0.14155828399587878,-0.032923346591837044,-0.039893197768156474,-0.05898145772124974
1939Q2,-0.15050928306659273,-0.14282369705439746,-0.16386367279233116,-0.06876169973283064,-0.11113591647192844,-0.18648880090795916
1939Q3,0.20005260277809356,0.17163333383604518,0.11487015629683905,0.1375442393610884,0.06978297985372994,0.10420619589075808
1939Q4,0.21925725820973496,0.2190126213668271,0.28603555200591013,0.06434115485256009,0.0907378694116987,0.20046546324231307
1940Q1,-0.06645642310588196,-0.08682131707802498,-0.15910156920244756,-0.013534682656545338,-0.04147504877940644,-0.13413898211059105
1940Q2,0.1434814648767786,0.10830603136386396,0.09812945176243426,0.035204225175205606,0.029429842366659464,0.04051051919827908
1940Q3,-0.2132169591212747,-0.20340050320712688,-0.24623768813259073,-0.1547680369704213,-0.11753229562117373,-0.1404730729229663
1940Q4,0.12069420517926721,0.13907855261711655,0.13921634934097216,0.06391672930118286,0.09584337009607213,0.13065437047198203
1941Q1,-0.04297499357246759,-0.03487289292633766,-0.02417760381273526,-0.06348167847326514,-0.042272962977491724,-0.020636854486690615
1941Q2,-0.10311422518416191,-0.060098024918570525,-0.04478837650793566,-0.07486252200259524,-0.04851794716503188,0.008832729201519562
1941Q3,0.16992479552073947,0.17947867075164425,0.30521954623492964,0.11167613075001226,0.17250622014319772,0.1615756576783478
1941Q4,-0.09835154682270641,-0.1000161311611395,-0.0826000400916449,-0.05460666213122156,-0.062439714086504394,-0.06454562325867241
1942Q1,-0.0017215186936205829,-0.025165058817128827,-0.028405667278808555,-0.08543654003538148,-0.03700608089100321,-0.014466392325998667
1942Q2,-0.1018824169373228,-0.07738035559019307,-0.10766801555906336,-0.122323195476289,-0.1420512240303825,-0.10983559904076023
1942Q3,0.06373880225612139,0.06983731484791877,0.09161666190802209,0.13714735367930864,0.12310623176864155,0.11220978942340798
1942Q4,0.13158540508601813,0.1354877878966887,0.24394113617671365,0.09946735090207093,0.12884417827933392,0.20897432191188337
1943Q1,0.1335569217990875,0.15713534211698654,0.21923756640146852,0.11712465621416435,0.1471333169662561,0.11105983099670946
1943Q2,0.21871656988289212,0.254588593545791,0.46149878997782623,0.09055797642090924,0.16113428646635586,0.2668650687278431
1943Q3,0.029806712472658425,0.02762280842816134,0.03638465604992103,0.021932744363871937,0.03829241325871968,0.012736599091002887
1943Q4,0.02586771888242545,0.02767293263238435,0.07025048240941589,0.022431549511889637,0.03083771286404735,0.03213251441323006
1944Q1,0.04623638368553862,0.06581852480840289,0.052376345415177994,0.014662451558525635,0.015041011475307897,0.020251258661846183
1944Q2,0.01339673381031048,0.016861652963197082,0.0397540261595668,0.008317955522802567,0.01435215935549028,0.04264484557128889
1944Q3,0.16028698879171976,0.16503376473411002,0.16823875466437865,0.07974324821197376,0.08848736580581162,0.12313189461136242
1944Q4,0.06430684070221959,0.04879787615165543,0.011581274209570447,0.016360687862602363,0.018455193923925917,0.008091094663084553
1945Q1,0.12826637977651667,0.15583873710655172,0.19376510687899762,0.04485877958979878,0.1013071855891392,0.17069298019253587
1945Q2,0.09721793817194069,0.1115119161089575,0.141957738691755,0.08665726035249754,0.09655802621388787,0.16100408616987694
1945Q3,0.026999743300610834,0.01055898029786806,0.05138240978653674,-0.006570869074169261,-0.0008093730432254809,0.0027081215208011322
1945Q4,0.21942461332361107,0.22819727453727134,0.19733133544506898,0.16256929533072606,0.14456017174864133,0.14534150134482826
1946Q1,0.2480300499791963,0.23214361687399587,0.2737943312232787,0.11086712627491857,0.12292660395880683,0.17409129839920068
1946Q2,0.04244895823974826,0.06620185192770944,0.0435506564982191,0.026968370193485303,0.06979912863974991,-0.00024316047206196512
1946Q3,-0.03178714445490449,-0.03659181237709086,-0.0560368126379458,-0.04057633116038328,-0.015057559277636745,-0.00513434950966174
1946Q4,-0.23798690314338544,-0.21401470932834932,-0.21487804291809287,-0.17620341135555528,-0.1566871111579693,-0.16975518527817968
1947Q1,0.08761650466425719,0.06465294064775917,0.09140950647782509,0.07327898022835955,0.055028978667938544,0.0583576589297683
1947Q2,-0.13512791866719964,-0.11611093042344478,-0.09540009134422733,-0.06790235998907812,-0.059348733110349716,-0.07840445583438205
1947Q3,0.04060873250562258,0.07568889977009241,0.08310407707817458,0.09002323837350579,0.08436272912110021,0.09798316584220568
1947Q4,0.020245378258660685,0.02085485610595761,0.043899633594195464,-0.0034341369929361543,0.008119109264664415,0.0056211484146808655
1948Q1,-0.059886583024500006,-0.043946625068647105,0.0018280184540797606,-0.04676346352692984,-0.0216737792713525,0.011507581847565618
1948Q2,0.01361275554752206,0.04364905243935557,0.10676228673834598,0.05176390438406453,0.08294225773570774,0.133789416841942
1948Q3,0.008409617494020694,0.013049368605512424,0.020716363219833944,0.024437212560916688,0.011529057225845518,0.04898282199754811
1948Q4,-0.0028183095454175078,-0.0037573185176017487,-0.007807431675727949,0.044204899412265686,0.030358666712629878,0.028707651833515202
1949Q1,-0.07359762830873529,-0.0821236273590994,-0.10281435523576377,-0.03327398559353245,-0.07252231998470748,-0.10291175713446532
1949Q2,-0.010336620154950404,-0.016369465013752582,-0.01315384818063603,-0.004644336227442425,-0.0007554990976300635,-0.01843344132344127
1949Q3,0.009847874813131652,0.019916840558488857,-0.008099953928943138,0.044072744085662086,0.027171243486382002,-0.014324470939402256
1949Q4,0.14409138577718927,0.11625640429832385,0.10554933001047595,0.08880090795385986,0.09730297123463316,0.10849763179276373
1950Q1,0.15222422616357378,0.12584001079370566,0.1415639656953136,0.09373773185617118,0.05977004101197103,0.12456425048404873
1950Q2,0.10163179917793896,0.06238341177005036,0.05983368490914098,0.08023261299478346,0.05509247481187085,0.0725415739022588
1950Q3,-0.04877088653345074,-0.02086449015435532,0.04489332419215386,-0.045026900699380645,0.027589637390972976,0.11875519208253493
1950Q4,0.10128713094288289,0.10470005745877398,0.1048739397246381,0.12024936416846721,0.07597878646384904,0.09429322476293844
1951Q1,0.12638630006867646,0.17320586083232836,0.30611407173728855,0.11235549039255077,0.16294682933219384,0.2529095135589232
1951Q2,0.024247780744288017,0.017153043295934367,0.002891618096343862,0.059950840898687296,0.04745393597155112,-0.0020924922693085213
1951Q3,-0.0066505820003660565,-0.02551782456042262,-0.045890422757767224,0.019160361009971982,0.03951582490610028,-0.016180018536814722
1951Q4,0.06272608163891658,0.0667527466980864,0.04186670512720836,0.0085720751383771,0.042530877895699204,0.042037872944993504
1952Q1,0.03328177930522469,0.032212484369013916,0.02344454662700146,0.055268609892577425,0.06972287754759177,0.06251192236941794
1952Q2,-0.05595249273306868,-0.04586921159738089,-0.026569477895703852,-0.026572385330062898,-0.03141202705597279,-0.027817032538733133
1952Q3,0.050272314698059484,0.06647509729816914,0.05963272245280482,0.09098395997775488,0.07980838366924847,0.10102182287293981
1952Q4,-0.005456025004870413,-0.01504657350428884,-0.03770136886859077,-0.032635508556903337,-0.023763486548819657,-0.03748995977867686
1953Q1,0.11606168283872509,0.11242164812728173,0.12034356002301583,0.08493501205028076,0.08610250839503486,0.1342112186231057
1953Q2,-0.03518914534571749,-0.01807090543474743,-0.013547792226028532,-0.043371088989058504,-0.037427981593959436,-0.05161069104666993
1953Q3,-0.016972788950479156,-0.009620809226156934,-0.018905078640147788,0.02180148409700533,0.00968840068775334,0.013480858706980348
1953Q4,-0.002224329636780986,-0.02666342692465018,-0.055299421895122824,0.01774965428820008,0.004030667831756762,-0.0535254746580498
1954Q1,0.06611827571851325,0.07571491852952161,0.06627290921595597,0.08551838359248376,0.08537863457176953,0.09067517042877915
1954Q2,0.03494136041432605,0.07085993798778456,0.04039187829275903,0.11606205655158952,0.0939070250312064,0.06638302087613779
1954Q3,0.10388172190498435,0.1346753190153429,0.1627674104859662,0.09252771282689243,0.07620616159993676,0.17492553346035278
1954Q4,0.03389837594458278,0.037267710649100616,0.02985117863815856,0.013512583477312212,0.04497823216718411,0.014419788380989784
1955Q1,0.16990101995027307,0.20759820315247413,0.25022002115286024,0.14385486667451408,0.15412405399057172,0.3414227628793598
1955Q2,0.04644200971369261,0.06304502078791252,0.08152939541711257,0.06976226914572248,0.045045779017258925,0.10412107568846274
1955Q3,0.00915820878344853,0.0495318678153438,0.05298484926330094,0.11523448648945944,0.08762978554648249,0.09496673443229708
1955Q4,-0.023569424096569702,-0.006513883068376192,-0.013822834710673804,-0.02422622907311278,-0.017458751046163457,-0.04149536518104402
1956Q1,0.07040999537356263,0.050551032493998393,0.061123990078579826,0.06451334501775752,0.05040726647580063,0.05333007832437198
1956Q2,0.06680233645903288,0.08679433407889392,0.0773849201652217,0.13140977503731,0.10050948593312858,0.09733506719136242
1956Q3,0.00805796994409036,0.01665643783019144,0.0004836513859374225,0.039952078974779814,0.03614154828926841,-0.0036844830788834715
1956Q4,-0.025220912433395193,-0.03064356650594746,-0.038271829803726565,-0.08628162643256454,-0.052225775999163004,-0.05467331226867511
1957Q1,0.031742863459546244,0.024566131415185932,0.06578850417852578,-0.012089087928898068,0.029955985745573566,0.005877256411354059
1957Q2,0.015587737505637023,0.01698196144070141,0.017610369051761054,0.06797369161416378,0.03163105531411481,0.011665318339596498
1957Q3,0.022726500167930652,0.008451446216510172,0.029406550200107073,0.059668235277152704,0.018537409238736258,0.021660000463507245
1957Q4,-0.18820973943799935,-0.1417176093596042,-0.17419250469658554,-0.14794432949551606,-0.10586448914787605,-0.18649044052789499
1958Q1,0.10580668872186161,0.06822798707042144,0.0648967489061425,0.024383380134001653,0.0559464574753763,0.049243115916679514
1958Q2,0.0665720478307934,0.050707282985851476,0.07026844828193601,0.04904598593367848,0.051569974846996436,0.06281785191237566
1958Q3,0.13378855734183492,0.14086753955128817,0.15032196567006118,0.09883713724183818,0.09515705375542072,0.15072323091844853
1958Q4,0.17638079495415204,0.10392104569984717,0.14495865890197224,0.09323261644176184,0.09144382454810618,0.16647492918574947
1959Q1,0.15539060095737045,0.1329781401420882,0.1418495062963483,0.07784574461610494,0.12199572731135366,0.13101941422039642
1959Q2,0.07971785093458728,0.08675356921755206,0.06863184254114052,0.05949503010762247,0.0426580385255535,0.06158369797152474
1959Q3,0.025565293867489514,0.0404022661586656,0.06887780618945905,0.0643670851229119,0.03381345228167665,0.0922452101656015
1959Q4,-0.033922244212309716,-0.03304920380376908,-0.048125722920364544,-0.049677261266150796,-0.02500908094805021,-0.055694486945475075
1960Q1,0.012510183711664569,0.010649266152567227,-0.0031008070542886124,-0.02626125385072897,-0.0205289379055017,-0.018340358458795225
1960Q2,-0.005020403055672529,-0.0321463101331364,-0.06002564982081593,-0.011561509234791267,-0.0021760884910383416,-0.08982179753233677
1960Q3,0.04266251868312221,0.02133910322650112,0.027427755797825304,0.03259737770637239,0.03257857604431402,0.012017852280676422
1960Q4,-0.10419974482444139,-0.053754455698301284,-0.04794310432389437,-0.04770980665690028,-0.005449562521599227,-0.01853222689678291
1961Q1,0.18905690155502608,0.17015470373320252,0.155917353846037,0.14548854357342744,0.20405789622490156,0.18658724442677976
1961Q2,0.16832007009566752,0.11698204881083818,0.1636290896231538,0.059775458592548514,0.07949184179417146,0.08074439302190095
1961Q3,-0.0312424529279417,0.01488309312732361,0.0035341617181450236,0.04035151125832481,0.01667682666833903,0.008629950083273386
1961Q4,-0.03101456559364346,0.004505031801130821,-0.01880289484036879,0.04301966517506961,0.028278638173129922,0.0150023067020566
1962Q1,0.02396241870955751,0.05134700127834102,0.07324902729189686,-0.005717134104522237,0.024562240050663098,0.0647874562116697
1962Q2,-0.051987372588358616,-0.0761116649547472,-0.05813347879699038,-0.052915875099961984,-0.035719006434546174,-0.05875587268905014
1962Q3,-0.1340946107946972,-0.11673893008420433,-0.10404524477640265,-0.1082047839269461,-0.08551246414470393,-0.09428220028664158
1962Q4,-0.08656482750775107,-0.06960513897767262,-0.05703545550040745,-0.018531176616371936,-0.024117925156931563,-0.016688783108663507
1963Q1,0.19320698318403817,0.21035754819278552,0.22647061510468758,0.18706587461931812,0.167530192672815,0.2310584209049693
1963Q2,0.009376306172227622,0.030569907269156538,0.0735710224686803,0.055242147498590244,0.06007849232204876,0.10073651678892093
1963Q3,-0.005460459475480461,0.00511869174149715,0.022421864484100773,-0.0016375394668870502,0.0019871681088590165,0.016975717251867195
1963Q4,0.02479725190069315,0.057455014868490695,0.0645827698128516,0.08300262757399812,0.04200379966140355,0.07602577220565854
1964Q1,-0.01767094257900359,0.018762928683850655,0.037970512880096674,0.0450102469384015,0.04342861892956251,0.053052452882846435
1964Q2,0.0038324280994859183,0.05991179479783004,0.07945656145745561,0.027828503842611596,0.059850070469141814,0.0647280072084584
1964Q3,0.03851524926182637,0.0559774177146386,0.06865532648095707,0.05192157197585523,0.04884328050915476,0.08992255484500533
1964Q4,0.0295750300201576,0.04101572006692433,0.046156064511095884,0.014163001906247308,0.051151082985400276,0.055318614085969386
1965Q1,0.07218477167626025,0.04616033217959448,0.050332453921721365,0.05120172965783687,0.041870058608354466,-0.012559946623120988
1965Q2,0.07911919868840012,0.08747212039598229,0.11357421024620784,0.024641839805712884,0.02561988722511699,0.034729152984445566
1965Q3,-0.07608011743448861,-0.06855916776454352,-0.061169472709061146,-0.032701564589546095,-0.041194839410775064,-0.03223870057985567
1965Q4,0.17396933388660818,0.14989404009667529,0.16008174981197354,0.09794532597347616,0.07102268240573917,0.12032464800345766
1966Q1,0.1314273130973309,0.14434529910852967,0.17393813302499028,0.006547472366777329,0.019906106659257183,0.08066831923132178
1966Q2,0.09074184449691769,0.048217759541058,0.06972347058348793,-0.007774839951217527,-0.017207192651667924,-0.030643514894751922
1966Q3,-0.11126658300674441,-0.11357316887310354,-0.11037733755018786,-0.07674731555925862,-0.05783414696482225,-0.08292371520839803
1966Q4,-0.162031035210626,-0.10840901081517662,-0.11914245433400317,-0.055658882053304826,0.002503006264425567,-0.031038878963217886
1967Q1,0.3005999828106001,0.24739486194910953,0.21531273729496792,0.11530248302471757,0.06834715637466271,0.11793074781356139
1967Q2,0.1650999043632706,0.13630197122963872,0.12631655961666666,0.12789797374615963,0.05195038778075123,0.07788592789812854
1967Q3,0.15789770281836923,0.1510224594490721,0.16447412666066885,0.011892809359177026,0.016565032924963585,0.09467591103479123
1967Q4,0.05564028180145808,0.038366290346840026,0.015399849177500036,0.014526371979298514,-0.020256993585358374,-0.03290967433739411
1968Q1,0.10896500839220091,0.09673071006987977,0.10930095028562725,-0.03089067997439654,0.022411074569675282,0.024083064614415672
1968Q2,0.07754728970987124,0.07100291504419842,0.06982622325741694,0.08537568768388981,0.02378091212351552,0.08814815013706845
1968Q3,0.03268924354533187,0.07031424001593711,0.10600886344857119,-0.02157831457796522,0.04082957947870236,0.04892890893622215
1968Q4,0.11137921646438054,0.12857220554988036,0.12989003632469598,0.03830472587518852,0.07813856814939579,0.1076142624669334
1969Q1,0.07004696905909302,0.06716849992340013,0.04900056942106645,-0.014593470647804807,0.023341566507034228,0.022464376680811915
1969Q2,-0.06954084756796752,-0.04310344474611871,-0.03418609674751816,0.02983316073977571,-0.024556082909912957,0.004504327081142678
1969Q3,-0.2215573906780408,-0.18903708624242033,-0.17680672448226253,-0.08150653001117492,-0.1435036704066489,-0.1169326140003093
1969Q4,0.18334503700441585,0.11510174617647118,0.08295229247882774,0.12811443165441916,0.05284899581809355,0.013855184724745895
1970Q1,-0.15666208934860193,-0.15431579939998974,-0.14387094565707492,-0.09947362143837224,-0.13781178338135858,-0.12929107657797723
1970Q2,-0.2229022415038624,-0.12283692557988657,-0.05567560297110341,-0.08702211187961983,-0.009028207343279582,0.010626417810933209
1970Q3,-0.1253303823369477,-0.11540591189168681,-0.07919647020263176,-0.0830572697392028,0.017743526421605482,-0.038211373885348676
1970Q4,0.15522880192513844,0.10554806020986995,0.12197935666641246,0.10865741034378162,0.03981473717939488,0.06888306612464956
1971Q1,0.19784097589294936,0.25630975382210197,0.26436665728937325,0.1593445516658767,0.17121962376793998,0.18754786662028344
1971Q2,0.17123772934452797,0.13087782267024384,0.10802609584603329,0.1258935848910563,0.060813499425474093,0.09579999962444052
1971Q3,-0.10294650317889331,-0.11209776563894358,-0.12772831483391434,-0.05697831362107053,-0.07731752883603948,-0.09371426794434712
1971Q4,-0.010016487783118477,-0.015075815855138619,-0.025084804911392977,0.01755240146368675,-0.034865117675114576,0.013007939848915573
1972Q1,0.19597547949703875,0.15972319659667122,0.18805169366624885,0.12823044947893525,0.08455632612433184,0.13517044588892024
1972Q2,0.07085863528784841,0.04314148140225882,0.026557960992298346,0.07682148047097304,-0.002173609188983794,0.030479918498232283
1972Q3,-0.0998845599009015,-0.07240171639047055,-0.07708029726355448,0.02454582798102911,-0.03083597934341986,-0.08871769833482235
1972Q4,-0.06521265575682811,-0.00909520530494179,-0.018031498264691526,0.01517204673860073,0.08318767053319265,0.09283676102126948
1973Q1,-0.05962760608975004,-0.006454216137182556,0.001585790198905146,0.029426752461392702,0.03409342057364606,0.07420004713077133
1973Q2,-0.2398222256507061,-0.15086088004415987,-0.11673740949182154,-0.10051099497598226,-0.0689640162461691,-0.05102573956752399
1973Q3,0.003632132028965618,-0.006384699773643421,-0.017691989430900112,0.04530180624206959,-0.0025836715501117435,0.0062545784376202285
1973Q4,0.041246559104337166,0.043769987268089894,0.05079595112180657,-0.011947853278906906,0.05624947901612409,0.07915753380844515
1974Q1,-0.18884368975862664,-0.11489870143398762,-0.05962373755720285,-0.1444818130200699,-0.06309282640345537,-0.01325574066634072
1974Q2,-0.06517777827442106,-0.0603490514138354,-0.01276796450263007,-0.06058973197384965,-0.07956010863426599,-0.050326155734253475
1974Q3,-0.16180655220536466,-0.14432996621211447,-0.10770307980933547,-0.12922733789233276,-0.10895697468220777,-0.1111028417540415
1974Q4,-0.08687470870270708,-0.08004775017177568,-0.07417996952030892,-0.060502602077983636,-0.014556034698434472,-0.07048515054017856
1975Q1,0.09880672020359405,0.14872987233881796,0.13873011348764264,0.02728477968558307,0.12823567146542358,0.13467908801441197
1975Q2,0.2227302194504901,0.13778108619599694,0.15907869388425766,0.17787272455791103,0.06656456004430256,0.16923416757683607
1975Q3,0.1438890521482965,0.12116822113917847,0.10847708077392881,0.019453436724420126,0.08127437709777396,0.037229650432585526
1975Q4,-0.07306223485560304,-0.04303852555926879,-0.08114759642403024,0.0005500006765974952,0.012743555920620375,0.0036767712948679865
1976Q1,0.14594765618803174,0.20467056687732832,0.2844449791701762,0.12176447022984549,0.18994816338546627,0.2476600862064151
1976Q2,0.07060945950615594,0.07805115861325396,0.12672979587417976,-0.0004695058235577587,0.050746279173551345,0.05312003540591026
1976Q3,0.019101908221374586,0.022540736906385028,0.009630076971473,0.024307254736451345,0.037624718942285806,0.05729043543015977
1976Q4,-0.02801033333007541,-0.003950098556335546,-0.012732879887083604,-0.005906477975823443,0.03150809740303129,-0.01469458114513722
1977Q1,0.14415150193964776,0.15604774746566186,0.17990925184283557,-0.026483446330028304,0.07491405214560576,0.10783098648479483
1977Q2,0.003228389113104857,0.008557076288623344,0.02640870681875751,-0.045698547669835166,-0.0011060274477383558,0.028248457833962126
1977Q3,0.06729722588177323,0.06493732234558935,0.07997567538568684,0.020022374920513064,0.025485056178291998,-3.264681254477875e-05
1977Q4,-0.016841476374099495,-0.011773639983240325,-0.024884503606016017,-0.04879396913328926,-0.06142371862144158,-0.06698604742607439
1978Q1,0.06496822165576277,0.06114370834491201,0.08517116543747028,-0.024687511021815545,-0.012028619374554572,0.02592690236596451
1978Q2,0.1892597408655281,0.17389895399785238,0.17566271169869108,0.10578641196117133,0.09774827904229921,0.08908968427270425
1978Q3,0.13305027452046048,0.12600450440960498,0.12583288388658898,0.07545108208257578,0.03632001385757633,0.06405307285718242
1978Q4,-0.18215266025329835,-0.1211791440501897,-0.124919272238182,-0.0910177004226469,-0.041890278399921876,-0.0984456133821342
1979Q1,0.21544798254190844,0.15237848986016966,0.16677266823625536,0.0936528077804315,0.09237875181215593,0.09482244167138543
1979Q2,0.0951581236610799,0.09121367234370448,0.09956085771757683,0.019886394068761026,0.03804478208196316,0.05102506750981717
1979Q3,0.050787241817232376,0.09289221736479103,0.08947949964271151,0.01845477799618056,0.060017109917271716,0.07369007316145915
1979Q4,-0.002314460328460055,-0.051367259184543435,-0.059539908664674734,-0.011704767163728591,3.616906556391797e-05,-0.0404058148434675
1980Q1,0.2929338504951593,0.21118112733797134,0.21843876648321925,0.1506863734323609,0.13729905293387445,0.14356922615148138
1980Q2,-0.14687292828068899,-0.13428377489772503,-0.14847304424148933,-0.08538667505916708,-0.03735578361519376,-0.07281503019231339
1980Q3,0.2868211924546167,0.23214235047263387,0.2080628464793497,0.19267577547077863,0.14948636973085616,0.12159251482095423
1980Q4,0.20804536192217138,0.102212365198179,0.07830277285079434,0.08158455774870399,0.07728244111149851,-0.0017727971243273188
1981Q1,0.025052827021858848,0.03205919308314242,0.039673040083607614,0.026500260698939515,0.023092538958596087,0.05780871149057365
1981Q2,0.09542336723705769,0.14417726806191133,0.14485180214708726,0.04464500593793996,0.026987022409821204,0.07917217231354501
1981Q3,-0.036768198001941754,0.009610724476799781,0.01552669749568003,-0.011487057300827108,0.010006286392344244,0.020642002867682807
1981Q4,-0.10744766963183716,-0.06364301910829906,-0.04278751042483786,-0.057070309951233855,-0.07715515647760407,0.004038649076169909
1982Q1,-0.06461763299007384,0.00659461300962505,0.021726429399952618,-0.009831473590403816,-0.01466712277230886,0.020494080875307574
1982Q2,-0.03496828472118685,0.019084467500681157,0.04846582210540973,-0.03897046831929496,-0.005962274334175732,0.021237943175122176
1982Q3,-0.09304700284545453,-0.04526006999612209,-0.037515502491301644,-0.06563091588225367,-0.07421052808827044,-0.05572495848138237
1982Q4,0.28701318537176834,0.2909850733758492,0.2693818437241855,0.28045290923367516,0.28165896719817307,0.24619204471271527
1983Q1,0.21833553835218034,0.157655971179276,0.15492145090924336,0.11320847230333708,0.06871697266395538,0.11952269005467508
1983Q2,0.15517210148441407,0.22264908007427775,0.22031453132308387,0.12280915872907805,0.16570351011299578,0.128449237147374
1983Q3,0.07515552640123957,0.09913187187485994,0.09025820148119945,-0.0032999371245587827,0.009188383489864504,-0.004975245219504876
1983Q4,-0.13142522714210825,-0.045840719286976195,0.012854439858654532,-0.024696679443845793,0.016086260222181847,0.05782972176171475
1984Q1,-0.02804120666078158,0.03611885419168237,0.06754271692723979,-0.03311631435664708,0.01978851321323649,0.04618303179573835
1984Q2,-0.0777104303488978,-0.03548043456879846,-0.012879880697029722,-0.028642172441580183,-0.024285912436745938,0.008219749038751667
1984Q3,-0.07017482736938074,-0.05776182994335377,-0.06555735195135037,-0.016470760572359855,-0.04825571406013607,-0.059130421588631576
1984Q4,0.07967624485681402,0.11347355996777608,0.12222024571570134,0.09296698580141505,0.11719298117361698,0.14573114620944905
1985Q1,0.12002035485802187,0.1130349197039191,0.11760950157138361,0.10560512011897782,0.0962120605889707,0.09013417849733663
1985Q2,-0.024042133424471257,0.017930030711686307,0.04163160583561498,-0.01810835245018194,0.0014066407793682512,0.06419143397123817
1985Q3,0.0858914813776972,0.09215146371027805,0.06826385720190098,0.07978103153302163,0.08049878441559444,0.05083885841974678
1985Q4,-0.06103337047363799,-0.007260145021638409,-0.007451440061319703,-0.014748913206078407,0.023732385181744586,0.017350602649909952
1986Q1,0.1551273740618786,0.13136755707974723,0.12349693882015433,0.16217548638371238,0.10999900612880031,0.11058298067774675
1986Q2,0.14292173435990496,0.14150582384854737,0.13298677343523835,0.15491377081772661,0.12492170372465572,0.08030768320879855
1986Q3,-0.07680711251578198,-0.029961084065563415,-0.010124942442444218,-0.003429064467328047,0.012171435784101181,0.048824594238934704
1986Q4,-0.020091728184138513,0.014801893395475663,0.012850368288139125,-0.0070768324257068915,0.06032445050078894,0.07157326796916119
1987Q1,0.09181979083950997,0.07016075012196388,0.07691618020528823,0.13508648053743078,0.11959945363929014,0.09468554174529165
1987Q2,0.07933405413570571,0.06491740790945322,0.050909114448812076,0.07319357287092587,0.04784528447371805,0.010553953833120966
1987Q3,0.033251339290475634,0.06398501688490277,0.10567182943132924,0.11866958729974497,0.08918721563350829,0.09308249951872183
1987Q4,-0.322372748978648,-0.2574628121754422,-0.2685068059429069,-0.2112308787110806,-0.18850993294754337,-0.19246864682703235
1988Q1,0.04001161476262194,0.07697722177394373,0.07106358184489836,0.016387806417600403,0.035512568785838416,0.06753408905859226
1988Q2,0.1380580702971126,0.14356469151319096,0.13265878170661427,0.015171181204042261,0.03450836690441328,0.03931309858586496
1988Q3,0.020428993180378052,0.04702012922320464,0.06049921490235821,0.03261452729791703,0.05980365248810182,0.0632926436759742
1988Q4,-0.03596712395463564,0.010640880336278302,0.018136756589767877,0.03604097934743122,0.029993036941660334,0.05200163415310155
1989Q1,0.044291515996724984,0.05587720166572274,0.05598324167671387,0.07868799543988803,0.06528883884531589,0.07306458215620615
1989Q2,0.07924303182821513,0.08376499324048492,0.08677123407502418,0.05997347605793513,0.044978188507456496,0.053655527239164336
1989Q3,0.058502927823753215,0.07029166228616646,0.07133104529310885,0.15017365466567334,0.1031011385474645,0.1089514972716048
1989Q4,-0.010138531523102845,-0.031315372069195546,-0.0468793830051939,0.0026474731061685297,-0.02033823369433918,0.0032539399932003388
1990Q1,-0.08291646535656128,-0.07328811804264568,-0.0807693259549539,-0.03771156812668641,-0.02315192647595976,-0.04132674520612578
1990Q2,0.0460661821152899,0.034208816894245375,-0.001206608367555595,0.03501869574020966,0.0014465529062586135,-0.015927823252700257
1990Q3,0.047332936395116265,0.031473954969566176,-0.00284232207182189,0.1080448168618715,0.06081253231210759,0.03900427860533684
1990Q4,-0.2779411720128775,-0.23913401378415988,-0.23693781561276572,-0.1463654648531476,-0.13196672766142659,-0.15046913919483773
1991Q1,0.23883898470416587,0.1939587510020464,0.16848453875097213,0.18362633686270757,0.13237757940082084,0.11975302330886017
1991Q2,0.1953689536339016,0.17901720622384953,0.2057489931515919,0.1197491251029088,0.08617406911416259,0.10288843704012263
1991Q3,0.032526554896372906,0.048484857092821576,0.014276653406447126,0.04938546278391298,0.025512116883332325,0.05507110561656092
1991Q4,0.09112130577270516,0.06278324290190507,0.04958072205752395,0.026446472895674145,0.03489595932981393,0.016862327838734092
1992Q1,0.12779321681681965,0.10445805238736572,0.12258641115094848,0.09007414674019976,0.013725912447245747,0.07011870154344146
1992Q2,-0.10724652577297122,-0.010589184132150486,0.05308435762846431,-0.023105606229419928,0.04494704385927606,0.10148999200938458
1992Q3,-0.04276253579442868,0.009194753939229194,0.03253003417310252,0.026963914477829087,0.03864467726438958,0.030054923115108823
1992Q4,0.014316062512279792,0.033989305354725774,0.007531159347389238,0.02971426240481101,-0.020784801644705198,-0.028198288878187205
1993Q1,0.13793615900420186,0.14944194925905063,0.19102110406193318,0.041448426402915794,0.06382306477565791,0.1422483332627833
1993Q2,-0.08016978193178259,0.000909543659894485,0.02090622559641897,-0.0561567556211906,0.06348561211877635,0.04787333849944608
1993Q3,0.06967685693866632,0.05685062199946911,0.067804661093122,0.008725435126580194,0.047624906901272634,0.054671513493805834
1993Q4,0.11453938267657127,0.08961348248546841,0.08998275972869707,0.05930566244728008,0.046037674600793776,0.024412115205689977
1994Q1,0.013479629474430821,0.04097945065112385,0.046756599976989444,0.04018581481224248,0.037307956792896446,0.01782559039963516
1994Q2,-0.07962955745291445,-0.0318772570957353,-0.040005064768055654,-0.05836465275314795,-0.05210730317444989,-0.06326971777098966
1994Q3,-0.05786455846814753,-0.02339967534536236,0.005913870853746284,0.011028672492896074,0.035141584892533606,0.006593351931466707
1994Q4,0.08695041843510087,0.04539689729433127,0.023475736490536248,0.058072914784547125,0.02579082118173881,-0.0021224737731511123
1995Q1,-0.0443643197359197,-0.020811246058691224,-0.012318689323335796,0.00425808108062764,0.0017739243226631007,0.004994789816905376
1995Q2,0.07847889433046151,0.08182937846972971,0.09023637864015255,0.09549113277184573,0.10225506649587368,0.09431494947509456
1995Q3,0.17291790036431598,0.1117595377170546,0.12624947711699286,0.10852033852346565,0.09927374235045017,0.11570856631526749
1995Q4,-0.011330641045625645,-0.0075579360140686225,0.01626645364407353,0.0499404474738272,0.028184931304087835,0.06402184658018473
1996Q1,0.06021913937604029,0.0590479750927273,0.06700234265119986,0.08365608214136122,0.10377795565235548,0.10268103066449341
1996Q2,0.16469856884293854,0.10440887525265263,0.10300974052488043,0.04509255046616545,0.05176478885095914,0.009935281740963031
1996Q3,-0.14352723211141472,-0.05406654124076227,-0.027115487391999205,-0.023405412905241563,-0.03697832514546928,-0.0063333403963328205
1996Q4,0.06849049068904844,0.07219120601524298,0.0899882617615344,0.09773053216690131,0.12236147390471852,0.1095173960396627
1997Q1,0.06631061545751149,0.10546264257342353,0.09311799201524473,0.12108726987427576,0.1075653186835499,0.12136115100039957
1997Q2,-0.1690782505743803,-0.039464847213758536,-0.010694177691233042,0.007779019025659917,0.013145631331397345,0.020440429462293963
1997Q3,0.2551056760171859,0.22265480863855314,0.22140036938143992,0.2027137164941235,0.19523670605320365,0.1824726472971283
1997Q4,0.05566620027246838,0.0754526148691359,0.0923480865629811,-0.03931935472028525,-0.012001806185383823,0.003524079296568061
1998Q1,-0.061269213713505244,-0.014142094121643578,0.016755633775588086,0.0909202275957226,0.03451322063133033,0.07606777019574995
1998Q2,0.1388910920139872,0.14116289009568472,0.14170360861584363,0.1325165322633548,0.1589191162207979,0.16313120586041707
1998Q3,-0.14172737427045545,-0.1237833416911529,-0.09775554216269444,0.02447823472431998,-0.028837471565500206,-0.03088344439770585
1998Q4,-0.1340343998774255,-0.10932048971111186,-0.1293824607399604,0.005907315100903032,-0.09373851321237148,-0.020469730845808276
1999Q1,0.20595024222253566,0.11993118262338931,0.09508883843825644,0.21527910893599533,0.09477824915061017,0.06454392965422717
1999Q2,-0.009875273774720195,0.03767313514158599,-0.027834363318702926,0.015703951570857688,0.11580697802948192,0.07092049833680991
1999Q3,0.07213066449454741,0.07041880433949821,0.09027120884902828,0.006392938026484218,-0.02375500927397345,-0.026443028180790917
1999Q4,-0.011063824217985685,-0.03767490146192376,-0.0878270741789936,0.04639357748712114,-0.021342707109135883,-0.028558308290524748
2000Q1,0.3554777409413714,0.14577613812068413,0.11620033971336374,0.07408577524566629,-0.05464185662080856,-0.0008885393662774188
2000Q2,-0.054217158029822854,0.036732392740045805,0.06997733163625863,0.053960135231956086,0.04286299974820129,0.08148688242896474
2000Q3,0.015488675783693617,0.04520644264865026,0.05010049890845014,-0.01945404460487088,-0.014657724061095112,0.05500222547392686
2000Q4,-0.07476760091016166,0.03153741376738006,0.04356341364360583,-0.008503212228709867,0.0843965366030166,0.11594618942545365
2001Q1,-0.03549057119860921,0.09156947925233938,0.1269904692422601,-0.07587663735714945,0.06751369590270473,0.08314094341494127
2001Q2,-0.10933353756390218,0.034805951282767866,0.03256441629348594,-0.10993277395909384,0.021821526318699158,0.045435379683277155
2001Q3,0.0006469093812162541,0.04584818001762003,0.0842846247394986,-0.03418992689389022,-0.0015933978188176212,0.03134167961768419
2001Q4,-0.15140417741371182,-0.1093124916286341,-0.11233424701751427,-0.11603694293019351,-0.1261433263819497,-0.19354887208161076
2002Q1,0.10286088472840982,0.14747454025080264,0.2005889753632506,0.07613436677233576,0.0800198879012608,0.12005720926751384
2002Q2,-0.04102202134285349,0.08768677116095058,0.13143522299194643,-0.061015975212063256,0.05003296658959755,-0.07550372668929195
2002Q3,-0.26424470020730106,-0.20195248920321707,-0.1927153937962086,-0.14639388402424725,-0.13837207006065944,-0.2527232301645057
2002Q4,-0.025111215637717565,-0.027201871779534592,-0.07090104991247792,-0.020912088161742948,-0.046384154085442164,0.04190526089915303
2003Q1,0.00818432477147124,0.007809971860275766,0.02490222431107636,-0.038273156076853554,-0.0029136451746715197,-0.04639347161343399
2003Q2,0.0908821249446441,0.07916495224968423,0.06812392751571794,0.07817185522478076,0.06461458871746095,0.04986291190443626
2003Q3,0.2555544512077579,0.19920827206028657,0.21834344435235198,0.08362551697863996,0.11641988109508228,0.10279753343329379
2003Q4,0.11526238103165087,0.10516070083074114,0.18469790925731622,0.060207748127909744,0.08195227244172054,0.07565333490333992
2004Q1,0.08138352017399852,0.10125880154782063,0.154606712038037,0.07051800661059815,0.08637185390342283,0.1182926140750824
2004Q2,-0.016105239588504183,-0.018719057247017057,-0.05535668453552589,-0.009688425969790804,-0.021727403871423134,-0.012345383203466898
2004Q3,-0.057013210836067474,0.0031616639887279696,-0.0029218183548876953,-0.017004472575002927,0.00366621943513179,0.01566927041770705
2004Q4,0.0583203936020007,0.0654799428389432,0.04193184972756869,0.02185751347791509,0.04184913413350477,0.054883904328333566
2005Q1,0.07096086441627825,0.07959557169695008,0.09916065534465557,0.04010444402543367,0.06850203646100961,0.08474194879591868
2005Q2,-0.09576804907235714,-0.06206420798141965,-0.04795057035627526,-0.009453428011386822,-0.031247124986492847,0.010117096913976997
2005Q3,0.18118781504805437,0.18180988939240783,0.17338814834936156,0.07507280873573507,0.0767863068939223,0.11443077108879463
2005Q4,-0.0588238140639642,-0.029400493993696708,-0.032093087332136006,-0.019816958024993836,-0.015997721151494115,0.003509632554420161
2006Q1,0.14339788094132366,0.13861322617113392,0.12123743022043532,0.05206291227511217,0.089274878288093,0.07263290041936044
2006Q2,0.028352026821750087,0.06279833831823756,0.05478573935389486,0.01484758711864309,0.0431838414712955,0.04025934473347248
2006Q3,-0.1375453578685275,-0.0674724928574052,-0.06168567873905684,-0.037495422650768884,-0.01610661200052188,-0.0013929567285289046
2006Q4,0.10726177505227574,0.08810269892486011,0.08621472727923907,0.09356309244079108,0.07472166936045643,0.06770399786607428
2007Q1,0.04513874989886446,0.043207631174428274,0.06599072408272066,0.04204058984607406,0.061165895388283875,0.06497967659901294
2007Q2,0.04430993712378184,0.033668347877934934,0.0020256887148089042,0.036102719954530293,0.03869307266466526,0.030022942159624977
2007Q3,-0.012240413334058231,-0.03436233758769058,-0.06929438299831148,0.0067875893039917035,-0.02484944664037847,-0.0426646690953324
2007Q4,0.0802775426433966,0.05180034604713013,-0.0036669514371115985,0.09831178814108599,0.05703141873037487,0.03948980742232311
2008Q1,-0.15171347286844272,-0.1288658472420675,-0.12341541597342376,-0.10378243390474484,-0.10883522688238612,-0.08642673120276223
2008Q2,-0.020449347600059453,0.018598070437400915,-0.023829709687100076,0.022476575775622676,-0.004810135906018198,-0.0015200100828154373
2008Q3,0.001884165769298063,0.005208972810474943,-0.012979038168222323,-0.05661725585153021,-0.1169062652711671,-0.025909205896249565
2008Q4,-0.2866823988347853,-0.2194718842693052,-0.20764060597616085,-0.22702927533140738,-0.2473506716604682,-0.22689105053995984
2009Q1,-0.14265939837496788,-0.16637192818254598,-0.2406504419379475,-0.09524453550207779,-0.14110184172427853,-0.3085505012411588
2009Q2,0.14428887082584163,0.14068367989546093,0.1181950828812981,0.07321224776508051,0.061189418910652105,0.10631461946784726
2009Q3,0.16958576884384002,0.15726245474708067,0.17115616090422936,0.12533026542631087,0.1372330344633601,0.17339731356812127
2009Q4,-0.004294872676200656,0.022886127735327166,0.05483414690798094,0.04701701420445925,0.0571651926033383,0.06944250385057527
2010Q1,0.06658951755005038,0.06786500831942721,0.09679588424084828,0.041691016457333196,0.058889720845147986,0.011885788764032235
2010Q2,0.1485248722023369,0.19561130785032566,0.2788917815527212,0.0931468528769499,0.1295329655903028,0.14882416069918114
2010Q3,-0.05240181300345503,-0.08369058868592416,-0.14490857340235264,-0.055479229913866,-0.07006879982878367,-0.11308776618541272
2010Q4,0.10917614055420266,0.08487632037357296,0.05082498759296228,0.10304328554538356,0.08860205522388309,0.01273881525941678
2011Q1,0.10516531533524853,0.12846756333723208,0.13346857927803346,0.07604266299523466,0.10936593431414954,0.11446999208987152
2011Q2,0.12530656558033892,0.10427007959124102,0.08099556379954054,0.06614368929855896,0.08716603937164047,0.043856184237858864
2011Q3,-0.0787390615658653,-0.0784984187704707,-0.07883655954044866,-0.02815047884569777,-0.05989341939353565,-0.084801246422882
2011Q4,-0.06734494686060477,-0.0697579804864984,-0.08606053266496227,-0.012325720280577102,-0.026006951806392342,-0.07277037125839014
2012Q1,0.05752124930287916,0.07270573240708567,0.06824186520223674,0.05347193046973309,0.061852926831569954,0.045803122374407756
2012Q2,0.044337600429772195,0.03129102946952966,0.05271585431771153,0.0796345781579948,0.04844336820250206,0.08740533152857721
2012Q3,-0.0442152539924594,-0.03421356395446673,-0.0323999599014011,-0.013974779441457641,-0.003219410441921755,-0.03618389474648165
2012Q4,0.024700889237701196,0.053372550479537484,0.07028833950364843,0.017686192915890686,0.0321515172257385,0.105692336963644
2013Q1,0.10831738946872238,0.11109841479136584,0.11473668353296351,0.054983321282959574,0.07806652037655115,0.12474298883607027
2013Q2,0.054300133880680335,0.0444937515347783,0.058244632918495354,0.07100901111654334,0.06888632805196915,0.07633721095466073
2013Q3,0.12449226533831803,0.13068076957342845,0.13438420790658623,0.05815190379355695,0.06231393776859995,0.11495555056897055
2013Q4,0.06399530984270707,0.058201802856244766,0.05577467786215373,0.06484938731896217,0.04813540985097631,0.015826093345737036
2014Q1,0.06980311787948468,0.028472526747904237,0.025238442847898,0.020990351064503088,0.02019377670315925,0.026751844151094772
2014Q2,-0.059673769893282214,0.02641226864779589,0.03721467716946769,0.048329533989469375,0.06354370079258542,0.06823907691301834
2014Q3,-0.002483112817800226,-0.0056594902661865065,-0.011406672642074511,0.026800256770591835,0.03249714759161493,0.01948615669169551
2014Q4,0.07477030422365427,0.04345662618067214,0.028343643034486776,0.0672686584940303,0.024588879247535722,0.03710712804760141
2015Q1,0.0095492685029821,-0.024862251227595333,-0.030640678370107755,0.006714579124792008,-0.005451475324572352,-0.0433803130253726
2015Q2,0.06379745441888707,0.066510293973711,0.055722418519683625,0.05389162017982585,0.05568628442704071,0.05703975557176788
2015Q3,0.05389488992039548,0.005909431768683415,-0.041981837420280166,0.022802352985282548,0.007626806407101228,-0.004185725071498725
2015Q4,-0.1213645351472955,-0.033633433728513684,-0.02594242896207344,-0.008782221832912107,-0.005955991593701415,-0.04813263540439794
2016Q1,-0.1271367029950653,-0.09186909361197826,-0.101021214440564,-0.05931847714846206,-0.07556839188145537,-0.09901690856477308
2016Q2,0.09769386465150798,0.10102621651351429,0.12984555008446308,0.059801772290516864,0.08833029111268642,0.10791258434648188
2016Q3,0.09755698935691726,0.06403279082050362,0.06222458000432174,0.07216488307592361,0.04695189829854951,0.01695097690410119
2016Q4,-0.039742229486321445,-0.013476791459203774,0.01834744235468544,-0.020370557009029233,-0.020002816168092297,0.046035936812796496
2017Q1,0.10661947525384052,0.15541739084854211,0.19234113932900754,0.06678574589886366,0.07957568490988298,0.16864269133395826
2017Q2,0.07252004716597082,0.026563691174416038,0.002394376084843941,0.07659773769769562,0.029662367317183636,0.004747693003818831
2017Q3,0.0465193627586189,0.01978487813859653,0.0006750980203251711,0.05302962998887106,0.02325637278843562,0.04583574927350087
2017Q4,0.051934855874176566,0.06471778557509245,0.06748929465092823,0.05855955623892939,0.040819446587138764,0.06421611193314347
2018Q1,0.06793273856499238,0.04981686747220171,0.04376902867315424,0.11106166608220414,0.10290190957886214,0.10730724810327863
2018Q2,-0.005646091771384643,-0.017605584941441377,0.003528342129209161,-0.042821712734823714,-0.06713735202170057,-0.06746675479132691
2018Q3,0.12536495094449496,0.10074042350785195,0.07502060137416233,0.08445057163515801,0.058912464752214566,0.029591265476098805
2018Q4,-0.10092377132686903,-0.10886044794044314,-0.09631514535774488,-0.026810162033382823,-0.037852893337721016,-0.06395629141996495
2019Q1,0.0009767439094070518,-0.006760357045612175,-0.02184661124963705,0.005852013868553607,0.0038806076542341472,-0.013506415494755175
2019Q2,0.08136876309770358,0.062093746835206964,0.024402947673770603,0.10911935873153378,0.08073073104353301,0.06570060483434248
2019Q3,-0.0021172764313242,-0.005249258976489535,-0.046683829888598094,0.02053857873960574,0.006125013034939064,0.010856968184188576
2019Q4,-0.02469545860709399,0.0030757516619346337,-0.023348594918564114,0.019001053203571594,0.020388941440947272,0.012294037323452134
2020Q1,0.06958484864741021,0.03236787560789045,-0.0042430818357768185,0.09072383562607556,0.03759529005820794,0.025105567729291733
2020Q2,-0.09768270413813962,-0.1891615840012032,-0.24911574408676107,-0.0327578659449167,-0.17823483265321216,-0.26109641704635334
2020Q3,0.19410430487751507,0.10448724615882199,0.10436695394098772,0.17785072971815064,0.05703051757619204,0.0821337422268753
2020Q4,0.07402314345109007,0.024244556013255814,0.05411566229000564,0.018845230985336858,-0.0036156316702053992,0.008371156767429166
2021Q1,0.46695367240340535,0.33619219351174534,0.43341941351050806,0.14716719768721243,0.1862167771157197,0.2582868356779866
2021Q2,0.05603982333490398,0.14497949194833248,0.1864339285634764,0.08959703374304162,0.16160002451586974,0.25605510223114614
2021Q3,-0.018682059095739167,0.0004185738517534787,0.00808885786983482,0.07010653085642282,0.007940652872392207,-0.01150056128890431
2021Q4,0.011581824034599952,0.01837849834239247,0.07088039343545405,0.05779912739717297,0.005284202218224676,0.09410993354662489
2022Q1,-0.1942875313554917,-0.06590532748706202,-0.003650985657951411,-0.058699020591056805,-0.005039205110210165,0.054333518262933866
2022Q2,-0.11732153676403745,-0.06391996491635621,-0.030340928351424212,-0.10042556562797988,-0.04943422452474422,-0.03852648612131915
2022Q3,0.03836025449609415,0.05055388863687238,0.004963411829116193,0.006450576709508438,-0.005438074496848411,5.297603803899875e-05
2022Q4,-0.02485733463869455,-0.029588654828332395,0.0022289291494774766,-0.08677064044877014,-0.01262496190819995,0.031959027515614524
2023Q1,0.06359470901905429,0.065069611861857,0.04841647399785631,0.04915754319203702,0.06785308320162131,0.04973371474604349
2023Q2,-0.07201287114419597,-0.06792871863882255,-0.13347543402586692,0.06338809089114128,-0.039671348589607636,-0.07128606165241835
2023Q3,0.14053974437032024,0.16293645299157333,0.13002883868763382,0.1464323273977508,0.056992252899087825,0.06390592611428225
2023Q4,-0.21845917250941738,-0.1635983454910669,-0.16684541930219854,-0.07925995199945124,-0.088663030384184,-0.12395010820787333
2024Q1,0.18176447584378397,0.1679469230762034,0.20782484362742148,0.1620292214461434,0.1567817990874285,0.2209955392676788
2024Q2,-0.00951338077651831,0.007963256561335674,-0.0056293054336788995,0.044616477758582684,0.06007899463692867,0.0459034368523199
2024Q3,0.13927021492049385,0.12104270021886365,0.15883162802116524,0.10728697192263836,0.07465736815709145,0.1049985474694275
2024Q4,0.017050409041915682,-0.027869489211186704,-0.034392780082241003,0.04387065871331042,0.013610515863878403,0.03536156256504652
2025Q1,0.08410641953074993,0.04377348501449263,0.05000484494088564,0.0840263908728549,0.026840558381524993,0.08938604287565743
2025Q2,-0.15827987355259832,-0.15869034894228307,-0.1365595934374484,-0.09584403948938391,-0.07143257802919045,-0.03271298102518905
2025Q3,0.1522779599991002,0.11760324263465582,0.12850052987529748,0.17188970311532792,0.0980748057901466,0.07181173865164814
2025Q4,0.10072637459968314,0.11562812932972322,0.0838908497305706,0.09862850782318078,0.04102240963180992,0.11830378428504829
