DATES,FL664090005.Q,FL663020003.Q,FL664004005.Q,FL663069103.Q,FL663061105.Q,FL663061703.Q,FL663062003.Q,FL663063005.Q,FL663069803.Q,FL663064003.Q,FL663067003.Q,FL663090005.Q,FL664190005.Q,FL662150005.Q,FL664104005.Q,FL663163003.Q,FL663168005.Q,FL663170003.Q,FL663167005.Q,FL663167003.Q,FL763067005.Q,FL663178003.Q,FL663190005.Q,FL663192003.Q,FL663194005.Q,FL663193005.Q,tot_asset,tot_liabilities,Leverage,LevFac,LogLev,Z-LevFac,Z-LogLev,No Seasonal-Adj LevFac,No Seasonal-Adj LogLev
1968Q1,13602,1124,2509,0,968,0,454,1087,0,1376,8593,0,13000,-3566,0,0,0,460,15085,5535,9550,201,820,250,0,570,13602,13000,22.59468438538206,0.010282843804204633,3.1177146744267628,-0.1498576602632038,0.5489154566402019,-1.1516439215626724,0.5489154566402019
1968Q2,15112,1274,2305,0,905,0,669,731,0,1019,10514,0,14439,-3770,0,0,0,480,16732,6655,10077,194,803,252,0,551,15112,14439,22.454680534918275,0.037532904123219746,3.1114990795366175,0.052167497804119084,0.5393658860490914,0.014206498849649448,0.5393658860490914
1968Q3,17661,1398,4211,0,2543,0,663,1005,0,1293,10759,0,16925,-3712,0,0,0,500,19115,6865,12250,225,797,262,0,535,17661,16925,23.995923913043477,0.22672286370356343,3.1778839789674946,1.4547747229447776,0.6413589043366964,0.508721819465309,0.6413589043366964
1968Q4,18513,1465,3534,0,1766,0,548,1220,0,1509,12005,0,17690,-4130,0,0,0,510,20329,7675,12654,199,782,255,0,527,18513,17690,22.49453219927096,-0.06327864190013543,3.113272266312107,-0.695224188010528,0.54209019041304,-0.383556287333293,0.54209019041304
1969Q1,14615,1487,1823,0,733,0,345,745,0,1034,10271,0,13739,-4550,0,0,0,520,16783,7133,9650,209,777,256,0,521,14615,13739,16.6837899543379,-0.08894087220454153,2.814437586608955,-0.8854775699448789,0.08296392505399929,-1.9789565215660927,0.08296392505399929
1969Q2,15847,1470,2851,0,1120,0,336,1395,0,1685,9841,0,14953,-4212,0,0,0,540,17721,6586,11135,144,760,260,0,500,15847,14953,17.725950782997764,0.08347249933896332,2.8750297117692942,0.3927522112454016,0.17605698962959876,0.4692645726181657,0.17605698962959876
1969Q3,12890,1427,2087,0,866,0,350,871,0,1160,8216,0,12030,-4141,0,0,0,560,14704,5654,9050,163,744,263,0,481,12890,12030,14.988372093023257,-0.005933632648742582,2.7072747066856797,-0.270082576477998,-0.0816799271694674,-1.086112637693154,-0.0816799271694674
1969Q4,15402,1386,3670,0,1728,0,361,1581,0,1870,8476,0,14553,-4027,0,0,0,580,17200,5655,11545,147,653,196,0,457,15402,14553,18.141342756183747,0.15380146228593664,2.898193463787848,0.9141536206271882,0.21164551960391764,1.3569791368537276,0.21164551960391764
1970Q1,13071,1322,3436,0,2155,0,557,724,0,1015,7298,0,12285,-3816,0,0,0,590,14748,5098,9650,119,644,196,0,448,13071,12285,16.629770992366414,0.10241238838925623,2.8111945223563453,0.533167829940123,0.07798131734561947,-0.5360459875681712,0.07798131734561947
1970Q2,11741,1225,2351,0,620,0,390,1341,0,1633,6532,0,10996,-3565,0,0,0,600,13221,4494,8727,108,632,194,0,438,11741,10996,15.759731543624161,-0.025713414939224025,2.7574580502506523,-0.41672495440269297,-0.004578798421281848,-0.3094800276948309,-0.004578798421281848
1970Q3,13298,1131,3850,0,2007,0,612,1231,0,1522,6795,0,12576,-3601,0,0,0,600,14813,4663,10150,135,629,192,0,437,13298,12576,18.418282548476455,0.264755925211495,2.9133437880695743,1.7367423653269283,0.23492230867457364,1.1183531478021254,0.23492230867457364
1970Q4,16246,1073,6003,0,3398,0,915,1690,0,1982,7188,0,15509,-3536,0,0,0,610,17689,4703,12986,150,596,169,0,427,16246,15509,22.043419267299864,0.11879419044646354,3.0930141114215624,0.6546184289953296,0.5109657874247392,1.2803608868760032,0.5109657874247392
1971Q1,14861,1040,4520,0,1924,0,890,1706,0,1999,7302,0,14097,-3461,0,0,0,620,16189,5339,10850,160,589,174,0,415,14861,14097,19.451570680628272,0.05513574856392495,2.967927821592049,0.18267060087748851,0.31878460833906,-0.7954764154266853,0.31878460833906
1971Q2,14332,1059,3394,0,1477,0,489,1428,0,1720,8159,0,13510,-3493,0,0,0,630,15669,5123,10546,120,584,181,0,403,14332,13510,17.43552311435523,-0.06976721233449906,2.8585096833686645,-0.7433288326346925,0.15067580244362433,-0.6887534366450386,0.15067580244362433
1971Q3,14491,1087,3579,0,1884,0,946,749,0,1040,8785,0,13607,-3530,0,0,0,650,15787,4937,10850,130,570,188,0,382,14491,13607,16.392533936651585,0.040445560656162144,2.7968259834082807,0.07376120767392447,0.055905654532843116,-0.3636122476930926,0.055905654532843116
1971Q4,17610,1097,4642,0,1799,0,1028,1815,0,2107,9764,0,16700,-3659,0,0,0,670,18958,5197,13761,140,591,224,0,367,17610,16700,19.35164835164835,0.09006470199904365,2.962777601979356,0.44162515937187713,0.3108718684291424,1.1869164860270662,0.3108718684291424
1972Q1,17309,1101,3316,250,1397,0,714,955,0,1246,11646,0,16242,-3748,0,0,0,690,18394,5544,12850,150,756,229,0,527,17309,16242,16.22211808809747,0.00334255384638657,2.7863756251246454,-0.20131124089189883,0.039849840745783606,-1.1450111349792809,0.039849840745783606
1972Q2,18628,1106,3303,500,1107,0,767,929,0,1219,13000,0,17428,-4012,0,0,0,710,19683,5235,14448,123,924,232,0,692,18628,17428,15.523333333333333,-0.0038328770458859254,2.742344268326176,-0.2545080978251277,-0.027799444222260317,-0.24337402865655805,-0.027799444222260317
1972Q3,18761,1104,3569,750,1770,0,644,405,0,694,13394,0,17547,-5032,0,0,0,730,20594,5044,15550,151,1104,235,0,869,18761,17547,15.453871499176277,0.08543897837522,2.7378595544241673,0.4073311968874485,-0.03468970858876029,0.02599632445346765,-0.03468970858876029
1972Q4,22935,1081,5958,1000,2012,0,912,2034,0,2411,13485,0,21739,-4457,0,0,0,750,23959,5388,18571,165,1322,285,0,1037,22935,21739,19.176421404682273,0.12244312633393437,2.9536814725206955,0.6816707305614079,0.29689667668859293,1.5266060072854244,0.29689667668859293
1973Q1,18448,1040,3920,1250,1365,0,595,710,0,1087,12401,0,16977,-4549,0,0,0,760,19368,5158,14210,180,1218,260,0,958,18448,16977,12.541128484024473,-0.21770970658861832,2.5290135219074026,-1.840137626327766,-0.3555584211482405,-2.8360647394949496,-0.3555584211482405
1973Q2,17755,975,4587,1500,1430,0,687,970,0,1348,10845,0,16017,-4724,0,0,0,770,18700,4836,13864,144,1127,243,250,634,17755,16017,10.215765247410816,-0.14656258009152717,2.323932139551851,-1.3126705562244088,-0.6706431672329525,-1.3403597416100226,-0.6706431672329525
1973Q3,16902,907,4897,1750,1889,0,718,540,0,917,10181,0,14907,-4444,0,0,0,780,17349,4993,12356,156,1066,236,500,330,16902,14907,8.47218045112782,-0.08641825732814098,2.1367879077804637,-0.8667755317408689,-0.9581694754313032,-1.2181815683755903,-0.9581694754313032
1973Q4,20294,854,7526,2000,2008,0,1130,2388,0,2765,9149,0,18067,-4275,0,0,0,790,20350,5199,15151,153,1049,254,750,45,20294,18067,9.112707678491244,-0.018219388410130682,2.2096698875816605,-0.3611661087936674,-0.846194415403678,0.5529764187272319,-0.846194415403678
1974Q1,16459,818,5287,2250,971,0,590,1476,0,1852,8502,0,13966,-4712,0,0,0,810,16729,4992,11737,140,999,238,1000,-239,16459,13966,6.602085840352989,-0.10379340723282804,1.8873856355205103,-0.9955905642524998,-1.3413483419153305,-2.1386823319943264,-1.3413483419153305
1974Q2,17469,791,6092,2500,827,0,588,2177,0,2553,8033,0,14790,-4170,0,0,0,830,17020,4647,12373,82,1028,302,1250,-524,17469,14790,6.520716685330347,0.04150571193372145,1.874984290960621,0.0816209051174101,-1.3604016292341536,-0.02792748398049214,-1.3604016292341536
1974Q3,17444,771,6822,2750,1723,0,605,1744,0,2119,7732,0,14578,-4080,0,0,0,850,16674,4325,12349,68,1066,365,1500,-799,17444,14578,6.086531751570132,0.028638093651448898,1.80607842057454,-0.013776410961633387,-1.4662678391502908,-0.4128057684398295,-1.4662678391502908
1974Q4,18249,752,7750,3000,2256,0,705,1789,0,2164,7583,0,15289,-5137,0,0,0,870,18287,4184,14103,45,1224,521,1750,-1047,18249,15289,6.165202702702703,-0.07043289580364262,1.818921015670709,-0.7482640440251307,-1.4465366194341602,0.14402058647504665,-1.4465366194341602
1975Q1,17450,740,7625,3250,2713,0,532,1130,0,1504,7581,0,14255,-3520,0,0,0,890,16106,4203,11903,61,718,536,2000,-1818,17450,14255,5.461658841940532,0.08847489997868296,1.697752560818938,0.4298387632795721,-1.6326984806032885,-0.7687902414790164,-1.6326984806032885
1975Q2,18318,730,7695,3500,1813,0,573,1809,0,2184,7709,0,14888,-3221,0,0,0,910,16937,4353,12584,15,247,551,2500,-2804,18318,14888,5.340524781341108,0.02861674316147267,1.6753239218029472,-0.013934698175010772,-1.6671575911681236,-0.09622799321587935,-1.6671575911681236
1975Q3,17269,729,6863,3750,1254,0,587,1272,0,1647,8030,0,13604,-2161,0,0,0,930,14895,4580,10315,52,-112,566,0,-678,17269,13604,4.7118690313778995,-0.025177551364999287,1.5500846512639181,-0.41275219536957874,-1.8595738081078488,-0.7965184373209121,-1.8595738081078488
1975Q4,21486,738,8775,4000,1152,0,631,2992,0,3368,8605,0,17589,-2827,0,0,0,950,19861,4832,15029,80,-475,584,0,-1059,21486,17589,5.513471901462664,0.06712217429458978,1.7071945338877785,0.2715349749210947,-1.618191938601458,1.126691360459705,-1.618191938601458
1976Q1,24301,903,9284,3999,2719,0,1131,1435,0,1302,9959,2853,20651,-2492,0,0,0,970,19153,5311,13842,297,2723,586,0,2137,24301,20651,6.657808219178082,0.36505255885213617,1.8957903341687459,2.4803166190224974,-1.3284354567519827,1.3411564107420686,-1.3284354567519827
1976Q2,25430,1011,8972,3492,2571,0,1262,1647,0,1328,11223,2896,21755,-2571,0,0,0,990,20055,5438,14617,199,3082,629,0,2453,25430,21755,6.919727891156462,0.08216220354645037,1.9343764467692282,0.38303800468958493,-1.2691521841727058,0.3193715111688752,-1.2691521841727058
1976Q3,29444,964,12754,4287,5143,0,1368,1956,0,1292,11645,2789,25838,1392,0,0,0,1010,20345,5557,14788,185,2906,672,0,2234,29444,25838,8.165280088740987,0.24344494333512445,2.099891029415334,1.5787480551587658,-1.014857427391954,1.1839396335610044,-1.014857427391954
1976Q4,34141,1018,16584,7217,5604,0,1672,2091,0,1542,12510,2487,30435,-626,0,0,0,1030,27386,5730,21656,208,2437,760,0,1677,34141,30435,9.212358337830546,0.028111547276647775,2.2205458802282205,-0.017680094599527716,-0.8294846617336965,0.8783793907870997,-0.8294846617336965
1977Q1,27720,1082,8715,3610,1624,0,1590,1891,0,1405,12936,3582,24144,-4942,0,0,0,1050,24840,5907,18933,153,3043,815,0,2228,27720,24144,7.751677852348993,0.0035263341723534014,2.0479093170104345,-0.19994873934260116,-1.0947215499467282,-1.1193631728086537,-1.0947215499467282
1977Q2,30344,1130,10183,3810,1990,0,2129,2254,0,1579,14024,3428,26710,-3730,0,0,0,1070,25492,6177,19315,129,3749,875,0,2874,30344,26710,8.350027517886627,0.10885994616752498,2.1222648344126185,0.5809684169499802,-0.980482563201229,0.5630133602936254,-0.980482563201229
1977Q3,27744,1077,7849,3336,148,0,2213,2152,0,1581,13981,3256,24154,-7562,0,0,0,1090,27069,5190,21879,121,3436,935,0,2501,27744,24154,7.728133704735376,0.0004919301917021418,2.044867398097944,-0.22244505445730256,-1.099395120200369,-0.4706457251368121,-1.099395120200369
1977Q4,29952,1036,11274,6670,350,0,2104,2150,0,1840,14527,1275,26566,-5984,0,0,0,1100,29631,5739,23892,119,1700,979,0,721,29952,26566,8.845835794447726,0.03926410610774361,2.179946816584238,0.06500219800204282,-0.8918606098212873,0.9766317480812022,-0.8918606098212873
1978Q1,31958,1120,9026,6081,-947,0,1714,2178,0,1673,16401,3738,28393,-3902,0,0,0,1120,27617,7567,20050,96,3462,988,0,2474,31958,28393,8.96437587657784,0.17594066996706448,2.1932584868509375,1.0782881905658868,-0.8714087082504531,0.14721567296195046,-0.8714087082504531
1978Q2,33843,1102,8350,5383,-884,0,1972,1879,0,2024,18950,3417,30155,-5830,0,0,0,1140,30838,8938,21900,157,3850,1000,0,2850,33843,30155,9.176518438177874,0.05375854668873856,2.2166478775965457,0.17246036929385436,-0.8354735094551804,0.21585965700517704,-0.8354735094551804
1978Q3,35165,1299,6745,4166,-902,0,1585,1896,0,2282,20731,4108,31251,-6247,0,0,0,1160,31551,10349,21202,235,4552,1001,0,3551,35165,31251,8.984414920797139,0.05268054043193336,2.1954914007860973,0.1644682994826671,-0.867978084211314,-0.08756271198284503,-0.867978084211314
1978Q4,32520,1225,7564,5804,-1605,0,1877,1488,0,1918,17145,4668,28641,-7271,0,0,0,1190,29546,8521,21025,187,4989,985,0,4004,32520,28641,8.383604021655065,-0.15324104430409172,2.12627789622178,-1.362183026009616,-0.9743169398441088,-0.4149012061597194,-0.9743169398441088
1979Q1,31805,1374,7847,4960,-444,0,1755,1576,0,2092,16326,4166,27728,-5585,0,0,0,1240,27699,7887,19812,186,4188,905,0,3283,31805,27728,7.801079224920285,0.0845723104540875,2.0542620862936514,0.40090593684365716,-1.0849612261496766,-0.43398899541526387,-1.0849612261496766
1979Q2,41634,1526,13996,8025,1998,0,1904,2069,0,2237,18958,4917,37417,-2090,0,0,0,1270,33294,10725,22569,185,4758,989,0,3769,41634,37417,9.872895423286696,0.24817355362848814,2.289793166381044,1.613804793777761,-0.7230939044454977,1.660854164300467,-0.7230939044454977
1979Q3,40157,1936,10125,7861,-1551,0,1888,1927,0,2487,20249,5360,35841,-4368,0,0,0,1300,33093,11463,21630,206,5610,1073,0,4537,40157,35841,9.30421686746988,0.013544136539201973,2.230467724002093,-0.1256792484513263,-0.8142408517384879,-0.34754907188577827,-0.8142408517384879
1979Q4,32683,2205,3946,7169,-7023,0,2184,1616,0,2566,17458,6508,28507,-9643,0,0,0,1340,30508,10354,20154,208,6094,1284,0,4810,32683,28507,7.826388888888889,-0.23986111265955193,2.057501214463776,-2.0043626320893515,-1.0799846657944803,-1.1216105887802572,-1.0799846657944803
1980Q1,36918,2647,8109,6144,-246,0,1108,1103,0,2066,18735,5361,32686,-3529,0,0,0,1400,28382,11663,16719,239,6194,1329,0,4865,36918,32686,8.723534971644613,0.24854198282704715,2.16602454243041,1.6165362360646451,-0.9132506363868164,0.7957460152711778,-0.9132506363868164
1980Q2,42098,2711,12163,7913,-137,0,1738,2649,0,2283,18620,6321,37082,-537,0,0,0,1500,29316,12635,16681,373,6430,1371,8675,-3616,42098,37082,8.39274322169059,-0.024388723685890623,2.1273674302910313,-0.40690402348686905,-0.9726429918649327,-0.20676757927198966,-0.9726429918649327
1980Q3,44369,2905,10689,6655,465,0,1718,1851,0,2745,19972,8058,39480,-1137,0,0,0,1600,30915,14808,16107,497,7605,1692,8855,-2942,44369,39480,9.075271016567806,0.14161443039067523,2.2055532437895984,0.8238020024587086,-0.8525191809628175,0.589103266703634,-0.8525191809628175
1980Q4,45358,2997,6554,6750,-4746,0,2509,2041,0,3268,24737,7802,39087,-8726,0,0,0,1700,37160,16236,20924,483,8470,886,8631,-1047,45358,39087,7.232977196619359,-0.2754347922516064,1.9786507351757865,-2.268097029682819,-1.2011296617943643,-1.4889934575194994,-1.2011296617943643
1981Q1,53658,2950,19065,6799,8332,0,1696,2238,0,3053,21807,6783,47072,2704,0,0,0,1800,35470,15884,19586,419,6679,821,9522,-3664,53658,47072,8.14728211357425,0.24381393724475597,2.097684388637927,1.5814836840728481,-1.0182476856448661,0.8673366708279148,-1.0182476856448661
1981Q2,52462,2720,16750,10730,1130,0,2066,2824,0,3384,22179,7429,45540,-1931,0,0,0,1900,37593,14709,22884,374,7604,875,11592,-4863,52462,45540,7.579023403640567,-0.054618021082735176,2.0253843527840325,-0.6310165029957716,-1.1293286534893525,-0.4359249887734616,-1.1293286534893525
1981Q3,47271,3139,14043,8031,1962,0,1766,2284,0,2768,21068,6253,40667,-5005,0,0,0,2000,35277,13300,21977,334,8061,934,14317,-7190,47271,40667,7.157934585099939,0.005897164892435039,1.9682214735901367,-0.18237199105771265,-1.217153062850187,-0.33281886051723725,-1.217153062850187
1981Q4,59758,2844,20949,11572,2958,0,3004,3415,0,3475,23023,9467,52529,-309,0,0,0,2100,40938,14729,26209,324,9476,1072,4203,4201,59758,52529,8.266426891686264,0.08983397818003705,2.1122023590442205,0.4399146304607841,-0.9959424380080926,1.0372637290710556,-0.9959424380080926
1982Q1,55929,3398,21481,9425,6685,0,1873,3498,0,2750,19250,9050,49061,3892,0,0,0,2200,34986,14632,20354,263,7720,1250,4482,1988,55929,49061,8.14341875364007,0.10368867694656662,2.097210086146205,0.5426299153267826,-1.0189763986974847,-0.04557548720420702,-1.0189763986974847
1982Q2,54746,3275,18862,13009,-722,0,2431,4144,0,3274,19099,10236,47941,-182,0,0,0,2300,36869,15378,21491,263,8691,1408,5015,2268,54746,47941,8.044966936076415,0.005212010344637443,2.0850466705634854,-0.18745155617422601,-1.0376641345922992,-0.02630684040871884,-1.0376641345922992
1982Q3,58017,4557,17758,14399,-4991,0,3108,5242,0,3283,20798,11621,50818,-1875,0,0,0,2450,40422,17579,22843,406,9415,1629,5589,2197,58017,50818,8.059035977219057,0.06120691057928691,2.0867939435611054,0.22768068347719403,-1.0349796438673375,0.0684452502984552,-1.0349796438673375
1982Q4,83275,4504,36187,16447,9199,0,4628,5913,0,4921,25791,11872,74904,24344,0,0,0,2600,44053,17838,26215,643,3264,1799,5689,-4224,83275,74904,9.94803488233186,0.14774339370185685,2.297375032401824,0.8692406094648836,-0.7114452101439152,1.4909083115057125,-0.7114452101439152
1983Q1,70559,3952,19159,8315,3492,0,3319,4033,0,5099,26743,15606,61580,2004,46,46,0,2692,44365,21354,23011,649,11824,1936,5588,4300,70559,61580,7.858224746631028,-0.1109684471053327,2.061560721723835,-1.0487845222625893,-1.0737476841651716,-1.5496958355989525,-1.0737476841651716
1983Q2,77507,4013,19032,8954,-871,0,3821,7128,0,7423,32758,14281,67786,796,74,74,0,3221,48663,22345,26318,520,14512,1998,5988,6526,77507,67786,7.9731509104001645,0.030215809161187504,2.076079761022176,-0.0020796212478215253,-1.0514407942945911,0.15543961812055526,-1.0514407942945911
1983Q3,83060,3421,25032,10208,4483,0,3614,6727,0,7470,33781,13356,73115,11214,122,122,0,3083,45674,21581,24093,494,12528,2073,6055,4400,83060,73115,8.351935646053294,0.10030092864268057,2.122493325896672,0.517513993432573,-0.9801315114362733,0.3726878846603815,-0.9801315114362733
1983Q4,90463,3641,25539,11598,-473,0,6472,7942,0,10005,34177,17101,80056,8403,377,377,0,5086,49218,20557,28661,486,16486,2250,6692,7544,90463,80056,8.69251465359854,-0.021665131922036764,2.162462270673384,-0.38671199271108836,-0.9187236709409791,0.3287906164157642,-0.9187236709409791
1984Q1,80859,3726,19493,10641,-2602,0,3696,7758,0,8127,31723,17790,70740,5526,128,128,0,4027,46106,18376,27730,410,14543,2660,7461,4422,80859,70740,7.990809368514675,0.03864186297195232,2.0782920523343615,0.06038904242026152,-1.0480418546231347,-0.5167782550259437,-1.0480418546231347
1984Q2,74790,3525,14695,11596,-7718,0,3370,7447,0,7653,32657,16260,64997,-829,337,337,0,4133,45525,18946,26579,266,15565,2804,5892,6869,74790,64997,7.637087715715307,-0.02809999395626627,2.033016341464919,-0.4344184566376833,-1.1176029512924102,-0.25184989590955204,-1.1176029512924102
1984Q3,89356,3488,27278,13092,491,0,4944,8751,0,9111,30415,19064,78858,10347,515,515,0,4727,45762,18395,27367,431,17076,2847,7785,6444,89356,78858,8.511716517431891,0.15419891795109317,2.141443628171569,0.9171002579057109,-0.9510164786042696,0.7950918341265799,-0.9510164786042696
1984Q4,118406,3904,54122,17301,12140,0,11008,13673,0,8914,31834,19632,108142,25512,1071,1071,0,5465,56028,21573,34455,428,19638,3716,7520,8402,118406,108142,11.536048324240062,0.23027911142506102,2.445476769528277,1.4811398575408568,-0.4839033548023596,2.1274531745171217,-0.4839033548023596
1985Q1,91090,3937,26648,10499,-1600,1220,4511,12018,0,10957,30614,18934,80205,1693,382,382,0,4199,51752,20994,30758,482,21697,3461,8804,9432,91090,80205,8.368396876435462,-0.18876414680675666,2.124462334070208,-1.625542457663233,-0.9771063492627431,-2.1300330277372628,-0.9771063492627431
1985Q2,107893,3751,34157,12618,-3507,2440,5498,17108,0,12039,36878,21068,96226,7700,548,548,0,5280,62982,25030,37952,566,19150,3436,9421,6293,107893,96226,9.247707208365476,0.11151336597782785,2.2243756514337507,0.6006402103449233,-0.8236006440135265,0.7370992774808673,-0.8236006440135265
1985Q3,113608,4200,39456,13928,-3436,3660,6133,19171,0,10615,38968,20369,100972,7994,622,622,0,5699,63865,24919,38946,624,22168,3446,15289,3433,113608,100972,8.990819879708768,0.016761926870062213,2.196204043402873,-0.10182335262543997,-0.8668831880516681,-0.13534599358547378,-0.8668831880516681
1985Q4,156016,6275,58195,14549,-4011,4880,19922,22855,0,14070,50699,26777,141328,23743,1342,1342,0,7998,80489,35051,45438,773,26983,3848,16026,7109,156016,141328,10.622004357298476,0.08854253226677021,2.3629277322146285,0.43034017221339915,-0.6107307740578756,1.1921754111374023,-0.6107307740578756
1986Q1,179853,5531,72666,16125,14590,6100,8541,27310,0,16599,52848,32209,163025,36508,990,990,0,6745,90275,40976,49299,654,27853,3958,17339,6556,179853,163025,10.687722842880913,0.13212650303815046,2.3690956848413784,0.7534608729094449,-0.6012544005083122,0.0985565301813706,-0.6012544005083122
1986Q2,181731,5225,71529,18140,12498,7320,7737,25834,0,16027,52842,36108,163425,35144,1696,1696,0,7294,84369,39027,45342,643,34279,4056,27102,3121,181731,163425,9.927400852179613,-0.05936980583181775,2.295298696784237,-0.6662450512557336,-0.7146352690041577,-0.4461214179528812,-0.7146352690041577
1986Q3,171340,6196,70014,15109,11164,8540,10210,24991,0,16727,55521,22882,152340,33669,1322,1322,0,7077,77487,37033,40454,638,32147,4124,22258,5765,171340,152340,9.017894736842106,-0.04882906112684664,2.1992109073694577,-0.5880985961565821,-0.8622634758255235,-0.5979543067402542,-0.8622634758255235
1986Q4,184585,8450,66254,12599,4120,9760,16595,23180,0,17721,57429,34731,164304,35566,3397,3397,0,7632,83646,44015,39631,932,33131,3624,19387,10120,184585,164304,9.101375671811054,-0.06583164867738542,2.2084255748238486,-0.7141515441955332,-0.8481061636318298,0.11930910458056566,-0.8481061636318298
1987Q1,169052,6775,51374,10042,-6126,10908,12233,24317,0,18314,53567,39022,148340,24017,2952,2952,0,8787,79070,42661,36409,956,32558,4809,19741,8008,169052,148340,8.16203167246041,0.016285828126662877,2.0994931174539593,-0.10535303009275139,-1.0154687748866595,-0.685445241222552,-1.0154687748866595
1987Q2,159247,6312,36325,11354,-17144,12200,8357,21558,0,17614,56889,42107,138975,13669,3340,3340,0,8424,79102,41590,37512,658,33782,5413,20408,7961,159247,138975,7.85551499605367,-0.02281314184422245,2.0612158323914938,-0.3952230522565448,-1.0742775682846364,-0.20418040255267214,-1.0742775682846364
1987Q3,161205,5968,30299,12846,-26607,13420,7971,22669,0,20423,59395,45120,140386,7692,4022,4022,0,8892,82145,41350,40795,550,37085,5754,24073,7258,161205,140386,7.743167299101782,0.031425289322114185,2.0468108156675897,0.006887163332834956,-1.0964092751449324,-0.04157541560772163,-1.0964092751449324
1987Q4,137948,7448,39779,14150,-16685,14640,8286,19388,0,10685,41797,38239,114509,-8805,3248,3248,0,6828,73480,39103,34377,394,39364,3130,36717,-483,137948,114509,5.885404667434617,-0.3341911252377828,1.7724755008689568,-2.703701843764844,-1.5178949898039884,-1.8120800918125002,-1.5178949898039884
1988Q1,146545,9656,42765,14564,-15703,15860,6006,22038,0,11495,40625,42004,122006,-2468,3498,3498,0,8300,78831,40208,38623,459,33386,3774,50925,-21313,146545,122006,5.971922246220302,0.13398615931038843,1.7870688598702011,0.7672479011931072,-1.4954739159716586,0.1559458437606566,-1.4954739159716586
1988Q2,144187,10951,34283,17381,-31253,17080,7375,23700,0,11075,41231,46647,117227,-8358,5327,5327,0,9413,77077,41222,35855,489,33279,2094,52666,-21481,144187,117227,5.348182492581603,-0.09089593720528796,1.676756782176875,-0.8999719347713699,-1.6649561604877356,-0.694842469064494,-1.6649561604877356
1988Q3,137822,10172,33693,14158,-31306,18300,6967,25574,0,11881,42131,39945,112209,-10365,5511,5511,0,9012,74362,38871,35491,507,33182,3921,54261,-25000,137822,112209,5.380939366727834,0.049772466020664624,1.6828629624132894,0.14290856032135074,-1.6555746933489852,0.09813577005159918,-1.6555746933489852
1988Q4,135870,9390,23518,14773,-47396,19520,7480,29141,0,12233,43506,47223,111468,-21885,7517,7517,0,8548,74790,40886,33904,543,41955,4795,60666,-23506,135870,111468,5.567986230636833,-0.02461510098729329,1.7170334500830897,-0.40858232839934716,-1.6030755376120511,0.2892946611592963,-1.6030755376120511
1989Q1,143926,8812,37374,15336,-35659,20740,4891,32066,0,12566,39338,45836,119017,-12631,9649,9649,0,8463,77299,41744,35555,412,35825,4363,56650,-25188,143926,119017,5.778072182745192,0.15017226708385345,1.7540700946529597,0.8872476715843376,-1.5461728504149492,0.30881737256268554,-1.5461728504149492
1989Q2,187100,9731,67678,15736,-8745,21960,7017,31710,0,13423,44641,51627,162229,16159,10865,10865,0,8532,86660,48302,38358,543,39470,4787,64568,-29885,187100,162229,7.522817739536006,0.27195534050008224,2.0179407671858405,1.7901170365989112,-1.1407648952935938,1.853888148095804,-1.1407648952935938
1989Q3,187148,8749,69531,14202,-4995,23180,5786,31358,0,14081,44294,50493,161294,33091,10128,10128,0,8216,83456,44675,38781,703,25700,4718,73031,-52049,187148,161294,7.238647791444264,0.004953540878375719,1.979434419816565,-0.18936778440145913,-1.1999256174622361,-0.2057406511591378,-1.1999256174622361
1989Q4,236560,9758,103686,17811,21506,24400,7097,32872,0,14078,42540,66498,213178,64240,13783,13783,0,8005,91373,53190,38183,606,35171,6266,72591,-43686,236560,213178,10.117184158754597,0.26497475662649844,2.3142353799595945,1.7383647269176408,-0.6855411604046274,2.3370269234847885,-0.6855411604046274
1990Q1,204929,10145,72870,17097,-2986,25620,6162,26977,0,9884,41977,70053,182308,33335,12289,12289,0,6095,88044,51058,36986,645,41900,6325,71142,-35567,204929,182308,9.059236992175412,0.002581867176565139,2.203784899309239,-0.20695078234286376,-0.8552360456785937,-0.6957851951892908,-0.8552360456785937
1990Q2,204116,8726,68025,14484,-11205,27324,6726,30696,0,12863,40022,74480,181352,31513,10825,10825,0,5866,87409,50939,36470,696,45043,6471,72986,-34414,204116,181352,8.966613951853803,-0.0021078003798531975,2.19350811894699,-0.24171880921242234,-0.8710251762852601,-0.013456101172557439,-0.8710251762852601
1990Q3,199477,10879,50423,14150,-33339,31485,7389,30738,0,8971,36722,92482,178129,25467,14312,14312,0,5720,90858,55220,35638,688,41084,6536,65985,-31437,199477,178129,9.344060333520705,0.08143524258858817,2.2347408829914706,0.37764849726459027,-0.80767561797771,0.3373990700667448,-0.80767561797771
1990Q4,262133,10248,106479,18393,7277,44013,7894,28902,0,9555,38809,97042,239240,81024,15289,15289,0,6103,98619,62425,36194,664,37541,3774,61786,-28019,262133,239240,11.450356004018696,0.12832089909897454,2.438020821570935,0.7252470734406359,-0.4953585899971708,1.4411768228144337,-0.4953585899971708
1991Q1,250256,10168,91624,17322,-6815,45290,6636,29191,0,12763,36867,98834,226958,67841,16421,16421,0,5774,95662,59418,36244,568,40692,5179,66768,-31255,250256,226958,10.741522877500215,0.04730882983212739,2.3741168739543004,0.12464377541508379,-0.5935399016175966,-0.37873537449608985,-0.5935399016175966
1991Q2,269760,10594,100863,14620,-5679,49116,9149,33657,0,12424,37562,108317,246455,78508,18154,18154,0,6469,99962,58708,41254,605,42757,5591,64044,-26878,269760,246455,11.57519845526711,0.07984585653477463,2.448864744988786,0.365865185044631,-0.47869810713211974,0.5656858611365883,-0.47869810713211974
1991Q3,308128,9071,124282,14795,8904,54652,8435,37496,0,13757,45059,115959,284793,104088,18212,18212,0,6202,112994,68628,44366,687,42610,5888,65601,-28879,308128,284793,13.204542532676237,0.16553201909247464,2.5805609016560944,1.0011210462150448,-0.2763616024370703,0.9535867975090392,-0.2763616024370703
1991Q4,332510,10191,123988,13958,5669,54029,9448,40884,0,14267,55066,128998,308668,106707,19000,19000,0,6785,133803,87013,46790,850,41523,5770,65641,-29888,332510,308668,13.946397114336046,-0.019546932504440506,2.6352212035358193,-0.3710081899617276,-0.19238212492005313,0.42886019908211664,-0.19238212492005313
1992Q1,322491,9976,108325,13573,-15437,57617,7866,44706,0,12334,51227,140629,297507,82244,19686,19686,0,6002,143376,71756,71620,877,45322,5955,67156,-27789,322491,297507,12.907901056676273,0.032622926273204386,2.557839608888899,0.01576614530640621,-0.3112703429577304,-0.47053782025983104,-0.3112703429577304
1992Q2,343358,10313,135236,16668,-5661,66514,10120,47595,0,12686,56332,128791,316290,100309,23104,23104,0,6432,136998,65079,71919,908,48539,6109,73293,-30863,343358,316290,12.685015516477021,-0.01188019972625847,2.5404214162650827,-0.3141689432503599,-0.3380314596280616,-0.06209954096185103,-0.3380314596280616
1992Q3,395721,10651,145374,16195,-427,62053,9364,58189,0,12072,55840,171784,368506,128715,22706,22706,0,6554,158631,77997,80634,979,50921,6130,84689,-39898,395721,368506,14.540547492191806,0.16427144420203169,2.676941125604986,0.9917754580396039,-0.12828410246257202,0.986442230777133,-0.12828410246257202
1992Q4,381732,10367,122695,15200,-7657,52981,11313,50858,0,14783,53474,180413,352783,106426,21694,21694,0,7389,164223,76230,87993,888,52163,5297,88139,-41273,381732,352783,13.186362223220145,-0.16582361405189416,2.579183130602002,-1.455467063271695,-0.27847839450154405,-0.6093308443199175,-0.27847839450154405
1993Q1,415981,11086,140812,15752,-4995,60300,9904,59851,0,15807,59775,188501,389479,144442,19323,19323,0,8101,166405,86800,79605,1091,50117,9433,81848,-41164,415981,389479,15.696211606671195,0.2744393685956971,2.7534193842988492,1.8085330020237689,-0.01078375969728224,1.2433469419588028,-0.01078375969728224
1993Q2,438845,10872,154700,15267,-1318,65400,14351,61000,0,19213,59048,195012,416080,140474,22754,22754,0,9931,176236,86946,89290,1067,65618,13569,96479,-44430,438845,416080,19.277179881396883,0.20376335277159255,2.9589220067718696,1.2845586290764215,0.3049481750006957,1.4563165439489592,0.3049481750006957
1993Q3,462534,11007,154734,14642,-19674,73800,14216,71750,0,21514,67376,207903,439129,137455,26419,26419,0,10437,188133,99749,88384,1447,75238,17705,98060,-40527,462534,439129,19.762187566759238,0.050786323822844696,2.9837703930119734,0.15042504947202945,0.34312495818379407,0.22579754560338758,0.34312495818379407
1993Q4,478778,12281,137533,14868,-28313,60800,17133,73045,0,24247,76123,228594,460627,126441,33734,33734,0,10069,202926,102269,100657,1401,86056,23690,111515,-49149,478778,460627,26.377499862266543,0.2130658616911999,3.2725113688124834,1.3535251125595773,0.7867433695646304,2.0232912094553885,0.7867433695646304
1994Q1,469867,14913,115219,11372,-44830,58600,13079,76998,0,22252,77033,240450,451483,110125,31258,31258,0,12256,206679,110756,95923,1428,89737,23914,120534,-54711,469867,451483,25.558474760661444,0.06637201088414514,3.2409689548282663,0.26597345029336217,0.7382819568953645,-0.1583061015343005,0.7382819568953645
1994Q2,465580,14181,100804,18676,-53124,55300,12503,67449,0,19739,76103,254753,448617,115195,31324,31324,0,9989,202987,112484,90503,1353,87769,24138,111634,-48003,465580,448617,27.446795967694392,0.0672231736540519,3.3122494386545753,0.2722837590089521,0.84779649638813,0.5420678938901359,0.84779649638813
1994Q3,469482,13459,95331,12164,-45723,50000,12402,66488,0,20178,72568,267946,452789,129051,29419,29419,0,10257,191309,107321,83988,1409,91344,24362,120623,-53641,469482,452789,28.124483316360152,0.048651355366468724,3.3366404893819746,0.13459692524702982,0.885270634395733,0.2226824233193154,0.885270634395733
1994Q4,454724,12022,93329,11207,-42684,45000,15455,64351,0,20126,75051,254196,429118,103394,34255,34255,0,9149,203912,108971,94941,1195,77213,14032,123754,-60573,454724,429118,17.75849410294462,-0.5176032723223579,2.8768639424681557,-4.063473806558341,0.17887508119585108,-3.075205518332499,0.17887508119585108
1995Q1,472668,13990,101106,16822,-29236,45000,10838,57682,0,22013,69850,265709,445727,133034,26870,26870,0,9021,200673,113459,87214,1047,75082,14513,135503,-74934,472668,445727,17.54456033554805,0.08302686955789028,2.86474394947628,0.3894484230736754,0.16025405928478903,-0.02601106919346817,0.16025405928478903
1995Q2,491805,13270,137410,17480,-129,42000,11702,66357,0,23863,68742,248520,465261,140880,26844,26844,0,9330,209106,113128,95978,1072,78029,14994,141808,-78773,491805,465261,18.527915913200722,0.04884900325957745,2.9192785630167672,0.1360622374841224,0.24404043064073166,0.4280040780603922,0.24404043064073166
1995Q3,503170,14788,136112,22130,-8106,46000,9305,66783,0,26753,77352,248165,476030,147065,27368,27368,0,9997,208791,114850,93941,1348,81461,15475,147456,-81470,503170,476030,18.539793662490787,0.024097908757343717,2.9199194307602863,-0.04743621061522997,0.24502505268648364,0.060909015813007984,0.24502505268648364
1995Q4,568105,13749,183429,22065,18274,54000,12723,73814,2553,34176,78593,258158,541796,182392,29300,29300,0,10261,227060,127569,99491,1117,91666,17382,146316,-72032,568105,541796,21.593561138773804,0.09159582450472445,3.0723951748237073,0.45297652016188433,0.4792870834495118,1.0951261137292916,0.4792870834495118
1996Q1,569408,12924,156180,16766,5215,50000,8866,72438,2895,28171,89110,283023,541911,181542,21360,21360,0,11613,237758,140925,96833,1063,88575,18280,161029,-90734,569408,541911,20.708004509582864,0.05160725439402945,3.0305203168097137,0.15651122419840863,0.4149510191362834,-0.22868512470644378,0.4149510191362834
1996Q2,565266,15327,138187,19921,-14080,48200,8802,72107,3237,31923,89851,289978,538395,180398,24649,24649,0,13026,228767,136822,91945,1196,90359,19178,171638,-100457,565266,538395,21.036284470246734,0.009729012453540395,3.0462487786555683,-0.15396362791431045,0.4391160523054683,0.16367755071918147,0.4391160523054683
1996Q3,583126,15300,147063,18072,-3985,46500,7867,75031,3578,29142,86937,304684,555990,177644,26068,26068,0,14461,230827,145158,85669,1079,105911,20076,177415,-91580,583126,555990,21.489018278301888,0.04335184270810833,3.067542026888823,0.09530765872977566,0.4718307611485269,0.20158186735309777,0.4718307611485269
1996Q4,636351,15651,167730,23686,-12836,55200,10830,86930,3920,37899,94411,320660,609450,180875,27281,27281,0,14282,263665,162859,100806,1264,122083,20765,194935,-93617,636351,609450,23.65529162484666,0.034065987975604256,3.1635868372610467,0.026464645240543993,0.6193929354487783,0.7107490991107696,0.6193929354487783
1997Q1,655395,14760,164501,25226,-22758,53807,10056,93380,4790,39279,101354,335501,626605,181380,26567,26567,0,17663,278966,171999,106967,1040,120989,22230,208003,-109244,655395,626605,22.76467523445641,0.05343542092567982,3.125210002682631,0.17006479539077524,0.560431195285982,-0.20485848004040305,0.560431195285982
1997Q2,717430,18078,160152,25935,-28009,53744,11363,91459,5660,44150,110390,384660,688227,206250,35301,35301,0,16356,303930,188656,115274,889,125501,23695,216060,-114254,717430,688227,24.56699654145122,0.06806738046151771,3.2014039381758854,0.2785424979520281,0.6774947070603705,0.575535670509743,0.6774947070603705
1997Q3,748810,18951,164662,24340,-42821,66391,11049,99173,6530,50737,127447,387013,716958,214671,33583,33583,0,23629,304388,192808,111580,1110,139577,25160,228108,-113691,748810,716958,23.509041818410147,-0.0212947765538585,3.1573851053798654,-0.38396627028253705,0.6098646638298573,-0.24328872192215434,0.6098646638298573
1997Q4,779194,21682,182594,24258,-5344,50432,13203,92645,7400,51922,131172,391824,750095,203528,35340,35340,0,19938,337908,215452,122456,1345,152036,29388,250995,-128347,779194,750095,26.777346300560158,0.06612588120343403,3.287556242767526,0.26414870616184094,0.8098581459307396,0.9431991905778059,0.8098581459307396
1998Q1,918109,24927,242690,25079,31929,67883,12381,98163,7255,62800,140059,447633,883936,230309,35082,35082,0,19532,364681,233305,131376,1085,233247,29242,276707,-72702,918109,883936,26.866502794603928,0.09233814839701086,3.2908802613694417,0.45847992455514597,0.8149651309975248,0.07918518899074344,0.8149651309975248
1998Q2,917075,22235,209379,28296,-29276,86937,15294,101105,7023,66679,151513,467269,881302,226463,40084,40084,0,20869,388049,248350,139699,1095,204742,29096,301784,-126138,917075,881302,25.635954490817095,-0.0533930080266457,3.2439958384343313,-0.6219345614002767,0.7429324270720842,-0.2628075728561351,0.7429324270720842
1998Q3,989703,25934,245878,33417,38103,61524,14699,91261,6874,55447,149053,513391,955160,261346,39435,39435,0,21782,424297,277833,146464,793,207507,28950,316239,-137682,989703,955160,28.65133312103755,0.12998912671541815,3.3551999733535096,0.7376148973631803,0.9137852183499995,0.814006223029325,0.9137852183499995
1998Q4,921179,25378,189354,28031,15817,50922,13145,74720,6719,54351,152761,499335,885796,208154,42533,42533,0,18932,419478,276675,142803,1264,195435,29723,326555,-160843,921179,885796,26.03450809710878,-0.15512168003836962,3.259422892528507,-1.3761255907979748,0.7666343807368552,-0.5958379277909328,0.7666343807368552
1999Q1,893755,24459,211300,28801,48120,32874,12390,82383,6732,61035,160646,436315,856890,232670,34756,34756,0,19429,391990,262335,129655,1289,176756,31024,379477,-233745,893755,856890,24.243998372439982,0.017252896102476448,3.1881690969565493,-0.09818342905743728,0.6571608447800964,-0.42879856555414864,0.6571608447800964
1999Q2,900485,27641,158821,28785,-12250,34718,14339,86463,6766,68117,183825,462081,859427,200902,30182,30182,0,31539,403236,270394,132842,1385,192183,32325,399675,-239817,900485,859427,21.932022991865168,-0.10368045114800922,3.0879478058663103,-0.9947531359817717,0.50318197213576,-0.6261094856467079,0.50318197213576
1999Q3,921364,26734,166763,29344,-21843,57294,12844,82332,6792,55535,185837,486495,879537,209567,34623,34623,0,30022,407224,285143,122081,1498,196603,33626,382690,-219713,921364,879537,22.02797236234968,0.022488865450259455,3.0923131167394553,-0.05936525681348861,0.5098887870218675,0.0862779090359354,0.5098887870218675
1999Q4,1001002,28711,154669,25987,-42626,65950,11947,86599,6812,66885,227926,522811,960543,245230,25309,25309,0,30859,448665,323880,124785,2180,208300,38680,360821,-191201,1001002,960543,24.741145357028103,0.05518680439127523,3.208467661649723,0.1830491160613064,0.6883473329379751,0.8477257397739064,0.6883473329379751
2000Q1,1132525,27117,194816,30206,-6509,50284,10842,102574,7419,74383,286471,549738,1085639,285265,36416,36416,0,33766,514583,371239,143344,2423,213186,39459,351371,-177644,1132525,1085639,24.15486499168195,0.06273248213371904,3.1844858087414,0.23899089089761938,0.6515018818908418,-0.10680764660715039,0.6515018818908418
2000Q2,1132907,26969,188155,38226,-24138,55092,9868,101083,8024,74528,270234,573021,1085276,271661,36247,36247,0,39405,509941,359464,150477,1719,226303,40238,368465,-182400,1132907,1085276,23.785076945686633,-0.018361975983961276,3.169058364929953,-0.3622232175414767,0.6277993294688065,-0.04853963621986752,0.6277993294688065
2000Q3,1208607,20781,243331,45430,7847,62613,10836,108109,8496,81519,273873,589103,1159986,317601,42588,42588,0,35912,531938,372945,158993,1772,230175,41017,369161,-180003,1208607,1159986,24.85771580181403,0.06050468378792365,3.2131681993918457,0.22247454900029978,0.6955691866427183,0.35699611845059337,0.6955691866427183
2000Q4,1221388,30329,223617,39210,-3252,63695,11289,103760,8915,77220,235134,655088,1185285,302165,40944,40944,0,35915,587586,412434,175152,2096,216579,53973,373195,-210589,1221388,1185285,33.83065119242168,0.2403637557801862,3.5213672315704585,1.5559048982800596,1.1690827385905675,2.1558289707800915,1.1690827385905675
2001Q1,1211486,30954,317728,44637,61131,75298,12658,114687,9317,78268,195785,588751,1174358,287071,35007,35007,0,35339,603521,412029,191492,1208,212212,55362,419937,-263087,1211486,1174358,32.6299827623357,0.04921169429199777,3.485231582328525,0.1387511384368732,1.113564330555551,-0.18959273707825428,1.113564330555551
2001Q2,1334881,37066,288404,44830,1549,96345,13677,122200,9803,89825,195977,723609,1297625,334223,43913,43913,0,33321,585570,412906,172664,1320,299278,56751,403420,-160893,1334881,1297625,35.829960274855054,0.08816916464112282,3.5787844226044156,0.42757211765845193,1.25729786982304,0.6937751459348619,1.25729786982304
2001Q3,1462638,53727,366367,50792,67409,80443,15997,141662,10064,66595,258064,717885,1426499,402273,47064,47064,0,36136,661856,494787,167069,1447,277723,58140,399429,-179846,1462638,1426499,40.47256426575168,0.13449867153154693,3.7006243190191412,0.7710475391123939,1.4444913263127397,0.8864512808095893,1.4444913263127397
2001Q4,1465640,47120,316043,48160,9816,77780,19010,151023,10254,85080,196359,821038,1424624,353159,42343,42343,0,39211,629505,454329,175176,1890,358516,56065,373641,-71190,1465640,1424624,35.73337234250049,-0.18717523178119588,3.57608505164245,-1.6137626375293865,1.253150586415983,-0.7917503941899008,1.253150586415983
2002Q1,1441358,43054,299565,47646,-1663,71816,13606,158181,9979,86247,191989,820503,1397322,390427,38425,38425,0,36347,586045,427497,158548,1911,344167,55165,412289,-123287,1441358,1397322,32.73135616313925,-0.0023409175467864335,3.4883335225199272,-0.24344708180875968,1.118330116831964,-0.5411722080821857,1.118330116831964
2002Q2,1465244,45690,352644,50808,9925,89951,17419,174895,9646,83728,170555,812627,1420210,438338,42805,42805,0,30582,575068,400494,174574,1632,331785,54265,392777,-115257,1465244,1420210,32.53639472398632,-0.011059005663409439,3.4823593004463285,-0.3080808150624287,1.1091513887412294,0.015850599993569817,1.1091513887412294
2002Q3,1419722,40460,335245,44347,49,88821,20266,172343,9419,69384,149624,825009,1375200,383703,46614,46614,0,31767,576634,401309,175325,1615,334867,53365,369095,-87593,1419722,1375200,31.888100265037508,-0.007271101324568071,3.4622329077529237,-0.27999823602078405,1.0782294237214682,-0.08054633582501171,1.0782294237214682
2002Q4,1335420,44217,344431,43495,-3912,91831,21026,183078,8913,74894,148201,723677,1272708,344176,40624,40624,0,37418,590641,412699,177942,1347,258502,35401,373369,-150268,1335420,1272708,21.294489092996557,-0.45414633565819096,3.058448311211178,-3.593019887926069,0.45785927791417946,-2.6938186207762906,0.45785927791417946
2003Q1,1385505,44176,390925,46693,17481,128110,19208,170490,8943,67679,159526,723199,1321518,341958,50232,50232,0,28501,630345,429641,200704,1634,268848,36119,390235,-157506,1385505,1321518,21.65291387313048,0.09948432713086285,3.0751400353750116,0.5114599132737899,0.4835042565537297,0.17023877290461234,0.4835042565537297
2003Q2,1512117,43579,341147,41865,-63208,139400,22129,191988,8973,87637,248456,791298,1443856,366190,46175,46175,0,35253,715264,515135,200129,1929,279045,36837,384142,-141934,1512117,1443856,22.151990155432824,0.01724861166070516,3.097927341458704,-0.09821519284129468,0.5185144191968061,0.2117585817658187,0.5185144191968061
2003Q3,1560696,43857,374974,46074,8142,85829,24085,201843,9001,86803,227610,827452,1488418,420000,48640,48640,0,32468,704032,503443,200589,1985,281293,37555,389663,-145925,1560696,1488418,21.592960513572596,-0.0123789293676621,3.072367359423056,-0.31786640055716525,0.47924434817851463,-0.11755700911040132,0.47924434817851463
2003Q4,1613023,47162,424065,49356,37778,83726,24858,219299,9048,100537,182500,858759,1540086,490391,46991,46991,0,28218,676292,475360,200932,1751,296443,37447,402858,-143862,1613023,1540086,22.115291278774833,-0.025781359384635043,3.096269282328955,-0.4172286775931469,0.5159669956623544,0.2193507490141544,0.5159669956623544
2004Q1,1703296,52962,405029,49519,11917,93776,25028,214940,9849,113454,200782,931069,1629329,482180,59978,59978,0,34599,740301,512899,227402,1920,310351,38219,424854,-152722,1703296,1629329,23.02778265983479,0.12014413059142458,3.1367014286864636,0.6646265489031183,0.5780864938946654,0.33194569518457495,0.5780864938946654
2004Q2,1652788,53428,325464,49956,-82071,86301,30172,229721,11385,117847,216509,939540,1579135,381874,60596,60596,0,32077,764545,533917,230628,2034,338009,38991,407269,-108251,1652788,1579135,22.440199312994718,-0.03060150644229643,3.1108539626558134,-0.45296404697698167,0.5383747356762568,-0.11951519467497729,0.5383747356762568
2004Q3,1772403,53080,453514,49876,-12771,131898,33582,238203,12726,110251,209852,945706,1696059,484670,68897,68897,0,34236,767061,524341,242720,2333,338862,39763,416884,-117785,1772403,1696059,23.21600911662999,0.04598994937026539,3.1448420888291255,0.11486592425951596,0.5905937132460817,0.28805251322701003,0.5905937132460817
2004Q4,1844886,62881,394898,48015,-44572,107266,31961,237991,14237,129065,264019,994023,1777849,526858,62237,62237,0,36040,774163,578316,195847,2195,376356,49610,429391,-102645,1844886,1777849,27.520414099676298,0.11739262183241259,3.314928060178544,0.6442275484805347,0.8519119005903187,1.2150774621862679,0.8519119005903187
2005Q1,1947066,60832,440012,50399,-26886,108177,36344,256096,15882,134575,266078,1045569,1878063,621703,65026,65026,0,34972,785181,569369,215812,2608,368573,48960,499699,-180086,1947066,1878063,28.21712099473936,0.10215887340989768,3.3399289211897734,0.5312883330444186,0.8903229443093692,0.2268361213188021,0.8903229443093692
2005Q2,2040259,58952,457328,62476,-69113,135931,32413,277761,17860,131123,263518,1129338,1969736,680934,63720,63720,0,35049,800689,583167,217522,1254,388090,48310,522817,-183037,2040259,1969736,28.93040568325227,0.01971724898966884,3.36489314181583,-0.0799133307259008,0.9286776941497361,0.22658654682222928,0.9286776941497361
2005Q3,2117585,57728,431988,63811,-84185,118070,35288,279551,19453,132883,258013,1236973,2043907,706495,70720,70720,0,45227,810175,578366,231809,1794,409496,47660,535534,-173698,2117585,2043907,28.741076033551398,0.005303416202730792,3.358327320226676,-0.18677389591537139,0.9185900391686053,0.01182094390311191,0.9185900391686053
2005Q4,2127050,56460,477193,60246,-64593,101001,42885,315704,21950,158331,232447,1202619,2052605,733568,62361,62361,0,43079,805984,575308,230676,2080,405533,49947,544460,-188874,2127050,2052605,28.572100208207402,-0.05716092218535748,3.3524307245036904,-0.6498689382268363,0.9095305753362425,0.016379348730348367,0.9095305753362425
2006Q1,2288071,62521,497249,66698,-79789,129388,35553,319756,25643,167166,249478,1311657,2200854,816482,71136,71136,0,35902,856024,598590,257434,2566,418744,45101,529678,-156035,2288071,2200854,26.234231858467957,-0.008012175740066407,3.2670651174444663,-0.2854923771044362,0.7783758097710745,-0.5249205967793908,0.7783758097710745
2006Q2,2402562,74653,469989,67615,-148588,155065,37889,327412,30596,166945,243845,1447130,2313502,835019,72769,72769,0,48938,904803,646293,258510,2812,449161,44371,543714,-138924,2402562,2313502,26.976891982932855,0.022128830417510577,3.2949806470695235,-0.062034466846396706,0.8212649178056699,0.2466892682916343,0.8212649178056699
2006Q3,2584491,69778,537319,73995,-110446,160911,38392,340123,34344,172725,254532,1550137,2492012,963028,74011,74011,0,43328,936932,654780,282152,3269,471444,43097,540219,-111872,2584491,2492012,27.946787919419545,0.04606726940065816,3.330302270614898,0.11543915570117151,0.8755326658492206,0.2971355764575404,0.8755326658492206
2006Q4,2741746,80480,583372,64305,-67039,138039,50868,355486,41713,186369,292099,1599426,2669063,1071819,68788,68788,0,48279,957833,655663,302170,2805,519539,61018,582326,-123805,2741746,2669063,37.721970749693874,0.24275524646386712,3.6302427032109876,1.573634814387806,1.3363577976070633,2.099575854894553,1.3363577976070633
2007Q1,3020297,81859,677153,77128,-41484,147783,48412,400261,45053,202062,278962,1780261,2938447,1224547,83652,83652,0,51652,1010014,690136,319878,3548,565034,60590,527180,-22736,3020297,2938447,36.90039095907147,0.05404606316751373,3.6082221460871415,0.17459194483502785,1.30252565950502,-0.09344835996931894,1.30252565950502
2007Q2,3169543,89825,583755,79874,-139335,122627,53953,418032,48604,223084,334032,1938847,3085092,1219196,93615,93615,0,65473,1045474,745313,300161,3483,657851,61084,522939,73828,3169543,3085092,37.5311482398077,0.010902772807470436,3.625171207930908,-0.14526166108341856,1.3285660088828029,0.17199161806756377,1.3285660088828029
2007Q3,3201937,86295,718223,86029,-95338,214645,45124,416966,50797,220624,296520,1880275,3121150,1293738,86273,86273,0,62129,1077998,757822,320176,3469,597543,62657,551875,-16989,3201937,3121150,39.63430997561489,0.06375169704227178,3.6796951566665217,0.2465470963002642,1.412335994951612,0.42793143517482213,1.412335994951612
2007Q4,3092024,104980,803101,87115,-59964,290197,50122,382792,52839,224757,325534,1633652,3020464,1147283,64803,64803,0,45842,1200882,866424,334458,2186,559468,63705,545185,-49422,3092024,3020464,43.208831749580774,0.028486324385586806,3.7660449130030353,-0.014901590486617973,1.545002796478224,0.6447116320150811,1.545002796478224
2008Q1,3244240,122378,864267,107489,-23674,298061,66073,362689,53629,180134,365327,1712134,3178043,1196680,120112,80369,39743,43494,1281724,984530,297194,2043,533990,68995,542094,-77099,3244240,3178043,49.008867471335556,0.19743152696909275,3.8920012505405146,1.237616050101205,1.7385207071482007,0.9144902524536788,1.7385207071482007
2008Q2,2957944,115605,691840,102908,-93297,311194,51803,264958,54274,189631,291465,1669403,2891243,971514,85936,84481,1455,39087,1273438,992080,281358,2617,518651,74678,569224,-125251,2957944,2891243,44.34632164435316,-0.10360827865635411,3.792029766067983,-0.9942180671098485,1.5849256346021792,-0.6244079380084606,1.5849256346021792
2008Q3,3001925,161934,820777,153941,-9173,350042,61946,208208,55813,160646,402323,1456245,2947709,751873,276660,76926,199734,34362,1282851,998551,284300,2538,599425,83683,593063,-77321,3001925,2947709,55.36972480448576,0.2259756942385228,4.014032960703069,1.4492353946823524,1.926008864138434,1.5687095215640314,1.926008864138434
2008Q4,2217183,120078,717424,65701,190624,242649,38741,123788,55921,109172,164838,1105671,2146299,586935,142551,97067,45484,21167,963630,742660,220970,2485,429531,60220,608893,-239582,2217183,2146299,31.279033350262402,-0.6146540992022052,3.4429480120749956,-4.782984457596568,1.048600325320837,-3.8333781792175756,1.048600325320837
2009Q1,1925452,103164,594013,49879,130942,221979,38740,102227,50246,79551,134275,1014449,1847426,418403,102448,82039,20409,47794,882929,666349,216580,2681,393171,58521,1240768,-906118,1925452,1847426,24.677056365826775,-0.16191892715174447,3.2058739198745525,-1.4265186874159654,0.6843623370341437,-1.5582767863115927,0.6843623370341437
2009Q2,2011360,92028,599166,61262,155937,177219,38308,120561,45879,89312,147666,1083188,1913265,481821,102207,97137,5070,54513,851416,657287,194129,4500,418808,61463,1222992,-865647,2011360,1913265,20.50420510729395,-0.18468337239209892,3.0206299922937285,-1.595288612845758,0.3997556349769752,-1.2052377235043903,0.3997556349769752
2009Q3,2060636,81933,533430,49532,105725,141568,41895,152257,42453,108514,173767,1162992,1955290,449031,104052,104025,27,66910,893744,671709,222035,6248,435305,61438,1163006,-789139,2060636,1955290,19.56064777020485,-0.0421790957337121,2.97351978114445,-0.5387974095183726,0.3273760325602482,-0.2643455201134478,0.3273760325602482
2009Q4,2084221,90721,525315,41538,122977,110876,35430,171282,43212,124151,202985,1141049,1998526,470893,92851,92851,0,70062,888196,668571,219625,5719,470805,85244,1107637,-722076,2084221,1998526,24.321383978061732,0.1703944300695152,3.1913559624714947,1.0371697497674341,0.6620571093753965,1.5403260795322984,0.6620571093753965
